pref_id;pref_name;year;month;year_month;date;n_m;n_f;n_total;ln_ratio_mf;;u_rate;n_ei_insured;n_care_need_2to5;n_ltc_facility_users;share_75plus;z_u_rate;z_ln_ei;z_ln_need;z_ln_fac;z_oldshare75;moy;t_index;ln_ei;ln_need;ln_fac
1;Hokkaido;2014;1;201401;2014-01-01;3;16;19;-1.55059741241117;;4.6;1413380;136383;41856;0.136;2.71454935777721;1.12721983880209;1.3866819592516;1.5608933983482;-0.546828414678714;1;0;14.1614945568628;11.823222383193;10.6419904348169
2;Aomori;2014;1;201401;2014-01-01;0;7;7;-2.70805020110221;;4.8;339299;44977;11434;0.147;2.9919431771886;-0.56681859406916;-0.294841257317802;-0.528554402628436;-0.0157924148874103;1;0;12.7346370035237;10.7139065269795;9.34434665182392
3;Iwate;2014;1;201401;2014-01-01;1;7;8;-1.6094379124341;;3.1;355575;41879;12883;0.158;0.634095712191742;-0.51119056190589;-0.403020392748495;-0.336431457998822;0.515243584903895;1;0;12.7814914764384;10.6425397869535;9.46366389179152
4;Miyagi;2014;1;201401;2014-01-01;3;8;11;-0.887303195000903;;4;674364;54464;15915;0.122;1.88236789954302;0.248690407836542;-0.00473045133282475;0.00388689653178093;-1.2226924144131;1;0;13.4215253034621;10.905295211933;9.67501733971619
5;Akita;2014;1;201401;2014-01-01;0;4;4;-2.19722457733622;;4.4;278992;41063;11722;0.178;2.43715553836581;-0.799162024305033;-0.432847237289503;-0.488499343877043;1.48076358452445;1;0;12.5389383865573;10.622862751713;9.36922269703637
6;Yamagata;2014;1;201401;2014-01-01;2;8;10;-1.22377543162212;;3.3;311201;36812;11591;0.166;0.911489531603137;-0.66944782126367;-0.598501499832084;-0.506595391657556;0.901451584752117;1;0;12.6481942846488;10.5135791579587;9.35798421388875
7;Fukushima;2014;1;201401;2014-01-01;4;8;12;-0.635988766719997;;3.4;533085;58752;16914;0.147;1.05018644130883;-0.0304194686858795;0.110146368368468;0.101914406938251;-0.0157924148874103;1;0;13.1864361651049;10.9810804739802;9.73589696034217
8;Ibaraki;2014;1;201401;2014-01-01;2;12;14;-1.6094379124341;;3.6;729025;66167;22268;0.117;1.32758026072023;0.341222397388133;0.290311667922309;0.544730019947642;-1.46407241431824;1;0;13.4994633039556;11.099937128212;10.0109059493034
9;Tochigi;2014;1;201401;2014-01-01;3;4;7;-0.251314428280906;;3.3;526223;44285;12649;0.117;0.911489531603137;-0.0458012691179847;-0.318344393914583;-0.365946894688863;-1.46407241431824;1;0;13.1734803562492;10.6984012982437;9.44533343964754
10;Gunma;2014;1;201401;2014-01-01;1;5;6;-1.29928298413026;;3.4;555598;49302;15294;0.127;1.05018644130883;0.0186901410253449;-0.155668664471857;-0.0602008654051659;-0.981312414507964;1;0;13.2278002901438;10.8057199271592;9.63521587360417
11;Saitama;2014;1;201401;2014-01-01;4;19;23;-1.46633706879343;;3.7;1345500;131510;38965;0.097;1.46627717042593;1.06878534078731;1.33153004444896;1.44565021776341;-2.4295924139388;1;0;14.1122762491491;11.786838173336;10.5704190862777
12;Chiba;2014;1;201401;2014-01-01;2;13;15;-1.68639895357023;;3.2;1070189;122893;33159;0.106;0.77279262189744;0.796987407096624;1.22880468365512;1.18584730190001;-1.99510841410955;1;0;13.8833458263539;11.7190693370565;10.4090694519791
13;Tokyo;2014;1;201401;2014-01-01;52;110;162;-0.74420235136023;;3.7;8961143;276396;68312;0.105;1.46627717042593;3.3199705656805;2.4574080023273;2.34964345924522;-2.04338441409057;1;0;16.0084083437794;12.5295898989909;11.1318407255874
14;Kanagawa;2014;1;201401;2014-01-01;19;27;46;-0.343771539102824;;3.6;1976179;185237;48958;0.101;1.32758026072023;1.52516412221941;1.85077904093567;1.81325403077888;-2.23648841401468;1;0;14.4966757402317;12.1293913652573;10.7987180666786
15;Niigata;2014;1;201401;2014-01-01;3;15;18;-1.48807705542983;;3.6;699558;74673;24725;0.152;1.32758026072023;0.292237220041699;0.473629990742108;0.713258856917459;0.225587585017729;1;0;13.4582039860191;11.2208738600005;10.1155701564909
16;Toyama;2014;1;201401;2014-01-01;1;12;13;-2.12026353620009;;2.9;348622;33464;11685;0.145;0.356701892780346;-0.534636348542813;-0.74304046651083;-0.493589866383664;-0.112344414849466;1;0;12.7617435196579;10.418225513122;9.36606124697296
17;Ishikawa;2014;1;201401;2014-01-01;2;6;8;-0.955511445027436;;3.1;350068;30597;10872;0.129;0.634095712191742;-0.529722101085605;-0.878809844808154;-0.609708895710693;-0.884760414545909;1;0;12.7658827003089;10.3286572439186;9.29394595583098
18;Fukui;2014;1;201401;2014-01-01;1;4;5;-1.09861228866811;;2.5;239552;22788;8106;0.145;-0.198085746042444;-0.980114070622519;-1.32547333041671;-1.08243719042335;-0.112344414849466;1;0;12.3865257912641;10.0339893606003;9.00035980718825
19;Yamanashi;2014;1;201401;2014-01-01;2;0;2;1.6094379124341;;2.9;199801;23171;6490;0.138;0.356701892780346;-1.1955391989782;-1.30020852834786;-1.44044915318941;-0.450276414716659;1;0;12.2050771501891;10.0506567757527;8.77801780969814
20;Nagano;2014;1;201401;2014-01-01;1;11;12;-2.03688192726104;;3.3;583511;60435;19050;0.151;0.911489531603137;0.0768871703020929;0.152957995867943;0.293406448899473;0.177311585036701;1;0;13.2768185822877;11.0093236862936;9.85482238055485
21;Gifu;2014;1;201401;2014-01-01;3;6;9;-0.619039208406224;;2.8;546693;51323;15523;0.129;0.218004983074649;-0.000493001195585208;-0.0947715843963928;-0.0362699589445613;-0.884760414545909;1;0;13.2116426807038;10.8458942737631;9.65007807402644
22;Shizuoka;2014;1;201401;2014-01-01;5;17;22;-1.15745278869104;;2.8;1090859;83368;28686;0.127;0.218004983074649;0.819699750386666;0.640591447864545;0.952523346971843;-0.981312414507964;1;0;13.902476017233;11.3310198216723;10.2641644778542
23;Aichi;2014;1;201401;2014-01-01;16;33;49;-0.708185057924486;;2.8;2608259;137808;39344;0.101;0.218004983074649;1.85464744132419;1.40243785947459;1.46123629966733;-2.23648841401468;1;0;14.7741935069137;11.833616691029;10.580098764456
24;Mie;2014;1;201401;2014-01-01;0;5;5;-2.39789527279837;;2.2;457692;50382;14947;0.131;-0.614176475159537;-0.211456785788062;-0.122821874364645;-0.09715460714091;-0.788208414583853;1;0;13.0339517477911;10.8273892474116;9.61226588978581
25;Shiga;2014;1;201401;2014-01-01;1;3;4;-0.847297860387204;;3.1;352773;30798;8156;0.109;0.634095712191742;-0.520583389700935;-0.868884576672434;-1.07253563443769;-1.85028041416646;1;0;12.7735800695739;10.3352050317884;9.00650913169435
26;Kyoto;2014;1;201401;2014-01-01;4;13;17;-1.09861228866811;;3.9;701477;73329;20686;0.123;1.74367098983732;0.295489582187138;0.446099036430339;0.426069736811063;-1.17441641443208;1;0;13.4609433911019;11.2027114440114;9.93721242193775
27;Osaka;2014;1;201401;2014-01-01;15;51;66;-1.20074178374449;;4.9;3303851;223496;48722;0.111;3.1306400868943;2.13532053654093;2.13538551865383;1.80547342827975;-1.75372841420441;1;0;15.0105993157538;12.3171487957839;10.7938859524443
28;Hyogo;2014;1;201401;2014-01-01;5;22;27;-1.40876721697195;;3.9;1294058;126657;37485;0.121;1.74367098983732;1.02250311200402;1.27453483312698;1.3832990603391;-1.27096841439413;1;0;14.0732935752951;11.7492379243328;10.5316961319372
29;Nara;2014;1;201401;2014-01-01;1;2;3;-0.510825623765991;;3.4;220325;33849;10168;0.125;1.05018644130883;-1.07944756479427;-0.725700663409857;-0.717503025024629;-1.07786441447002;1;0;12.3028590079679;10.4296647358066;9.22700081286929
30;Wakayama;2014;1;201401;2014-01-01;0;0;0;0 ;;3.1;226901;33195;9461;0.152;0.634095712191742;-1.04453042200893;-0.755274607643638;-0.833545018261577;0.225587585017729;1;0;12.3322690779861;10.4101545411533;9.15493336470444
31;Tottori;2014;1;201401;2014-01-01;1;5;6;-1.29928298413026;;2.7;152363;18877;6136;0.156;0.0793080733689514;-1.517350824421;-1.6108868327076;-1.53076362491729;0.41869158494184;1;0;11.9340211106061;9.84569952876873;8.72192834304709
32;Shimane;2014;1;201401;2014-01-01;0;2;2;-1.6094379124341;;2.9;197593;24429;7845;0.177;0.356701892780346;-1.20873254244063;-1.22006794936527;-1.13513558521576;1.43248758454342;1;0;12.1939646385672;10.1035262301352;8.96763166516713
33;Okayama;2014;1;201401;2014-01-01;3;8;11;-0.887303195000903;;3.6;547629;56996;15995;0.139;1.32758026072023;0.00153796858026092;0.0641501655141122;0.0119605503527361;-0.402000414735631;1;0;13.213353329358;10.9507363689157;9.68003145238362
34;Hiroshima;2014;1;201401;2014-01-01;1;18;19;-2.51230562397612;;3.2;932708;72695;21820;0.13;0.77279262189744;0.633742300217557;0.432936324130116;0.512005099780818;-0.836484414564881;1;0;13.745847461927;11.1940278853655;9.99058225938706
35;Yamaguchi;2014;1;201401;2014-01-01;1;4;5;-1.09861228866811;;2.8;375101;41944;13329;0.157;0.218004983074649;-0.447721147517179;-0.400669526685598;-0.28163119441744;0.466967584922867;1;0;12.8349506020222;10.6440906742524;9.49769739160402
36;Tokushima;2014;1;201401;2014-01-01;0;6;6;-2.56494935746154;;4.1;189589;25062;8447;0.157;2.02106480924872;-1.25782631812121;-1.18129053856983;-1.01608654651831;0.466967584922867;1;0;12.1526138502424;10.1291080337252;9.0415666277275
37;Kagawa;2014;1;201401;2014-01-01;0;5;5;-2.39789527279837;;3.1;302163;28702;8991;0.146;0.634095712191742;-0.704438963970461;-0.975724039485499;-0.915590447728131;-0.0640684148684381;1;0;12.6187218858517;10.2647220857309;9.10397935598477
38;Ehime;2014;1;201401;2014-01-01;3;8;11;-0.887303195000903;;3.6;378020;44172;12012;0.152;1.32758026072023;-0.438517835455087;-0.322217185413691;-0.44914844061301;0.225587585017729;1;0;12.8427023832549;10.695846383167;9.39366142910322
39;Kochi;2014;1;201401;2014-01-01;0;8;8;-2.83321334405622;;3.3;189351;25086;8079;0.169;0.911489531603137;-1.25931766681937;-1.17983964585323;-1.08780945625717;1.0462795846952;1;0;12.1513577145412;10.1300652005846;8.99702338147971
40;Fukuoka;2014;1;201401;2014-01-01;2;22;24;-2.19722457733622;;4.8;1551441;114729;35448;0.119;2.9919431771886;1.23787186736916;1.12460534529893;1.293331499301;-1.36752041435619;1;0;14.2546947344324;11.6503281046391;10.4758221128793
41;Saga;2014;1;201401;2014-01-01;0;3;3;-1.94591014905531;;3.7;223003;20566;7019;0.142;1.46627717042593;-1.06510379423732;-1.48098866836056;-1.31427783614012;-0.257172414792549;1;0;12.3149405032666;9.93139450578914;8.85637603673042
42;Nagasaki;2014;1;201401;2014-01-01;0;8;8;-2.83321334405622;;3.8;346184;40701;12075;0.151;1.60497408013163;-0.542968258341065;-0.446269536674107;-0.440725478282704;0.177311585036701;1;0;12.7547257045962;10.6140079411534;9.39889247852077
43;Kumamoto;2014;1;201401;2014-01-01;2;9;11;-1.33500106673234;;4.1;452158;52499;16516;0.15;2.02106480924872;-0.225899451094817;-0.0604304886311985;0.063572540764289;0.129035585055673;1;0;13.0217869552555;10.8685494007793;9.71208488700598
44;Oita;2014;1;201401;2014-01-01;2;1;3;0.510825623765991;;3.6;314765;33031;10454;0.153;1.32758026072023;-0.655928207653959;-0.762782081939328;-0.672837840932089;0.273863584998756;1;0;12.6595816076416;10.4052017934337;9.25473995927287
45;Miyazaki;2014;1;201401;2014-01-01;1;7;8;-1.6094379124341;;3.3;278353;30868;9352;0.15;0.911489531603137;-0.801884409505273;-0.86544321679596;-0.852203630244545;0.129035585055673;1;0;12.5366453713513;10.3374753275775;9.1433455031519
46;Kagoshima;2014;1;201401;2014-01-01;0;7;7;-2.70805020110221;;3.7;432783;51613;16624;0.157;1.46627717042593;-0.277895391610387;-0.0862305690566541;0.0740674532180604;0.466967584922867;1;0;12.9779917266302;10.8515288577231;9.71860271333901
47;Okinawa;2014;1;201401;2014-01-01;4;10;14;-0.847297860387204;;4.8;362983;30706;8635;0.097;2.9919431771886;-0.486709673845861;-0.873419421515273;-0.980642548896703;-2.4295924139388;1;0;12.8021112801944;10.3322133542188;9.06357899058078
1;Hokkaido;2014;2;201402;2014-02-01;5;17;22;-1.15745278869104;;4.6;1407950;136394;42012;0.136;2.71454935777721;1.12264980812847;1.38680421311141;1.5668835089867;-0.546828414678714;2;0;14.1576453037059;11.8233030351542;10.6457105707427
2;Aomori;2014;2;201402;2014-02-01;0;6;6;-2.56494935746154;;4.8;338338;45124;11428;0.147;2.9919431771886;-0.570186028931778;-0.289895124754396;-0.529399570678847;-0.0157924148874103;2;0;12.7318006747982;10.7171695347248;9.34382176335066
3;Iwate;2014;2;201402;2014-02-01;0;5;5;-2.39789527279837;;3.1;355123;41960;12921;0.158;0.634095712191742;-0.512700732592748;-0.400091410717512;-0.331689006384593;0.515243584903895;2;0;12.7802194873209;10.6444720625102;9.46660917372222
4;Miyagi;2014;2;201402;2014-02-01;3;13;16;-1.34992671694902;;4;675589;54600;15949;0.122;1.88236789954302;0.250845124625717;-0.000950072222506094;0.00732314706096859;-1.2226924144131;2;0;13.4233401819597;10.907789161733;9.67715141032275
5;Akita;2014;2;201402;2014-02-01;1;4;5;-1.09861228866811;;4.4;278781;41112;11725;0.178;2.43715553836581;-0.800060275129377;-0.43103950522378;-0.488087303282719;1.48076358452445;2;0;12.5381818063353;10.6240553286721;9.36947859331448
6;Yamagata;2014;2;201402;2014-02-01;2;11;13;-1.52605630349505;;3.3;311276;36934;11629;0.166;0.911489531603137;-0.66916172604992;-0.593486171141746;-0.501325183120172;0.901451584752117;2;0;12.6484352574088;10.5168878150058;9.36125725729304
7;Fukushima;2014;2;201402;2014-02-01;3;11;14;-1.18958406687384;;3.4;532481;58809;17044;0.147;1.05018644130883;-0.0317654197389081;0.111616273347457;0.114242883141147;-0.0157924148874103;2;0;13.185302495178;10.9820501833985;9.7435535146198
8;Ibaraki;2014;2;201402;2014-02-01;2;12;14;-1.6094379124341;;3.6;729562;66293;22315;0.117;1.32758026072023;0.342096605038748;0.293195457502546;0.54812498072527;-1.46407241431824;2;0;13.5001996330525;11.1018395899061;10.0130143770634
9;Tochigi;2014;2;201402;2014-02-01;1;2;3;-0.510825623765991;;3.3;526336;44448;12634;0.117;0.911489531603137;-0.0455463486939932;-0.312775350919059;-0.367857490127681;-1.46407241431824;2;0;13.1736950710546;10.7020752455541;9.44414687145865
10;Gunma;2014;2;201402;2014-02-01;2;4;6;-0.587786664902119;;3.4;556513;49364;15273;0.127;1.05018644130883;0.0206437862120608;-0.153763634259494;-0.0624133108848251;-0.981312414507964;2;0;13.2294458097124;10.8069766925731;9.63384184257045
11;Saitama;2014;2;201402;2014-02-01;5;14;19;-0.969400557188104;;3.7;1347383;131790;38870;0.097;1.46627717042593;1.07044571332731;1.33475396981149;1.44171965330792;-2.4295924139388;2;0;14.1136747505373;11.7889650256379;10.5679780238463
12;Chiba;2014;2;201402;2014-02-01;1;23;24;-2.75153531304195;;3.2;1071334;123273;33412;0.106;0.77279262189744;0.798256973499704;1.23348455070833;1.19808623504832;-1.99510841410955;2;0;13.8844151588888;11.722156687071;10.4166703958758
13;Tokyo;2014;2;201402;2014-02-01;44;128;172;-1.06043971516308;;3.7;8960366;277144;68254;0.105;1.46627717042593;3.31986761740397;2.4615046677444;2.34827575730889;-2.04338441409057;2;0;16.0083216323311;12.532292505687;11.1309913193884
14;Kanagawa;2014;2;201402;2014-02-01;9;21;30;-0.816761136527122;;3.6;1976436;185587;49090;0.101;1.32758026072023;1.52531851295826;1.85364043704284;1.81758955368976;-2.23648841401468;2;0;14.4968057807241;12.1312790537777;10.8014106270521
15;Niigata;2014;2;201402;2014-02-01;2;19;21;-2.05412373369555;;3.6;698238;74825;24959;0.152;1.32758026072023;0.289994872612563;0.476712369462697;0.728426166340806;0.225587585017729;2;0;13.456315297838;11.2229073327209;10.1249897575782
16;Toyama;2014;2;201402;2014-02-01;3;5;8;-0.451985123743057;;2.9;348608;33657;11749;0.145;0.356701892780346;-0.534684027264869;-0.73432325204993;-0.484794768860389;-0.112344414849466;2;0;12.7617033607433;10.4239763372131;9.37152340956757
17;Ishikawa;2014;2;201402;2014-02-01;0;2;2;-1.6094379124341;;3.1;350442;30715;10891;0.129;0.634095712191742;-0.528454361825079;-0.872975196232482;-0.606897376984376;-0.884760414545909;2;0;12.7669504938751;10.332506413598;9.29569203907569
18;Fukui;2014;2;201402;2014-02-01;3;4;7;-0.251314428280906;;2.5;239694;22782;8106;0.145;-0.198085746042444;-0.979410508425509;-1.32587249303915;-1.08243719042335;-0.112344414849466;2;0;12.3871183888201;10.0337260294599;9.00035980718825
19;Yamanashi;2014;2;201402;2014-02-01;1;8;9;-1.73460105538811;;2.9;199864;23223;6522;0.138;0.356701892780346;-1.19516490135287;-1.29681055983449;-1.43252937842619;-0.450276414716659;2;0;12.2053924142253;10.0528984458728;8.78293635634926
20;Nagano;2014;2;201402;2014-02-01;4;7;11;-0.510825623765991;;3.3;583615;60518;19319;0.151;0.911489531603137;0.0770987569375016;0.155038359048576;0.315984421750607;0.177311585036701;2;0;13.2769967978364;11.0106961204296;9.86884434659255
21;Gifu;2014;2;201402;2014-02-01;3;9;12;-0.998528830111127;;2.8;546481;51425;15594;0.129;0.218004983074649;-0.000953490140607181;-0.0917620134872836;-0.0289219882799236;-0.884760414545909;2;0;13.2112548192972;10.8478797145212;9.65464150386955
22;Shizuoka;2014;2;201402;2014-02-01;4;11;15;-0.93826963859293;;2.8;1090969;83482;28715;0.127;0.218004983074649;0.819819464350446;0.642662811515531;0.954150335938046;-0.981312414507964;2;0;13.9025768501127;11.3323863187384;10.2651749132984
23;Aichi;2014;2;201402;2014-02-01;9;24;33;-0.947381318944186;;2.8;2609357;138125;39209;0.101;0.218004983074649;1.85514713386823;1.40592069891191;1.45570181164872;-2.23648841401468;2;0;14.774614388794;11.8359143512542;10.5766615912631
24;Mie;2014;2;201402;2014-02-01;0;6;6;-2.56494935746154;;2.2;457887;50326;14836;0.131;-0.614176475159537;-0.210951064272255;-0.124507657649904;-0.109156854674553;-0.788208414583853;2;0;13.0343777077639;10.8262771211501;9.60481193860948
25;Shiga;2014;2;201402;2014-02-01;1;3;4;-0.847297860387204;;3.1;352923;30812;8016;0.109;0.634095712191742;-0.520078674661628;-0.868195679380941;-1.10041489068864;-1.85028041416646;2;0;12.7740051818099;10.3356595034729;8.98919482332465
26;Kyoto;2014;2;201402;2014-02-01;7;17;24;-0.847297860387204;;3.9;701248;73576;20715;0.123;1.74367098983732;0.29510193593897;0.451196315694481;0.428325498772789;-1.17441641443208;2;0;13.4606168837651;11.2060741645825;9.9386133545115
27;Osaka;2014;2;201402;2014-02-01;15;41;56;-0.984853403311452;;4.9;3305838;224098;48828;0.111;3.1306400868943;2.136034357821;2.13946298269625;1.80897275742335;-1.75372841420441;2;0;15.0112005543476;12.319838735162;10.7960591977897
28;Hyogo;2014;2;201402;2014-02-01;8;22;30;-0.973449145714104;;3.9;1295328;126978;37490;0.121;1.74367098983732;1.02366771954063;1.27837167343548;1.38351382338849;-1.27096841439413;2;0;14.0742745028986;11.7517691220885;10.53182950973
29;Nara;2014;2;201402;2014-02-01;1;4;5;-1.09861228866811;;3.4;220399;33997;10198;0.125;1.05018644130883;-1.07904887266806;-0.71908740033644;-0.712759274288031;-1.07786441447002;2;0;12.3031948190455;10.4340275644112;9.2299469016151
30;Wakayama;2014;2;201402;2014-02-01;2;4;6;-0.587786664902119;;3.1;226674;33244;9407;0.152;0.634095712191742;-1.04571878582655;-0.753038716196921;-0.842761710996874;0.225587585017729;2;0;12.331268140902;10.4116295786729;9.14920937197195
31;Tottori;2014;2;201402;2014-02-01;2;3;5;-0.336472236621213;;2.7;152587;18890;6199;0.156;0.0793080733689514;-1.515606641238;-1.60984329409306;-1.51431569665153;0.41869158494184;2;0;11.9354902041643;9.84638796049556;8.73214326770192
32;Shimane;2014;2;201402;2014-02-01;1;4;5;-1.09861228866811;;2.9;197553;24488;7969;0.177;0.356701892780346;-1.20897290954897;-1.21641141170703;-1.10988363741664;1.43248758454342;2;0;12.1937621817531;10.1059384806252;8.98331429339775
33;Okayama;2014;2;201402;2014-02-01;2;17;19;-1.94591014905531;;3.6;547904;57070;16103;0.139;1.32758026072023;0.00213401471358213;0.0661169338663378;0.0227961625391;-0.402000414735631;2;0;13.2138553681022;10.9520338635308;9.686760869018
34;Hiroshima;2014;2;201402;2014-02-01;4;12;16;-1.02165124753198;;3.2;932823;72922;21681;0.13;0.77279262189744;0.633888675587853;0.437662302965901;0.501714917475596;-0.836484414564881;2;0;13.7459707512212;11.1971456557341;9.98419157995109
35;Yamaguchi;2014;2;201402;2014-02-01;0;2;2;-1.6094379124341;;2.8;375358;41940;13427;0.157;0.218004983074649;-0.446907982276658;-0.400814090135226;-0.269835789291334;0.466967584922867;2;0;12.8356355162148;10.6439953044559;9.50502288407271
36;Tokushima;2014;2;201402;2014-02-01;0;0;0;0 ;;4.1;189697;25099;8449;0.157;2.02106480924872;-1.25715018907922;-1.17905432509642;-1.01570534718878;0.466967584922867;2;0;12.1531833413542;10.1305832836888;9.04180337015285
37;Kagawa;2014;2;201402;2014-02-01;2;6;8;-0.955511445027436;;3.1;302562;28783;9028;0.146;0.634095712191742;-0.702872257375453;-0.971452264055222;-0.908977765085541;-0.0640684148684381;2;0;12.6200414941296;10.2675402140637;9.10808613793743
38;Ehime;2014;2;201402;2014-02-01;1;4;5;-1.09861228866811;;3.6;377833;44228;12023;0.152;1.32758026072023;-0.439105293574013;-0.320296689165912;-0.44767458608411;0.225587585017729;2;0;12.842207578038;10.6971133516623;9.39457676097491
39;Kochi;2014;2;201402;2014-02-01;0;5;5;-2.39789527279837;;3.3;189446;25069;8100;0.169;0.911489531603137;-1.25872215591307;-1.18086721805284;-1.08362947923044;1.0462795846952;2;0;12.1518593024735;10.1293873020441;8.99961934066053
40;Fukuoka;2014;2;201402;2014-02-01;4;15;19;-1.23676262714893;;4.8;1554108;114822;35550;0.119;2.9919431771886;1.23991105586553;1.12583358017796;1.297958082612;-1.36752041435619;2;0;14.2564123055643;11.6511383821381;10.4786954352314
41;Saga;2014;2;201402;2014-02-01;0;1;1;-1.09861228866811;;3.7;223226;20581;7081;0.142;1.46627717042593;-1.06391715215993;-1.47988349414342;-1.30011724422977;-0.257172414792549;2;0;12.3159399901604;9.93212359907246;8.86517041965177
42;Nagasaki;2014;2;201402;2014-02-01;1;9;10;-1.84582669049833;;3.8;346568;40810;12114;0.151;1.60497408013163;-0.541652045520797;-0.442215495282642;-0.435533258110726;0.177311585036701;2;0;12.7558343265542;10.6166824283999;9.40211708754089
43;Kumamoto;2014;2;201402;2014-02-01;0;4;4;-2.19722457733622;;4.1;450721;52737;16534;0.15;2.02106480924872;-0.229678654080043;-0.0535741697486027;0.0653264500019844;0.129035585055673;2;0;13.0186038017801;10.873072575468;9.71317414581262
44;Oita;2014;2;201402;2014-02-01;0;2;2;-1.6094379124341;;3.6;314832;33030;10440;0.153;1.32758026072023;-0.655675519553645;-0.762827973465345;-0.67499564765356;0.273863584998756;2;0;12.6597944422016;10.4051715183848;9.25339986143663
45;Miyazaki;2014;2;201402;2014-02-01;0;8;8;-2.83321334405622;;3.3;278763;30931;9332;0.15;0.911489531603137;-0.800136934631581;-0.862352658818386;-0.85565082907863;0.129035585055673;2;0;12.5381172374403;10.3395141962266;9.14120463314132
46;Kagoshima;2014;2;201402;2014-02-01;2;15;17;-1.82454929205105;;3.7;432637;51739;16666;0.157;1.46627717042593;-0.278295980194193;-0.0825345898609558;0.0781304058295811;0.466967584922867;2;0;12.977654318201;10.853967128147;9.72112599494215
47;Okinawa;2014;2;201402;2014-02-01;4;17;21;-1.35812348415319;;4.8;363768;30788;8658;0.097;2.9919431771886;-0.484144854246808;-0.869376837921182;-0.976359393987034;-2.4295924139388;2;0;12.8042715807796;10.3348802826542;9.06623902800193
1;Hokkaido;2014;3;201403;2014-03-01;2;22;24;-2.19722457733622;;4.6;1394127;136672;41907;0.136;2.71454935777721;1.11093599202469;1.38989063265447;1.56285415653804;-0.546828414678714;3;0;14.1477789708874;11.8253391736412;10.6432081563957
2;Aomori;2014;3;201403;2014-03-01;1;5;6;-1.29928298413026;;4.8;337406;45229;11454;0.147;2.9919431771886;-0.573460993649481;-0.286372028080394;-0.525740375417276;-0.0157924148874103;3;0;12.7290422319827;10.7194937530079;9.3460942929538
3;Iwate;2014;3;201403;2014-03-01;3;3;6;0 ;;3.1;354061;41998;12938;0.158;0.634095712191742;-0.516256542605963;-0.398719268316998;-0.32957189704005;0.515243584903895;3;0;12.7772244936553;10.6453772770841;9.46792399660393
4;Miyagi;2014;3;201403;2014-03-01;0;15;15;-3.43398720448515;;4;674885;54721;15901;0.122;1.88236789954302;0.249607300032077;0.00240544594769399;0.00246983562528366;-1.2226924144131;3;0;13.4222975849696;10.9100028269833;9.6741372793124
5;Akita;2014;3;201403;2014-03-01;1;4;5;-1.09861228866811;;4.4;278987;41068;11811;0.178;2.43715553836581;-0.799183302010169;-0.432662676033482;-0.476320086347895;1.48076358452445;3;0;12.5389204647358;10.6229845084189;9.37678657961185
6;Yamagata;2014;3;201403;2014-03-01;3;10;13;-1.09861228866811;;3.3;311377;37018;11692;0.166;0.911489531603137;-0.668776560062914;-0.590042614809112;-0.492625559410168;0.901451584752117;3;0;12.6487596756671;10.5191595598167;9.36666012623114
7;Fukushima;2014;3;201403;2014-03-01;1;11;12;-2.03688192726104;;3.4;532134;58864;16988;0.147;1.05018644130883;-0.0325393637524395;0.113033252753402;0.108943723810664;-0.0157924148874103;3;0;13.1846506163067;10.9829849773446;9.74026249143316
8;Ibaraki;2014;3;201403;2014-03-01;2;11;13;-1.52605630349505;;3.6;728509;66537;22216;0.117;1.32758026072023;0.34038176975612;0.298764387837516;0.540965533477056;-1.46407241431824;3;0;13.4987552586935;11.1055134628933;10.0085680289866
9;Tochigi;2014;3;201403;2014-03-01;1;7;8;-1.6094379124341;;3.3;525983;44560;12596;0.117;0.911489531603137;-0.046342874674603;-0.308960594151201;-0.372707835966941;-1.46407241431824;3;0;13.1730241718059;10.7045918746012;9.44113458222091
10;Gunma;2014;3;201403;2014-03-01;1;7;8;-1.6094379124341;;3.4;556875;49583;15336;0.127;1.05018644130883;0.0214158171168123;-0.147053675736103;-0.0557850735199871;-0.981312414507964;3;0;13.2300960772072;10.8114033120281;9.63795828472548
11;Saitama;2014;3;201403;2014-03-01;7;18;25;-0.902867711542014;;3.7;1346275;132220;38944;0.097;1.46627717042593;1.06946899358485;1.33969168579068;1.44478218182437;-2.4295924139388;3;0;14.1128520773825;11.7922224808876;10.5698799957873
12;Chiba;2014;3;201403;2014-03-01;5;21;26;-1.36330484289519;;3.2;1072266;123747;33413;0.106;0.77279262189744;0.7992893659677;1.23930189007786;1.19813442617321;-1.99510841410955;3;0;13.885284724161;11.7259944377128;10.4167003247946
13;Tokyo;2014;3;201403;2014-03-01;37;99;136;-0.975816711188182;;3.7;8959471;278284;68161;0.105;1.46627717042593;3.31974902370453;2.46772703061941;2.34608029027789;-2.04338441409057;3;0;16.0082217430296;12.5363974539461;11.1296278327571
14;Kanagawa;2014;3;201403;2014-03-01;10;31;41;-1.09861228866811;;3.6;1982158;186180;48959;0.101;1.32758026072023;1.5287507701993;1.85847616507657;1.81328691957164;-2.23648841401468;3;0;14.4996967081519;12.1344692266705;10.798738492141
15;Niigata;2014;3;201403;2014-03-01;2;9;11;-1.33500106673234;;3.6;698099;74973;24989;0.152;1.32758026072023;0.289758499980232;0.479707622274989;0.730360401330024;0.225587585017729;3;0;13.4561162054979;11.2248833277029;10.1261910070219
16;Toyama;2014;3;201403;2014-03-01;2;6;8;-0.955511445027436;;2.9;348709;33775;11708;0.145;0.356701892780346;-0.534340102253891;-0.729018146210912;-0.490423595360477;-0.112344414849466;3;0;12.7619930424827;10.4274761628284;9.36802764781178
17;Ishikawa;2014;3;201403;2014-03-01;1;4;5;-1.09861228866811;;3.1;350393;30781;10902;0.129;0.634095712191742;-0.52862037896749;-0.869721515937565;-0.605271896594471;-0.884760414545909;3;0;12.7668106606759;10.3346528954941;9.29670153762423
18;Fukui;2014;3;201403;2014-03-01;0;4;4;-2.19722457733622;;2.5;239592;22796;8192;0.145;-0.198085746042444;-0.979915841903614;-1.32494127704166;-1.06544402833624;-0.112344414849466;3;0;12.3866927556844;10.0343403609549;9.01091334727929
19;Yamanashi;2014;3;201403;2014-03-01;0;6;6;-2.56494935746154;;2.9;199811;23287;6536;0.138;0.356701892780346;-1.19547977877742;-1.29263887441511;-1.42907668856816;-0.450276414716659;3;0;12.2051271987362;10.0556505439332;8.78508063653984
20;Nagano;2014;3;201403;2014-03-01;2;12;14;-1.6094379124341;;3.3;583536;60567;19200;0.151;0.911489531603137;0.0769380359169124;0.156265186260893;0.30603542313215;0.177311585036701;3;0;13.2768614254637;11.0115054692783;9.86266555801587
21;Gifu;2014;3;201403;2014-03-01;0;2;2;-1.6094379124341;;2.8;546782;51546;15559;0.129;0.218004983074649;-0.000299735940001291;-0.0881995675468768;-0.032540036771276;-0.884760414545909;3;0;13.2118054644898;10.8502298918661;9.65239452831496
22;Shizuoka;2014;3;201403;2014-03-01;4;14;18;-1.17007125265025;;2.8;1089931;83777;28704;0.127;0.218004983074649;0.818689319085237;0.648009816799662;0.95353339569941;-0.981312414507964;3;0;13.9016249494493;11.3359137857912;10.2647917648585
23;Aichi;2014;3;201403;2014-03-01;21;24;45;-0.130620182417064;;2.8;2607225;138586;39417;0.101;0.218004983074649;1.85417668239849;1.41097141022832;1.46422111724883;-2.23648841401468;3;0;14.7737969952904;11.8392463505351;10.5819524743099
24;Mie;2014;3;201403;2014-03-01;1;8;9;-1.73460105538811;;2.2;457568;50248;15029;0.131;-0.614176475159537;-0.211778484884625;-0.126858841606009;-0.0883451877321978;-0.788208414583853;3;0;13.0336807865326;10.8247260241342;9.61773694693409
25;Shiga;2014;3;201403;2014-03-01;1;4;5;-1.09861228866811;;3.1;353042;30784;8054;0.109;0.634095712191742;-0.519678419970018;-0.869573787190601;-1.09279980910307;-1.85028041416646;3;0;12.7743423090078;10.3347503534654;8.9939241414114
26;Kyoto;2014;3;201403;2014-03-01;0;6;6;-2.56494935746154;;3.9;700148;73912;20574;0.123;1.74367098983732;0.2932381134963;0.458102862910463;0.417328036834694;-1.17441641443208;3;0;13.4590470202491;11.2106304753506;9.93178342169097
27;Osaka;2014;3;201403;2014-03-01;6;45;51;-1.94591014905531;;4.9;3302283;224506;48907;0.111;3.1306400868943;2.13475693610051;2.14222022405343;1.8115758109574;-1.75372841420441;3;0;15.0101246054226;12.3216577118652;10.7976758145023
28;Hyogo;2014;3;201403;2014-03-01;6;16;22;-0.931558204004943;;3.9;1293927;127089;37419;0.121;1.74367098983732;1.02238291817319;1.27969617473828;1.38046150023846;-1.27096841439413;3;0;14.0731923382322;11.7526429074055;10.5299338757938
29;Nara;2014;3;201403;2014-03-01;1;5;6;-1.29928298413026;;3.4;219867;34160;10120;0.125;1.05018644130883;-1.08191812888833;-0.711837106479788;-0.725122215709889;-1.07786441447002;3;0;12.3007780970687;10.4388106479025;9.22226894284146
30;Wakayama;2014;3;201403;2014-03-01;2;2;4;0 ;;3.1;226135;33360;9410;0.152;0.634095712191742;-1.04854526998746;-0.74775869386851;-0.842248286123393;0.225587585017729;3;0;12.3288874450476;10.4151128564727;9.14952823257943
31;Tottori;2014;3;201403;2014-03-01;1;4;5;-1.09861228866811;;2.7;152612;18901;6154;0.156;0.0793080733689514;-1.51541213678909;-1.60896086065546;-1.52604704753551;0.41869158494184;3;0;11.9356540317001;9.84697010970096;8.72485755588199
32;Shimane;2014;3;201403;2014-03-01;1;2;3;-0.510825623765991;;2.9;197071;24562;7945;0.177;0.356701892780346;-1.2118731659628;-1.21183768005367;-1.11474030354045;1.43248758454342;3;0;12.1913193488808;10.1089558121703;8.98029807897082
33;Okayama;2014;3;201403;2014-03-01;1;5;6;-1.29928298413026;;3.6;547982;57343;16122;0.139;1.32758026072023;0.00230302061145848;0.0733507212679088;0.0246949080343803;-0.402000414735631;3;0;13.2139977186754;10.9568060575665;9.68794007784355
34;Hiroshima;2014;3;201403;2014-03-01;9;8;17;0.111225635110224;;3.2;931186;73138;21884;0.13;0.77279262189744;0.631803352160962;0.442145629947596;0.516721005653474;-0.836484414564881;3;0;13.744214321482;11.2001033465113;9.99351105518372
35;Yamaguchi;2014;3;201403;2014-03-01;0;7;7;-2.70805020110221;;2.8;375183;41823;13435;0.157;0.218004983074649;-0.44746163350919;-0.405048682047729;-0.268876702993663;0.466967584922867;3;0;12.8351691859193;10.6412017064212;9.50561852104959
36;Tokushima;2014;3;201403;2014-03-01;0;2;2;-1.6094379124341;;4.1;189499;25199;8429;0.157;2.02106480924872;-1.25839005327354;-1.17302696000372;-1.01952140765579;0.466967584922867;3;0;12.1521390264458;10.1345595901725;9.03943341999748
37;Kagawa;2014;3;201403;2014-03-01;1;4;5;-1.09861228866811;;3.1;302792;28833;9008;0.146;0.634095712191742;-0.701970081776653;-0.968821362169518;-0.912548815474511;-0.0640684148684381;3;0;12.6208013801172;10.2692758434914;9.10586835037947
38;Ehime;2014;3;201403;2014-03-01;1;6;7;-1.46633706879343;;3.6;377601;44285;12019;0.152;1.32758026072023;-0.439834522869397;-0.318344393914583;-0.448210377108236;0.225587585017729;3;0;12.8415933615551;10.6984012982437;9.39424400995279
39;Kochi;2014;3;201403;2014-03-01;1;3;4;-0.847297860387204;;3.3;188417;25065;8126;0.169;0.911489531603137;-1.26518843903674;-1.18110910101501;-1.07846925849817;1.0462795846952;3;0;12.1464128705992;10.1292277296976;9.00282407654767
40;Fukuoka;2014;3;201403;2014-03-01;7;19;26;-0.955511445027436;;4.8;1553763;115173;35580;0.119;2.9919431771886;1.23964746597551;1.13046023076244;1.29931631631581;-1.36752041435619;3;0;14.2561902886264;11.6541906247738;10.4795389612198
41;Saga;2014;3;201403;2014-03-01;0;3;3;-1.94591014905531;;3.7;223060;20600;7013;0.142;1.46627717042593;-1.06480036928442;-1.47848476254426;-1.31565484816282;-0.257172414792549;3;0;12.3151960725485;9.93304635477767;8.85552084853691
42;Nagasaki;2014;3;201403;2014-03-01;2;6;8;-0.955511445027436;;3.8;346333;40841;12097;0.151;1.60497408013163;-0.542457367082153;-0.441064488588147;-0.437794475394224;0.177311585036701;3;0;12.7551560189489;10.6174417577771;9.40071276695985
43;Kumamoto;2014;3;201403;2014-03-01;1;7;8;-1.6094379124341;;4.1;450490;52567;16556;0.15;2.02106480924872;-0.230287290787425;-0.0584683738121601;0.0674675256350038;0.129035585055673;3;0;13.0180911582259;10.869843825417;9.71450385286862
44;Oita;2014;3;201403;2014-03-01;1;4;5;-1.09861228866811;;3.6;314722;33115;10396;0.153;1.32758026072023;-0.656090408952493;-0.758932145355322;-0.681796212788081;0.273863584998756;3;0;12.6594449884578;10.4077416309191;9.24917639576138
45;Miyazaki;2014;3;201403;2014-03-01;0;12;12;-3.2188758248682;;3.3;278408;30867;9307;0.15;0.911489531603137;-0.801649842717375;-0.865492324111098;-0.85997023174504;0.129035585055673;3;0;12.5368429426617;10.3374429310439;9.13852208418571
46;Kagoshima;2014;3;201403;2014-03-01;1;12;13;-2.12026353620009;;3.7;432206;51805;16751;0.157;1.46627717042593;-0.279479328702258;-0.0806021913280544;0.0863218115098175;0.466967584922867;3;0;12.9766576054204;10.8552419486859;9.72621323696369
47;Okinawa;2014;3;201403;2014-03-01;3;16;19;-1.55059741241117;;4.8;363590;30906;8590;0.097;2.9919431771886;-0.484725945618874;-0.863578316703255;-0.989055731255252;-2.4295924139388;3;0;12.803782138157;10.3387056187936;9.0583540149783
1;Hokkaido;2014;4;201404;2014-04-01;2;15;17;-1.82454929205105;;4.1;1405450;136820;41557;0.14;2.02106480924872;1.12053981385842;1.39153120268423;1.54934969019159;-0.353724414754603;4;0;14.1558680941673;11.826421472315;10.6348212578146
2;Aomori;2014;4;201404;2014-04-01;2;6;8;-0.955511445027436;;4.1;340368;45446;11617;0.149;2.02106480924872;-0.563083904442873;-0.279116807152951;-0.502987596717449;0.0807595850746452;4;0;12.7377826642119;10.7242800869317;9.36022482151347
3;Iwate;2014;4;201404;2014-04-01;2;5;7;-0.78845736036427;;3.3;354463;42146;12881;0.16;0.911489531603137;-0.514909305083749;-0.393386942809775;-0.336681448056829;0.611795584865951;4;0;12.7783592471517;10.6488950597572;9.46350863639609
4;Miyagi;2014;4;201404;2014-04-01;1;7;8;-1.6094379124341;;3.8;670403;54843;15882;0.125;1.60497408013163;0.241696310190738;0.00578119204174559;0.000544684639409253;-1.07786441447002;4;0;13.4156343030803;10.9122298367752;9.67294167145516
5;Akita;2014;4;201404;2014-04-01;0;10;10;-3.04452243772342;;3.2;278759;41132;11690;0.18;0.77279262189744;-0.800153970748734;-0.430302274505516;-0.492901016764428;1.5773155844865;4;0;12.5381028882308;10.6245416863491;9.36648905446611
6;Yamagata;2014;4;201404;2014-04-01;1;10;11;-1.94591014905531;;3;311509;37209;11617;0.167;0.495398802486044;-0.668273363108374;-0.582241618714846;-0.502987596717449;0.949727584733145;4;0;12.6491835092481;10.5243059464834;9.36022482151347
7;Fukushima;2014;4;201404;2014-04-01;2;5;7;-0.78845736036427;;3.4;534571;58896;16972;0.148;1.05018644130883;-0.027114553026471;0.113857068018215;0.107426469554323;0.0324835850936174;4;0;13.1892198350502;10.9835284556188;9.73932020632222
8;Ibaraki;2014;4;201404;2014-04-01;1;8;9;-1.73460105538811;;3.6;729680;66795;22388;0.12;1.32758026072023;0.3422886165754;0.304630677415343;0.553383852818575;-1.31924441437516;4;0;13.500361360854;11.1093835064239;10.0162803800113
9;Tochigi;2014;4;201404;2014-04-01;0;7;7;-2.70805020110221;;3.4;527612;44796;12489;0.119;1.05018644130883;-0.0426715705222909;-0.300953647475371;-0.386444407039846;-1.36752041435619;4;0;13.1761164440701;10.7098741287026;9.43260353586309
10;Gunma;2014;4;201404;2014-04-01;2;5;7;-0.78845736036427;;2.8;561345;49632;15321;0.129;0.218004983074649;0.0309077621995889;-0.145556418497053;-0.0573607522448062;-0.884760414545909;4;0;13.2380909687483;10.8123910659763;9.63697971531575
11;Saitama;2014;4;201404;2014-04-01;11;20;31;-0.578077850775158;;3.7;1352614;132661;38805;0.101;1.46627717042593;1.07504610297906;1.34473906374285;1.43902478077862;-2.23648841401468;4;0;14.1175495745056;11.7955522811184;10.5663043832882
12;Chiba;2014;4;201404;2014-04-01;2;16;18;-1.88706964903238;;3.4;1076969;124495;33301;0.111;1.05018644130883;0.804485309271982;1.24843682154675;1.19272803480141;-1.75372841420441;4;0;13.889661172066;11.7320208334379;10.4133427055477
13;Tokyo;2014;4;201404;2014-04-01;41;117;158;-1.04074490634756;;3.8;9013811;279172;68116;0.107;1.60497408013163;3.32692806092512;2.47255628832901;2.34501689189296;-1.94683241412852;4;0;16.0142685146288;12.5395833583084;11.1289674131465
14;Kanagawa;2014;4;201404;2014-04-01;7;25;32;-1.22377543162212;;3.4;1987534;186811;49084;0.105;1.05018644130883;1.53196646889529;1.86360488595179;1.81739273751084;-2.04338441409057;4;0;14.5024052322825;12.1378526895528;10.8012883950964
15;Niigata;2014;4;201404;2014-04-01;4;13;17;-1.09861228866811;;3.3;699279;74985;24895;0.154;0.911489531603137;0.291763622178793;0.479950221411258;0.724292016299648;0.322139584979784;4;0;13.457805083211;11.2250433725158;10.1224222590763
16;Toyama;2014;4;201404;2014-04-01;2;8;10;-1.22377543162212;;3;351113;33848;11631;0.147;0.495398802486044;-0.526183275906935;-0.725745445898005;-0.501048280976686;-0.0157924148874103;4;0;12.7688633879592;10.4296351923999;9.36142922633904
17;Ishikawa;2014;4;201404;2014-04-01;1;3;4;-0.847297860387204;;2.9;350603;30881;10857;0.131;0.356701892780346;-0.527909040321424;-0.864804966429463;-0.611931988650325;-0.788208414583853;4;0;12.7674098081925;10.3378963870341;9.29256531223185
18;Fukui;2014;4;201404;2014-04-01;1;4;5;-1.09861228866811;;2.2;240970;22888;8062;0.146;-0.614176475159537;-0.973106994241864;-1.3188360483788;-1.09120121283337;-0.0640684148684381;4;0;12.3924277233965;10.0383680347299;8.99491694367711
19;Yamanashi;2014;4;201404;2014-04-01;0;3;3;-1.94591014905531;;2.9;199905;23329;6517;0.14;0.356701892780346;-1.1949213742061;-1.28990743202089;-1.43376427837198;-0.353724414754603;4;0;12.2055975326819;10.0574525008306;8.78216942633238
20;Nagano;2014;4;201404;2014-04-01;3;7;10;-0.762140052046897;;3;586830;60592;19057;0.153;0.495398802486044;0.0836211008522118;0.156890736187624;0.293998009602209;0.273863584998756;4;0;13.2824904486885;11.0119181501416;9.85518976712838
21;Gifu;2014;4;201404;2014-04-01;1;4;5;-1.09861228866811;;2.9;550231;51660;15646;0.132;0.356701892780346;0.00716570539848041;-0.0848508561158849;-0.0235615691205109;-0.739932414602825;4;0;13.2180934690333;10.8524390666498;9.65797057224503
22;Shizuoka;2014;4;201404;2014-04-01;2;13;15;-1.68639895357023;;2.9;1094596;83927;28752;0.13;0.356701892780346;0.823760014538054;0.650721416619884;0.956223765515619;-0.836484414564881;4;0;13.9058959033823;11.3377026523656;10.2664626090233
23;Aichi;2014;4;201404;2014-04-01;7;16;23;-0.78845736036427;;2.8;2622513;139118;39355;0.104;0.218004983074649;1.86111804313879;1.41677915698798;1.46168642090596;-2.0916604140716;4;0;14.7796435763423;11.8430777728466;10.5803783105766
24;Mie;2014;4;201404;2014-04-01;2;3;5;-0.336472236621213;;2.5;460608;50223;14927;0.133;-0.198085746042444;-0.203916687083074;-0.127613198625064;-0.0993105771495638;-0.691656414621798;4;0;13.0403026348675;10.8242283680839;9.61092693263324
25;Shiga;2014;4;201404;2014-04-01;1;7;8;-1.6094379124341;;2.8;353596;30967;8016;0.11;0.218004983074649;-0.517816823693923;-0.860589450703395;-1.10041489068864;-1.80200441418544;4;0;12.7759102974644;10.3406774003385;8.98919482332465
26;Kyoto;2014;4;201404;2014-04-01;2;9;11;-1.33500106673234;;3.6;702578;74042;20544;0.126;1.32758026072023;0.297351566096475;0.460766618634593;0.414978429004379;-1.02958841448899;4;0;13.4625117060549;11.2123877787483;9.93032420648969
27;Osaka;2014;4;201404;2014-04-01;21;44;65;-0.727436254038577;;4.8;3318258;224961;48664;0.115;2.9919431771886;2.14048649075229;2.14528918510427;1.80355547710103;-1.5606244142803;4;0;15.0149505043949;12.3236823328293;10.7926948160005
28;Hyogo;2014;4;201404;2014-04-01;4;19;23;-1.46633706879343;;4;1297268;127532;37465;0.124;1.88236789954302;1.02544452385635;1.28497075114547;1.38243972158066;-1.12614041445105;4;0;14.0757710726396;11.7561225924825;10.5311624427984
29;Nara;2014;4;201404;2014-04-01;3;3;6;0 ;;3.5;219200;34322;10173;0.129;1.18888335101453;-1.08552531048862;-0.704665490401157;-0.716711428744785;-0.884760414545909;4;0;12.297739834056;10.4435418269622;9.22749243079375
30;Wakayama;2014;4;201404;2014-04-01;1;1;2;0 ;;2.7;227603;33412;9346;0.154;0.0793080733689514;-1.04086290291269;-0.745397744412694;-0.853237015215558;0.322139584979784;4;0;12.3353581621668;10.4166703958758;9.14270372326037
31;Tottori;2014;4;201404;2014-04-01;1;6;7;-1.46633706879343;;3.2;152539;18917;6134;0.157;0.77279262189744;-1.515980179128;-1.60767823744713;-1.53128854292044;0.466967584922867;4;0;11.9351755800392;9.84781626766566;8.7216023446742
32;Shimane;2014;4;201404;2014-04-01;0;6;6;-2.56494935746154;;2.5;197079;24647;7910;0.176;-0.198085746042444;-1.21182497106183;-1.20660104316252;-1.12184930387568;1.38421158456239;4;0;12.1913599425634;10.1124104682104;8.9758830607617
33;Okayama;2014;4;201404;2014-04-01;2;4;6;-0.587786664902119;;3.6;551037;57500;15987;0.141;1.32758026072023;0.00890356519128012;0.077495229789958;0.0111550042360551;-0.305448414773577;4;0;13.2195572365158;10.9595402267854;9.67953117096489
34;Hiroshima;2014;4;201404;2014-04-01;4;14;18;-1.17007125265025;;3.3;931909;73206;21516;0.132;0.911489531603137;0.632724811030762;0.443554307731644;0.489413971780882;-0.739932414602825;4;0;13.7449904494157;11.2010326638034;9.97655212339313
35;Yamaguchi;2014;4;201404;2014-04-01;0;6;6;-2.56494935746154;;3.2;375477;41896;13416;0.159;0.77279262189744;-0.446531646859354;-0.402405198688148;-0.271155466418024;0.563519584884923;4;0;12.8359524966459;10.6429456359593;9.50420330350305
36;Tokushima;2014;4;201404;2014-04-01;0;3;3;-1.94591014905531;;3.8;189569;25286;8416;0.158;1.60497408013163;-1.25795156946914;-1.16780257751822;-1.02200670556507;0.515243584903895;4;0;12.1525083533254;10.1380061618718;9.03788993497749
37;Kagawa;2014;4;201404;2014-04-01;1;6;7;-1.46633706879343;;3.2;302111;28922;8966;0.148;0.77279262189744;-0.70464329864595;-0.964149624961246;-0.920073899865801;0.0324835850936174;4;0;12.6185497784961;10.2723578301747;9.10119492471538
38;Ehime;2014;4;201404;2014-04-01;0;6;6;-2.56494935746154;;3.1;380109;44422;11983;0.154;0.634095712191742;-0.4319749537919;-0.313662294149014;-0.453040536098508;0.322139584979784;4;0;12.8482133326765;10.7014901211985;9.39124425768252
39;Kochi;2014;4;201404;2014-04-01;0;6;6;-2.56494935746154;;3.3;187960;25101;8085;0.171;0.911489531603137;-1.26807158064213;-1.17893354262226;-1.08661406944622;1.14283158465726;4;0;12.1439844532168;10.1306629649637;8.99776577201121
40;Fukuoka;2014;4;201404;2014-04-01;8;21;29;-0.927986771637346;;4.6;1545039;115495;35553;0.122;2.71454935777721;1.23296255523519;1.1346922384369;1.29809395755072;-1.2226924144131;4;0;14.2505597107138;11.6569825179637;10.4787798198566
41;Saga;2014;4;201404;2014-04-01;2;2;4;0 ;;3.4;221582;20635;6970;0.143;1.05018644130883;-1.07269329811332;-1.47591152551315;-1.32555804698297;-0.208896414811521;4;0;12.3085480031193;9.93474394218668;8.84937050375457
42;Nagasaki;2014;4;201404;2014-04-01;2;7;9;-1.09861228866811;;3.9;346268;40888;12058;0.153;1.74367098983732;-0.542680212074714;-0.439321079267077;-0.442994004023764;0.273863584998756;4;0;12.7549683206921;10.6185919004481;9.39748361904935
43;Kumamoto;2014;4;201404;2014-04-01;1;4;5;-1.09861228866811;;4.2;446313;52643;16559;0.152;2.15976171895442;-0.241346987038403;-0.0562784233543376;0.0677592700344862;0.225587585017729;4;0;13.0087757785821;10.8712885552567;9.71468503964248
44;Oita;2014;4;201404;2014-04-01;0;6;6;-2.56494935746154;;3.8;314197;33114;10337;0.155;1.60497408013163;-0.658072562641783;-0.758977920470456;-0.690960465728354;0.370415584960812;4;0;12.6577754566995;10.4077114326676;9.24348497056848
45;Miyazaki;2014;4;201404;2014-04-01;1;3;4;-0.847297860387204;;3.6;277805;30918;9255;0.152;1.32758026072023;-0.804224082414376;-0.862989877235483;-0.868991876931741;0.225587585017729;4;0;12.5346747077005;10.3390938175563;9.1329192250076
46;Kagoshima;2014;4;201404;2014-04-01;0;11;11;-3.13549421592915;;4.1;430524;51888;16619;0.159;2.02106480924872;-0.284108724121884;-0.0781755455368246;0.073583084787852;0.563519584884923;4;0;12.9727583504249;10.8568428285471;9.71830189812752
47;Okinawa;2014;4;201404;2014-04-01;2;15;17;-1.82454929205105;;5.5;359961;31035;8508;0.099;3.96282154512849;-0.496635461225575;-0.857264531999998;-1.00450037519707;-2.33304041397674;4;0;12.7937509712305;10.3428708788478;9.04876217632013
1;Hokkaido;2014;5;201405;2014-05-01;2;9;11;-1.33500106673234;;4.1;1440310;137358;41725;0.14;2.02106480924872;1.14962845759693;1.39747998218907;1.55584597049887;-0.353724414754603;5;0;14.180368926161;11.8303459351858;10.63885574853
2;Aomori;2014;5;201405;2014-05-01;1;3;4;-0.847297860387204;;4.1;346156;45699;11427;0.149;2.02106480924872;-0.543064289295201;-0.27070156862953;-0.529540475160265;0.0807595850746452;5;0;12.7546448194819;10.7298316948048;9.34373425514671
3;Iwate;2014;5;201405;2014-05-01;1;9;10;-1.84582669049833;;3.3;356752;42298;12967;0.16;0.911489531603137;-0.507267094148171;-0.387929956015411;-0.32596676966246;0.611795584865951;5;0;12.7847961414902;10.6524950825927;9.47016294754888
4;Miyagi;2014;5;201405;2014-05-01;4;8;12;-0.635988766719997;;3.8;680034;55027;15932;0.125;1.60497408013163;0.258630992494283;0.0108583040821292;0.00560593844635625;-1.07786441447002;5;0;13.4298980759023;10.9155792528491;9.67608494430153
5;Akita;2014;5;201405;2014-05-01;1;3;4;-0.847297860387204;;3.2;282465;41172;11711;0.18;0.77279262189744;-0.784473895992845;-0.428828887871292;-0.490011062126126;1.5773155844865;5;0;12.5513099280879;10.6255136926465;9.36828385004214
6;Yamagata;2014;5;201405;2014-05-01;0;14;14;-3.36729582998647;;3;314804;37325;11651;0.167;0.495398802486044;-0.655781114009479;-0.577523362140342;-0.498281875416216;0.949727584733145;5;0;12.659705501925;10.5274186224074;9.36314729221994
7;Fukushima;2014;5;201405;2014-05-01;5;14;19;-0.969400557188104;;3.4;540547;59064;16993;0.148;1.05018644130883;-0.0139158406588276;0.118174767926177;0.109417572718001;0.0324835850936174;5;0;13.2003368688026;10.986376880739;9.74055677353411
8;Ibaraki;2014;5;201405;2014-05-01;5;13;18;-0.897941593205959;;3.6;736317;67140;22616;0.12;1.32758026072023;0.353038762000638;0.312439824746036;0.569699093239038;-1.31924441437516;5;0;13.5094160115053;11.114535270534;10.0264128993734
9;Tochigi;2014;5;201405;2014-05-01;3;5;8;-0.451985123743057;;3.4;531428;44873;12490;0.119;1.05018644130883;-0.034115575604808;-0.298350335906498;-0.386315483867482;-1.36752041435619;5;0;13.1833230019246;10.7115915565523;9.43268360311962
10;Gunma;2014;5;201405;2014-05-01;6;9;15;-0.379489621704904;;2.8;564624;49787;15479;0.129;0.218004983074649;0.037822709054719;-0.140829911529478;-0.040840517607081;-0.884760414545909;5;0;13.2439153018683;10.8155091847581;9.64723954557388
11;Saitama;2014;5;201405;2014-05-01;6;20;26;-1.14862270924277;;3.7;1365560;133406;39093;0.101;1.46627717042593;1.08635536506121;1.35322781949625;1.45093100865395;-2.23648841401468;5;0;14.1270751588793;11.8011523889634;10.573698701813
12;Chiba;2014;5;201405;2014-05-01;5;15;20;-1.03609193168678;;3.4;1087278;125073;33534;0.111;1.05018644130883;0.815795909072039;1.25545811879142;1.20395493234561;-1.75372841420441;5;0;13.899187883175;11.7366528458228;10.4203151284978
13;Tokyo;2014;5;201405;2014-05-01;51;114;165;-0.798993015324604;;3.8;9111823;280010;68815;0.107;1.60497408013163;3.33976799855186;2.4770995610123;2.36145626300627;-1.94683241412852;5;0;16.0250833589863;12.5425805957994;11.1391770234136
14;Kanagawa;2014;5;201405;2014-05-01;13;24;37;-0.595983432106298;;3.4;2003331;187488;49210;0.105;1.05018644130883;1.5413654869829;1.86908826310684;1.8215208336741;-2.04338441409057;5;0;14.5103218531171;12.1414701223445;10.80385213386
15;Niigata;2014;5;201405;2014-05-01;5;15;20;-1.03609193168678;;3.3;706724;75186;24990;0.154;0.911489531603137;0.304337092177447;0.484007995708358;0.73042483583094;0.322139584979784;5;0;13.4683954867645;11.2277203223933;10.126231023829
16;Toyama;2014;5;201405;2014-05-01;3;9;12;-0.998528830111127;;3;354093;33951;11573;0.147;0.495398802486044;-0.516149243796794;-0.721139785482429;-0.509097839690791;-0.0157924148874103;5;0;12.7773148694776;10.4326735876341;9.35643007784808
17;Ishikawa;2014;5;201405;2014-05-01;1;4;5;-1.09861228866811;;2.9;354600;30983;10842;0.131;0.356701892780346;-0.51445052095566;-0.859806460506837;-0.614158155132951;-0.788208414583853;5;0;12.7787456726222;10.3411939459513;9.29118275982028
18;Fukui;2014;5;201405;2014-05-01;0;2;2;-1.6094379124341;;2.2;243574;22998;8127;0.146;-0.614176475159537;-0.960345998115819;-1.31156844933326;-1.07827111834405;-0.0640684148684381;5;0;12.4031760767735;10.0431625346086;9.00294713075321
19;Yamanashi;2014;5;201405;2014-05-01;0;1;1;-1.09861228866811;;2.9;201847;23061;6550;0.14;0.356701892780346;-1.18344334840143;-1.30742173652137;-1.42563138640613;-0.353724414754603;5;0;12.215265263649;10.0458981580172;8.7872203286293
20;Nagano;2014;5;201405;2014-05-01;2;5;7;-0.78845736036427;;3;592031;60661;19231;0.153;0.495398802486044;0.0940972025903368;0.158615915683984;0.308633106023494;0.273863584998756;5;0;13.29131427736;11.0130562664347;9.86427883931085
21;Gifu;2014;5;201405;2014-05-01;0;8;8;-2.83321334405622;;2.9;553976;51929;15603;0.132;0.356701892780346;0.0152190378435497;-0.0769782729267752;-0.027992945484422;-0.739932414602825;5;0;13.2248766434914;10.8576326799613;9.65521848244118
22;Shizuoka;2014;5;201405;2014-05-01;3;11;14;-1.18958406687384;;2.9;1100113;84230;28801;0.13;0.356701892780346;0.829728987205394;0.656184096998479;0.958965555904418;-0.836484414564881;5;0;13.9109234597652;11.3413064313094;10.2681653877435
23;Aichi;2014;5;201405;2014-05-01;17;21;38;-0.205852054204149;;2.8;2643129;139758;39671;0.104;0.218004983074649;1.87041472419343;1.42373656124711;1.47456373914116;-2.0916604140716;5;0;14.7874740005679;11.8476676344594;10.5883757211564
24;Mie;2014;5;201405;2014-05-01;2;9;11;-1.33500106673234;;2.5;462347;50241;14863;0.133;-0.198085746042444;-0.199442725968544;-0.127070023732744;-0.106229144454801;-0.691656414621798;5;0;13.0440709703938;10.8245867054026;9.60663018214889
25;Shiga;2014;5;201405;2014-05-01;4;4;8;0 ;;2.8;357061;31098;8154;0.11;0.218004983074649;-0.50623920403325;-0.854190587530125;-1.07293052983156;-1.80200441418544;5;0;12.7856619145128;10.3448987874178;9.0062638833792
26;Kyoto;2014;5;201405;2014-05-01;2;18;20;-2.00148000021012;;3.6;709658;74407;20653;0.126;1.32758026072023;0.309255821996393;0.468220699607466;0.423498985318275;-1.02958841448899;5;0;13.4725384428267;11.2173053024169;9.93561586628765
27;Osaka;2014;5;201405;2014-05-01;16;36;52;-0.793951879681911;;4.8;3352041;225324;49030;0.115;2.9919431771886;2.15251271397915;2.14773316079668;1.81562030848662;-1.5606244142803;5;0;15.0250799720129;12.3252946453808;10.8001876346453
28;Hyogo;2014;5;201405;2014-05-01;2;26;28;-2.36085400111802;;4;1308390;127894;37478;0.124;1.88236789954302;1.03557992055462;1.28926731629911;1.38299834393886;-1.12614041445105;5;0;14.0843079316945;11.7589570748168;10.5315093731356
29;Nara;2014;5;201405;2014-05-01;2;3;5;-0.336472236621213;;3.5;222273;34477;10250;0.129;1.18888335101453;-1.06899663462734;-0.697835376438423;-0.704569734926166;-0.884760414545909;5;0;12.3116616350859;10.4480477140317;9.23503298456655
30;Wakayama;2014;5;201405;2014-05-01;0;2;2;-1.6094379124341;;2.7;228385;33587;9431;0.154;0.0793080733689514;-1.03679072821439;-0.737479145269367;-0.838658888621042;0.322139584979784;5;0;12.3387880803517;10.4218943663224;9.15175741454389
31;Tottori;2014;5;201405;2014-05-01;0;5;5;-2.39789527279837;;3.2;154022;18955;6163;0.157;0.77279262189744;-1.50449334708978;-1.60463634997204;-1.52369392969469;0.466967584922867;5;0;11.9448507283355;9.84982302795044;8.72631895096224
32;Shimane;2014;5;201405;2014-05-01;0;2;2;-1.6094379124341;;2.5;198691;24768;7932;0.176;-0.198085746042444;-1.20215339605506;-1.1991776052339;-1.11737712689033;1.38421158456239;5;0;12.1995061331004;10.1173077763895;8.97866048963969
33;Okayama;2014;5;201405;2014-05-01;2;8;10;-1.22377543162212;;3.6;555208;57729;16066;0.141;1.32758026072023;0.0178564616758542;0.0835201583831237;0.0190921675870424;-0.305448414773577;5;0;13.2270980972928;10.9635149258887;9.68446051673376
34;Hiroshima;2014;5;201405;2014-05-01;5;14;19;-0.969400557188104;;3.3;940093;73133;21562;0.132;0.911489531603137;0.643105704045175;0.442041999012513;0.492852784275936;-0.739932414602825;5;0;13.7537340855225;11.2000349802596;9.97868778509906
35;Yamaguchi;2014;5;201405;2014-05-01;1;7;8;-1.6094379124341;;3.2;380082;42089;13449;0.159;0.77279262189744;-0.432059289923543;-0.395438388314245;-0.267199675357644;0.563519584884923;5;0;12.8481422978971;10.6475417028699;9.50666003282355
36;Tokushima;2014;5;201405;2014-05-01;0;9;9;-2.94443897916644;;3.8;191337;25405;8440;0.158;1.60497408013163;-1.24693008223608;-1.16068561721724;-1.01742145530831;0.515243584903895;5;0;12.161791550213;10.1427012840278;9.04073758759
37;Kagawa;2014;5;201405;2014-05-01;1;4;5;-1.09861228866811;;3.2;303914;28953;8979;0.148;0.77279262189744;-0.697578836474579;-0.962525765745962;-0.917740946826287;0.0324835850936174;5;0;12.6245000456293;10.2734291045752;9.10264379652081
38;Ehime;2014;5;201405;2014-05-01;0;6;6;-2.56494935746154;;3.1;381753;44683;12077;0.154;0.634095712191742;-0.426851075434574;-0.304782205163811;-0.44045880289945;0.322139584979784;5;0;12.8525290815962;10.7073483950652;9.39905809627538
39;Kochi;2014;5;201405;2014-05-01;1;3;4;-0.847297860387204;;3.3;190356;25117;8134;0.171;0.911489531603137;-1.25303287193291;-1.17796762914025;-1.0768848195409;1.14283158465726;5;0;12.1566512821965;10.1313001866986;9.00380808646717
40;Fukuoka;2014;5;201405;2014-05-01;5;14;19;-0.969400557188104;;4.6;1566094;116061;36144;0.122;2.71454935777721;1.24903255738399;1.14210259150023;1.32464015772225;-1.2226924144131;5;0;14.2640951792742;11.6618711939405;10.4952662387078
41;Saga;2014;5;201405;2014-05-01;1;4;5;-1.09861228866811;;3.4;224212;20743;6980;0.143;1.05018644130883;-1.05868455394251;-1.46799867631058;-1.32324953625005;-0.208896414811521;5;0;12.3203473118275;9.93996411934615;8.85080419575642
42;Nagasaki;2014;5;201405;2014-05-01;0;9;9;-2.94443897916644;;3.9;348695;40896;12071;0.153;1.74367098983732;-0.534387769080264;-0.439024528341754;-0.441258961584327;0.273863584998756;5;0;12.7619528935876;10.6187875377372;9.39856116070113
43;Kumamoto;2014;5;201405;2014-05-01;4;10;14;-0.847297860387204;;4.2;453080;52786;16684;0.152;2.15976171895442;-0.223480979834528;-0.0521664162202576;0.0798685377697048;0.225587585017729;5;0;13.0238239893147;10.8740012830203;9.72220545531684
44;Oita;2014;5;201405;2014-05-01;0;5;5;-2.39789527279837;;3.8;318071;33200;10428;0.155;1.60497408013163;-0.643523450706323;-0.75504630429959;-0.676847500601097;0.370415584960812;5;0;12.6700299072814;10.4103051549046;9.25224977505339
45;Miyazaki;2014;5;201405;2014-05-01;0;5;5;-2.39789527279837;;3.6;280063;31066;9296;0.152;1.32758026072023;-0.794613106368062;-0.85575117712805;-0.861874445864126;0.225587585017729;5;0;12.5427698568427;10.3438692525479;9.13733947909169
46;Kagoshima;2014;5;201405;2014-05-01;3;10;13;-1.09861228866811;;4.1;434608;52152;16700;0.159;2.02106480924872;-0.272899405364365;-0.0704827859813001;0.081411970392459;0.563519584884923;5;0;12.9821997543663;10.8619178106044;9.72316399840485
47;Okinawa;2014;5;201405;2014-05-01;1;12;13;-2.12026353620009;;5.5;366753;31197;8541;0.099;3.96282154512849;-0.474442286503714;-0.849372662775966;-0.998267023909346;-2.33304041397674;5;0;12.8124438759309;10.3480772153283;9.05263337594615
1;Hokkaido;2014;6;201406;2014-06-01;7;15;22;-0.725937003382936;;4.1;1458638;138030;41817;0.14;2.02106480924872;1.16464095943369;1.40487778525527;1.55939238232144;-0.353724414754603;6;0;14.1930136815719;11.8352263318176;10.641058234398
2;Aomori;2014;6;201406;2014-06-01;0;4;4;-2.19722457733622;;4.1;349538;45939;11458;0.149;2.02106480924872;-0.531520951552783;-0.262761682473766;-0.525178159643269;0.0807595850746452;6;0;12.7643675614982;10.7350697084833;9.34644345496852
3;Iwate;2014;6;201406;2014-06-01;0;9;9;-2.94443897916644;;3.3;357511;42532;12853;0.16;0.911489531603137;-0.504743866574886;-0.379567282637031;-0.340185390287561;0.611795584865951;6;0;12.7869214098736;10.658012012771;9.46133252611013
4;Miyagi;2014;6;201406;2014-06-01;6;11;17;-0.570544858467613;;3.8;682891;55329;15706;0.125;1.60497408013163;0.263608495772608;0.0191547047825743;-0.0173985635343348;-1.07786441447002;6;0;13.4340905357732;10.9210524623509;9.66179808393482
5;Akita;2014;6;201406;2014-06-01;0;4;4;-2.19722457733622;;3.2;283648;41301;11815;0.18;0.77279262189744;-0.779511917416111;-0.42408694939663;-0.475774861265094;1.5773155844865;6;0;12.5554893117868;10.6286419917311;9.37712518962101
6;Yamagata;2014;6;201406;2014-06-01;1;6;7;-1.46633706879343;;3;315438;37461;11458;0.167;0.495398802486044;-0.653392452019662;-0.57201025128959;-0.525178159643269;0.949727584733145;6;0;12.6617174281814;10.5310556707833;9.34644345496852
7;Fukushima;2014;6;201406;2014-06-01;1;9;10;-1.84582669049833;;3.4;543516;59530;16903;0.148;1.05018644130883;-0.00741260641060328;0.13008727241649;0.100866883728677;0.0324835850936174;6;0;13.2058144239325;10.9942356661474;9.73524639995018
8;Ibaraki;2014;6;201406;2014-06-01;2;14;16;-1.75785791755237;;3.6;738271;67572;22269;0.12;1.32758026072023;0.35618525488748;0.32216184663458;0.544802327734907;-1.31924441437516;6;0;13.5120662448501;11.1209489750426;10.0109508557857
9;Tochigi;2014;6;201406;2014-06-01;0;6;6;-2.56494935746154;;3.4;533301;45129;12503;0.119;1.05018644130883;-0.0299385053641578;-0.289727172436856;-0.384640421300125;-1.36752041435619;6;0;13.1868412717041;10.7172803343659;9.433723894495
10;Gunma;2014;6;201406;2014-06-01;1;7;8;-1.6094379124341;;2.8;565102;50651;15060;0.129;0.218004983074649;0.038827388309269;-0.114750124402747;-0.0850273119348098;-0.884760414545909;6;0;13.2447615248083;10.8327142528186;9.61979750135388
11;Saitama;2014;6;201406;2014-06-01;3;12;15;-1.27296567581289;;3.7;1371058;134964;39252;0.101;1.46627717042593;1.0911258637047;1.37082795490475;1.45746671403919;-2.23648841401468;6;0;14.1310932625366;11.812763355192;10.5777576773264
12;Chiba;2014;6;201406;2014-06-01;2;15;17;-1.82454929205105;;3.4;1089304;126150;33173;0.111;1.05018644130883;0.8180061375443;1.26845492398171;1.18652699205801;-1.75372841420441;6;0;13.9010495181468;11.7452269540692;10.4094915710229
13;Tokyo;2014;6;201406;2014-06-01;43;131;174;-1.10624591352318;;3.8;9149182;281403;68642;0.107;1.60497408013163;3.34462584529469;2.48462180101333;2.35740317995875;-1.94683241412852;6;0;16.0291750343483;12.5475430845864;11.1366598712665
14;Kanagawa;2014;6;201406;2014-06-01;14;28;42;-0.675755437848076;;3.4;2013760;188848;49552;0.105;1.05018644130883;1.54753008282798;1.88004402732875;1.83267260864103;-2.04338441409057;6;0;14.5155141793207;12.1486977376689;10.810777902213
15;Niigata;2014;6;201406;2014-06-01;4;12;16;-1.02165124753198;;3.3;703707;75588;24824;0.154;0.911489531603137;0.299257875222061;0.492091101602371;0.719693239940509;0.322139584979784;6;0;13.4641173553259;11.2330528194099;10.1195662061282
16;Toyama;2014;6;201406;2014-06-01;1;3;4;-0.847297860387204;;3;354366;34203;11596;0.147;0.495398802486044;-0.51523424487393;-0.709930219106694;-0.50590095685126;-0.0157924148874103;6;0;12.7780855563163;10.4400686385018;9.35841549004155
17;Ishikawa;2014;6;201406;2014-06-01;0;1;1;-1.09861228866811;;2.9;355774;31081;10836;0.131;0.356701892780346;-0.510526294415315;-0.855019450699078;-0.61504948422319;-0.788208414583853;6;0;12.7820509767827;10.3443519789962;9.29062920320499
18;Fukui;2014;6;201406;2014-06-01;2;7;9;-1.09861228866811;;2.2;244174;23110;7839;0.146;-0.614176475159537;-0.957425017948383;-1.30420433987271;-1.13636755617135;-0.0640684148684381;6;0;12.4056363648839;10.0480207032684;8.96686655418872
19;Yamanashi;2014;6;201406;2014-06-01;1;3;4;-0.847297860387204;;2.9;202450;23746;6480;0.14;0.356701892780346;-1.1799018279713;-1.26305184010628;-1.44293209271055;-0.353724414754603;6;0;12.2182482214603;10.0751693742257;8.77647578934632
20;Nagano;2014;6;201406;2014-06-01;1;7;8;-1.6094379124341;;3;593339;61277;19123;0.153;0.495398802486044;0.0967173554249647;0.173931126594346;0.29956492312984;0.273863584998756;6;0;13.2935211841163;11.0231598476025;9.85864707806297
21;Gifu;2014;6;201406;2014-06-01;2;6;8;-0.955511445027436;;2.9;555195;52201;15627;0.132;0.356701892780346;0.0178286622797338;-0.0690592487968167;-0.0255181154711541;-0.739932414602825;6;0;13.2270746823705;10.8628569307754;9.6567554664133
22;Shizuoka;2014;6;201406;2014-06-01;3;15;18;-1.48807705542983;;2.9;1101231;84814;28752;0.13;0.356701892780346;0.8309349295993;0.666657611953149;0.956223765515619;-0.836484414564881;6;0;13.9119392029622;11.348215902493;10.2664626090233
23;Aichi;2014;6;201406;2014-06-01;10;24;34;-0.847297860387204;;2.8;2647101;140815;39198;0.104;0.218004983074649;1.87219754380781;1.43515768425387;1.45525001408777;-2.0916604140716;6;0;14.7889756368848;11.8552022511226;10.5763810040688
24;Mie;2014;6;201406;2014-06-01;5;10;15;-0.646627164925052;;2.5;463509;50314;14878;0.133;-0.198085746042444;-0.196462593653345;-0.124869140970365;-0.104604936025092;-0.691656414621798;6;0;13.0465810812753;10.8260386473811;9.60763889075129
25;Shiga;2014;6;201406;2014-06-01;1;3;4;-0.847297860387204;;2.8;357819;31366;8122;0.11;0.218004983074649;-0.503721475757445;-0.841183342841367;-1.07926206302448;-1.80200441418544;6;0;12.7877825509387;10.3534797826944;9.00233170824624
26;Kyoto;2014;6;201406;2014-06-01;4;12;16;-1.02165124753198;;3.6;710753;74745;20576;0.126;1.32758026072023;0.311086334983042;0.475090846221949;0.417484555518697;-1.02958841448899;6;0;13.4740802503978;11.2218375993836;9.93188062703735
27;Osaka;2014;6;201406;2014-06-01;12;33;45;-0.985816794522765;;4.8;3358594;226273;48691;0.115;2.9919431771886;2.15483143940585;2.15410395309557;1.80444860066008;-1.5606244142803;6;0;15.0270329919828;12.329497513854;10.793249487064
28;Hyogo;2014;6;201406;2014-06-01;4;27;31;-1.81010860789625;;4;1310355;128712;37210;0.124;1.88236789954302;1.03736165124653;1.29893150966101;1.37144276099455;-1.12614041445105;6;0;14.0858086508319;11.7653326293309;10.5243328213407
29;Nara;2014;6;201406;2014-06-01;0;5;5;-2.39789527279837;;3.5;224106;34660;10301;0.129;1.18888335101453;-1.05924597969951;-0.689810853622312;-0.696577943523464;-0.884760414545909;6;0;12.3198744331923;10.4533415632696;9.23999625688369
30;Wakayama;2014;6;201406;2014-06-01;0;4;4;-2.19722457733622;;2.7;228354;33702;9370;0.154;0.0793080733689514;-1.03695189154497;-0.73229792767174;-0.849107448616776;0.322139584979784;6;0;12.3386523354293;10.4253124617605;9.14526837523247
31;Tottori;2014;6;201406;2014-06-01;3;2;5;0.336472236621213;;3.2;154548;19115;6139;0.157;0.77279262189744;-1.50044567706726;-1.59189494540251;-1.5299765686277;0.466967584922867;6;0;11.9482600066807;9.85822864613051;8.7224171414275
32;Shimane;2014;6;201406;2014-06-01;2;3;5;-0.336472236621213;;2.5;198921;24949;7844;0.176;-0.198085746042444;-1.20077985692125;-1.18814054985292;-1.13534084826154;1.38421158456239;6;0;12.2006630399626;10.1245890202161;8.96750418731624
33;Okayama;2014;6;201406;2014-06-01;1;8;9;-1.73460105538811;;3.6;556412;58077;15880;0.141;1.32758026072023;0.0204282957200133;0.0926303420560212;0.000341903207190936;-0.305448414773577;6;0;13.2292643060167;10.9695249952721;9.67281573480113
34;Hiroshima;2014;6;201406;2014-06-01;1;14;15;-2.26868354131836;;3.3;941865;73713;21348;0.132;0.911489531603137;0.645341471113764;0.454016178776332;0.476792068714836;-0.739932414602825;6;0;13.7556172311864;11.2079344533958;9.96871333745383
35;Yamaguchi;2014;6;201406;2014-06-01;1;8;9;-1.73460105538811;;3.2;380188;42321;13080;0.159;0.77279262189744;-0.431728226920311;-0.387105936303354;-0.311995705429728;0.563519584884923;6;0;12.8484211462028;10.6530386957426;9.47883962501119
36;Tokushima;2014;6;201406;2014-06-01;0;6;6;-2.56494935746154;;3.8;191873;25526;8385;0.158;1.60497408013163;-1.24360883752865;-1.15348314441588;-1.02794871156693;0.515243584903895;6;0;12.1645889738165;10.1474528195426;9.03419967425731
37;Kagawa;2014;6;201406;2014-06-01;0;6;6;-2.56494935746154;;3.2;304655;29055;8964;0.148;0.77279262189744;-0.69468761585396;-0.957194990527227;-0.920433115920921;0.0324835850936174;6;0;12.6269352678183;10.2769458645092;9.10097183492082
38;Ehime;2014;6;201406;2014-06-01;3;3;6;0 ;;3.1;382168;44862;11961;0.154;0.634095712191742;-0.425561127068778;-0.298721963936429;-0.455999448652578;0.322139584979784;6;0;12.8536155814851;10.711346390228;9.38940663604946
39;Kochi;2014;6;201406;2014-06-01;1;1;2;0 ;;3.3;190910;25202;8064;0.171;0.911489531603137;-1.24958258964797;-1.17284650881604;-1.09080181162572;1.14283158465726;6;0;12.1595573917887;10.1346786354296;8.99516499031115
40;Fukuoka;2014;6;201406;2014-06-01;6;27;33;-1.44238382777093;;4.6;1571415;117017;35740;0.122;2.71454935777721;1.25305955461594;1.15453733089404;1.30654094295274;-1.2226924144131;6;0;14.2674870453064;11.6700745023703;10.4840257887134
41;Saga;2014;6;201406;2014-06-01;0;1;1;-1.09861228866811;;3.4;225731;20829;6926;0.143;1.05018644130883;-1.05066824289629;-1.46172711322697;-1.3357549984845;-0.208896414811521;6;0;12.3270993038391;9.94410152542138;8.84303772496237
42;Nagasaki;2014;6;201406;2014-06-01;2;9;11;-1.33500106673234;;3.9;349623;41082;11884;0.153;1.74367098983732;-0.531232273099938;-0.43214602403337;-0.466398672800948;0.273863584998756;6;0;12.7646107100732;10.6233253483491;9.3829482365825
43;Kumamoto;2014;6;201406;2014-06-01;3;11;14;-1.18958406687384;;4.2;453978;52950;15839;0.152;2.15976171895442;-0.221130188632994;-0.0474642393355784;-0.00382075394746261;0.225587585017729;6;0;13.0258040176996;10.8771033510296;9.67023053206242
44;Oita;2014;6;201406;2014-06-01;0;6;6;-2.56494935746154;;3.8;318283;33376;10232;0.155;1.60497408013163;-0.642732390142079;-0.747031856141832;-0.707399864283528;0.370415584960812;6;0;12.67069620311;10.4155923578005;9.23327534325868
45;Miyazaki;2014;6;201406;2014-06-01;0;9;9;-2.94443897916644;;3.6;280727;31165;9267;0.152;1.32758026072023;-0.791801589731561;-0.85092829748478;-0.866905467879988;0.225587585017729;6;0;12.5451379458254;10.347050949243;9.13421498158669
46;Kagoshima;2014;6;201406;2014-06-01;0;11;11;-3.13549421592915;;4.1;435843;52341;16519;0.159;2.02106480924872;-0.269530447676588;-0.0649993506916816;0.0638649916735972;0.563519584884923;6;0;12.9850373657395;10.865535281748;9.71226651255514
47;Okinawa;2014;6;201406;2014-06-01;8;12;20;-0.385662480811985;;5.5;369819;31412;8558;0.099;3.96282154512849;-0.464558301238536;-0.8389619361455;-0.995065296282483;-2.33304041397674;6;0;12.8207689757392;10.3549452644948;9.05462179697676
1;Hokkaido;2014;7;201407;2014-07-01;4;9;13;-0.747214401830221;;3.4;1469016;138694;42145;0.14;1.05018644130883;1.17305817350371;1.41215222798418;1.57197292308236;-0.353724414754603;7;0;14.2001033468598;11.8400253465352;10.6488713324316
2;Aomori;2014;7;201407;2014-07-01;2;8;10;-1.22377543162212;;3.8;350498;46094;11513;0.149;1.60497408013163;-0.528264656369859;-0.2576558545667;-0.517467533457657;0.0807595850746452;7;0;12.7671102793064;10.7384380686704;9.35123211067366
3;Iwate;2014;7;201407;2014-07-01;1;8;9;-1.73460105538811;;3;358184;42756;12730;0.16;0.495398802486044;-0.502511015050791;-0.371604979102901;-0.355668672091484;0.611795584865951;7;0;12.7888020998278;10.6632648153938;9.45171669155145
4;Miyagi;2014;7;201407;2014-07-01;3;12;15;-1.27296567581289;;3.7;683345;55458;15829;0.125;1.46627717042593;0.264397542604073;0.0226847376350847;-0.00483767071765587;-1.07786441447002;7;0;13.4347551354715;10.9233812564928;9.66959897968574
5;Akita;2014;7;201407;2014-07-01;2;3;5;-0.336472236621213;;3.2;284250;41378;11820;0.18;0.77279262189744;-0.776994826219203;-0.421263543753343;-0.475093589429079;1.5773155844865;7;0;12.5576094116128;10.6305046176037;9.37754829096009
6;Yamagata;2014;7;201407;2014-07-01;1;5;6;-1.29928298413026;;2.8;315749;37534;11455;0.167;0.218004983074649;-0.652222481241453;-0.5690592572608;-0.525599803069165;0.949727584733145;7;0;12.6627028731452;10.5330024678512;9.3461815948876
7;Fukushima;2014;7;201407;2014-07-01;3;19;22;-1.71765149707433;;2.9;544144;59647;16860;0.148;0.356701892780346;-0.00604160099299419;0.133063534662065;0.0967654689413481;0.0324835850936174;7;0;13.206969196692;10.9961991328833;9.73269923155585
8;Ibaraki;2014;7;201407;2014-07-01;4;4;8;0 ;;3.2;738276;67765;22209;0.12;0.77279262189744;0.356193295615362;0.326485179765339;0.540458102894453;-1.31924441437516;7;0;13.512073017408;11.1238011164501;10.0082528911112
9;Tochigi;2014;7;201407;2014-07-01;1;4;5;-1.09861228866811;;3.3;533876;45231;12518;0.119;0.911489531603137;-0.0286591120816797;-0.286305000883834;-0.382709819621577;-1.36752041435619;7;0;13.1879188812396;10.719537971447;9.43492288748465
10;Gunma;2014;7;201407;2014-07-01;1;11;12;-2.03688192726104;;2.7;563443;50632;15150;0.129;0.0793080733689514;0.0353367853386095;-0.115318839414878;-0.0754333254955251;-0.884760414545909;7;0;13.2418214538407;10.8323390664551;9.62575581093752
11;Saitama;2014;7;201407;2014-07-01;9;29;38;-1.13309846473928;;3.4;1372740;135500;39362;0.101;1.05018644130883;1.09258147878654;1.37683600485173;1.46197279619345;-2.23648841401468;7;0;14.132319300467;11.8167269193019;10.5805561628834
12;Chiba;2014;7;201407;2014-07-01;7;15;22;-0.725937003382936;;3.3;1089903;126671;33589;0.111;0.911489531603137;0.818658818565127;1.27470237465986;1.20659367756385;-1.75372841420441;7;0;13.9015992594197;11.7493484529756;10.4219539113981
13;Tokyo;2014;7;201407;2014-07-01;46;125;171;-0.992853445978528;;4;9154448;281952;68808;0.107;1.88236789954302;3.34530899561246;2.48757619201317;2.36129246332551;-1.94683241412852;7;0;16.0297504393521;12.5494921226665;11.1390752962313
14;Kanagawa;2014;7;201407;2014-07-01;13;33;46;-0.908855753386637;;3.5;2011690;189294;49672;0.105;1.18888335101453;1.54630904650567;1.8836197002546;1.83656727947573;-2.04338441409057;7;0;14.5144857227842;12.151056640974;10.8131966730447
15;Niigata;2014;7;201407;2014-07-01;4;13;17;-1.09861228866811;;3;704218;75710;24878;0.154;0.495398802486044;0.300119690194064;0.494535682312946;0.723192096166596;0.322139584979784;7;0;13.4648432462966;11.2346655310974;10.1217391577699
16;Toyama;2014;7;201407;2014-07-01;3;12;15;-1.27296567581289;;2.5;354193;34393;11534;0.147;-0.198085746042444;-0.515813997506094;-0.701533037171263;-0.514533189332481;-0.0157924148874103;7;0;12.7775972412897;10.4456083342828;9.35305447417536
17;Ishikawa;2014;7;201407;2014-07-01;0;0;0;0 ;;2.9;356166;31225;10837;0.131;0.356701892780346;-0.509218873727396;-0.848012790799898;-0.614900895106636;-0.788208414583853;7;0;12.7831521932886;10.3489743349938;9.290721483923
18;Fukui;2014;7;201407;2014-07-01;1;3;4;-0.847297860387204;;2.4;244095;23222;8072;0.146;-0.336782655748142;-0.957809203102983;-1.29687583360132;-1.08920519675975;-0.0640684148684381;7;0;12.4053127727628;10.052855384187;8.99615656203345
19;Yamanashi;2014;7;201407;2014-07-01;0;1;1;-1.09861228866811;;2.7;203173;23874;6487;0.14;0.0793080733689514;-1.17566940736159;-1.25490293487002;-1.44119363311039;-0.353724414754603;7;0;12.2218131118422;10.080545279655;8.77755545321306
20;Nagano;2014;7;201407;2014-07-01;2;10;12;-1.43508452528932;;2.6;594007;61394;18977;0.153;-0.0593888363367464;0.0980532489684079;0.176822616834436;0.28722432990506;0.273863584998756;7;0;13.2946463827871;11.0250673894906;9.85098299855398
21;Gifu;2014;7;201407;2014-07-01;1;9;10;-1.84582669049833;;2.7;555508;52474;15546;0.132;0.0793080733689514;0.0184978054355122;-0.0611524933746098;-0.0338859566365065;-0.739932414602825;7;0;13.2276382893983;10.8680730878136;9.65155864979016
22;Shizuoka;2014;7;201407;2014-07-01;6;19;25;-1.09861228866811;;2.7;1101322;84958;28889;0.13;0.0793080733689514;0.831033033812938;0.669229038802542;0.963877896844494;-0.836484414564881;7;0;13.912021834345;11.349912295709;10.2712161788079
23;Aichi;2014;7;201407;2014-07-01;11;29;40;-0.94204322797657;;2.4;2646882;141397;39356;0.104;-0.336782655748142;1.87209931605498;1.44140978210758;1.46172733477977;-2.0916604140716;7;0;14.7888929014472;11.8593268158122;10.5804037199857
24;Mie;2014;7;201407;2014-07-01;1;11;12;-2.03688192726104;;2.6;463133;50480;14813;0.133;-0.0593888363367464;-0.197426086565457;-0.119876257350485;-0.111655035693678;-0.691656414621798;7;0;13.0457695488374;10.8293324972151;9.60326045258205
25;Shiga;2014;7;201407;2014-07-01;1;4;5;-1.09861228866811;;3.1;357886;31469;8151;0.11;0.634095712191742;-0.503499189103364;-0.836213832059618;-1.07352305457068;-1.80200441418544;7;0;12.7879697789172;10.3567582132587;9.00589589809446
26;Kyoto;2014;7;201407;2014-07-01;5;11;16;-0.737598943130779;;3.5;709339;74881;20498;0.126;1.18888335101453;0.308722017965236;0.477846404528175;0.411369024726156;-1.02958841448899;7;0;13.4720888294655;11.2236554657632;9.92808259939151
27;Osaka;2014;7;201407;2014-07-01;14;53;67;-1.30553300447543;;4.2;3360758;227047;48885;0.115;2.15976171895442;2.15559615952255;2.15928019000878;1.81085133264166;-1.5606244142803;7;0;15.0276771017347;12.3329123234901;10.7972258799398
28;Hyogo;2014;7;201407;2014-07-01;6;14;20;-0.802346472524937;;3.8;1310695;129057;37271;0.124;1.60497408013163;1.03766966935516;1.30298908236755;1.37408024882488;-1.12614041445105;7;0;14.0860680888449;11.7680094462173;10.5259708233449
29;Nara;2014;7;201407;2014-07-01;0;6;6;-2.56494935746154;;3.5;224611;34858;10318;0.129;1.18888335101453;-1.05657363993461;-0.681176163859497;-0.693922803358635;-0.884760414545909;7;0;12.3221252960445;10.4590379450816;9.24164522180459
30;Wakayama;2014;7;201407;2014-07-01;0;3;3;-1.94591014905531;;2.6;228650;33738;9324;0.154;-0.0593888363367464;-1.03541393378922;-0.730679614297445;-0.857031777671336;0.322139584979784;7;0;12.3399477290862;10.4263800775203;9.14034700015565
31;Tottori;2014;7;201407;2014-07-01;1;11;12;-2.03688192726104;;3.1;154704;19156;6084;0.157;0.634095712191742;-1.49924787583851;-1.58864712612296;-1.54446741793388;0.466967584922867;7;0;11.9492688927233;9.8603712614625;8.71341765337918
32;Shimane;2014;7;201407;2014-07-01;2;4;6;-0.587786664902119;;2.8;199061;25049;7792;0.176;0.218004983074649;-1.19994456696477;-1.18207701902687;-1.14605074575789;1.38421158456239;7;0;12.2013665893984;10.1285891855565;8.96085284532237
33;Okayama;2014;7;201407;2014-07-01;3;8;11;-0.887303195000903;;3.6;556330;58087;16089;0.141;1.32758026072023;0.0202533142709911;0.0928913213703857;0.0213956527933996;-0.305448414773577;7;0;13.2291169223462;10.9696971656523;9.68589108765103
34;Hiroshima;2014;7;201407;2014-07-01;3;17;20;-1.6094379124341;;3.2;942743;73967;21461;0.132;0.77279262189744;0.646447702950482;0.459230407816653;0.485292684759022;-0.739932414602825;7;0;13.7565489900069;11.2113743267769;9.97399261342148
35;Yamaguchi;2014;7;201407;2014-07-01;3;9;12;-0.998528830111127;;3.1;380312;42507;13091;0.159;0.634095712191742;-0.431341062796801;-0.380458532589178;-0.310642142584792;0.563519584884923;7;0;12.8487472474548;10.6574240472323;9.4796802501801
36;Tokushima;2014;7;201407;2014-07-01;2;8;10;-1.22377543162212;;3.5;192170;25599;8363;0.158;1.18888335101453;-1.24177251349451;-1.14915434485215;-1.03217896132855;0.515243584903895;7;0;12.1661356759265;10.1503085672047;9.03157249338153
37;Kagawa;2014;7;201407;2014-07-01;1;4;5;-1.09861228866811;;3;304761;29133;8911;0.148;0.495398802486044;-0.694274601967919;-0.953131127369404;-0.929981659248371;0.0324835850936174;7;0;12.6272831418521;10.2796268312625;9.09504174761272
38;Ehime;2014;7;201407;2014-07-01;1;6;7;-1.46633706879343;;3.3;382569;44980;12003;0.154;0.911489531603137;-0.424316025026503;-0.294740154343014;-0.450355325836583;0.322139584979784;7;0;12.8546643081369;10.7139732255133;9.39291189752534
39;Kochi;2014;7;201407;2014-07-01;1;6;7;-1.46633706879343;;3.3;190426;25190;8054;0.171;0.911489531603137;-1.25259636185956;-1.17356844249373;-1.09279980910307;1.14283158465726;7;0;12.1570189466385;10.1342023693467;8.9939241414114
40;Fukuoka;2014;7;201407;2014-07-01;12;32;44;-0.955511445027436;;4.5;1574461;117504;35710;0.122;2.57585244807151;1.25535867160491;1.16083276222352;1.30518879231171;-1.2226924144131;7;0;14.2694235494483;11.6742276545401;10.4831860405885
41;Saga;2014;7;201407;2014-07-01;0;3;3;-1.94591014905531;;3;225937;20891;6975;0.143;0.495398802486044;-1.04958526257794;-1.45722179624318;-1.32440337790487;-0.208896414811521;7;0;12.3280114783314;9.94707372319905;8.85008760668957
42;Nagasaki;2014;7;201407;2014-07-01;3;9;12;-0.998528830111127;;3.5;350263;41150;11909;0.153;1.18888335101453;-0.529060945139794;-0.42963907328692;-0.463014932724103;0.273863584998756;7;0;12.7664395798559;10.6249792061052;9.385049695768
43;Kumamoto;2014;7;201407;2014-07-01;1;6;7;-1.46633706879343;;3.6;454326;53099;15833;0.152;1.32758026072023;-0.220220441544192;-0.0432047491742353;-0.0044308269379913;0.225587585017729;7;0;13.0265702810146;10.879913374661;9.66985164850143
44;Oita;2014;7;201407;2014-07-01;0;6;6;-2.56494935746154;;3.4;318219;33407;10189;0.155;1.05018644130883;-0.642971145341945;-0.745624599057746;-0.71418093265709;0.370415584960812;7;0;12.6704951039769;10.4165207378441;9.22906398597429
45;Miyazaki;2014;7;201407;2014-07-01;1;5;6;-1.29928298413026;;3.7;280861;31196;9358;0.152;1.46627717042593;-0.791235011840605;-0.849421252202667;-0.85117090805389;0.225587585017729;7;0;12.5456151640086;10.3480451604504;9.14398687142616
46;Kagoshima;2014;7;201407;2014-07-01;3;8;11;-0.887303195000903;;4;436545;52379;16479;0.159;1.88236789954302;-0.267619713996648;-0.0638992520586381;0.0599612720564589;0.563519584884923;7;0;12.9866467417316;10.8662610266233;9.70984212201073
47;Okinawa;2014;7;201407;2014-07-01;4;22;26;-1.6094379124341;;6.1;370896;31492;8558;0.099;4.79500300336267;-0.461105770881377;-0.835106357187886;-0.995065296282483;-2.33304041397674;7;0;12.8236769788415;10.3574888243044;9.05462179697676
1;Hokkaido;2014;8;201408;2014-08-01;1;15;16;-2.33537491581704;;3.4;1473042;138950;42294;0.14;1.05018644130883;1.17630751567847;1.41494753451164;1.57765555686808;-0.353724414754603;8;0;14.2028402082766;11.8418694351707;10.6524005110019
2;Aomori;2014;8;201408;2014-08-01;0;7;7;-2.70805020110221;;3.8;350687;46113;11440;0.149;1.60497408013163;-0.527624624155213;-0.257031160533564;-0.52770967796428;0.0807595850746452;8;0;12.7676493667215;10.738850184893;9.34487126493379
3;Iwate;2014;8;201408;2014-08-01;2;5;7;-0.78845736036427;;3;358305;42854;12781;0.16;0.495398802486044;-0.50211001125524;-0.368134580089204;-0.349230696835402;0.611795584865951;8;0;12.7891398579822;10.6655542685607;9.45571497213171
4;Miyagi;2014;8;201408;2014-08-01;3;10;13;-1.09861228866811;;3.7;683458;55544;15932;0.125;1.46627717042593;0.264593853839955;0.0250335340599844;0.00560593844635625;-1.07786441447002;8;0;13.4349204848309;10.9249307784331;9.67608494430153
5;Akita;2014;8;201408;2014-08-01;0;2;2;-1.6094379124341;;3.2;284197;41344;11893;0.18;0.77279262189744;-0.777216216488276;-0.422509594008422;-0.465179707049531;1.5773155844865;8;0;12.5574229386429;10.6296825871423;9.38370527072725
6;Yamagata;2014;8;201408;2014-08-01;0;8;8;-2.83321334405622;;2.8;315966;37609;11486;0.167;0.218004983074649;-0.65140681742379;-0.566033385483061;-0.521248136171089;0.949727584733145;8;0;12.6633898918436;10.5349986624377;9.34888418142424
7;Fukushima;2014;8;201408;2014-08-01;5;18;23;-1.21302263984585;;2.9;544395;59639;16794;0.148;0.356701892780346;-0.00549407798758652;0.132860215573191;0.0904498803260607;0.0324835850936174;8;0;13.2074303652941;10.9960650014678;9.72877695874351
8;Ibaraki;2014;8;201408;2014-08-01;5;11;16;-0.737598943130779;;3.2;738105;67883;22380;0.12;0.77279262189744;0.355918271801122;0.329122399790863;0.552808375342683;-1.31924441437516;8;0;13.511841369885;11.1255409140109;10.0159229818659
9;Tochigi;2014;8;201408;2014-08-01;3;7;10;-0.762140052046897;;3.3;533388;45316;12605;0.119;0.911489531603137;-0.0297448390562766;-0.283459081259934;-0.371557748727569;-1.36752041435619;8;0;13.1870043932891;10.7214154499934;9.44184883962202
10;Gunma;2014;8;201408;2014-08-01;2;7;9;-1.09861228866811;;2.7;563308;50846;15151;0.129;0.0793080733689514;0.0350522878385874;-0.108925611886642;-0.0753270461013829;-0.884760414545909;8;0;13.2415818268057;10.8365567356491;9.62582181535983
11;Saitama;2014;8;201408;2014-08-01;8;21;29;-0.927986771637346;;3.4;1374090;135929;39431;0.101;1.05018644130883;1.09374848900168;1.38162758823384;1.46479291624645;-2.23648841401468;8;0;14.1333022518027;11.8198879695745;10.58230758795
12;Chiba;2014;8;201408;2014-08-01;3;22;25;-1.86075234071501;;3.3;1089900;126892;33566;0.111;0.911489531603137;0.818655550605784;1.27734468695199;1.20549072831101;-1.75372841420441;8;0;13.9015965068774;11.7510916099501;10.4212689288681
13;Tokyo;2014;8;201408;2014-08-01;52;121;173;-0.839101093183025;;4;9160045;282747;69127;0.107;1.88236789954302;3.34603465539764;2.49184422767767;2.36874017764201;-1.94683241412852;8;0;16.030361649302;12.5523077838425;11.1437006714983
14;Kanagawa;2014;8;201408;2014-08-01;7;22;29;-1.09861228866811;;3.5;2009783;190025;49845;0.105;1.18888335101453;1.54518304698809;1.88946209585432;1.84216556824562;-2.04338441409057;8;0;14.5135373140081;12.1549109214342;10.8166734694568
15;Niigata;2014;8;201408;2014-08-01;4;10;14;-0.847297860387204;;3;703808;75790;24850;0.154;0.495398802486044;0.29942826399633;0.496136548521088;0.721378823497039;0.322139584979784;8;0;13.4642608706706;11.2357216368061;10.1206130315248
16;Toyama;2014;8;201408;2014-08-01;0;6;6;-2.56494935746154;;2.5;353740;34494;11669;0.147;-0.198085746042444;-0.517333420659752;-0.697088136544241;-0.495796167608056;-0.0157924148874103;8;0;12.7763174589888;10.4485406748513;9.36469103180611
17;Ishikawa;2014;8;201408;2014-08-01;2;3;5;-0.336472236621213;;2.9;356089;31345;10750;0.131;0.356701892780346;-0.509475574902218;-0.842198546625032;-0.627879719122386;-0.788208414583853;8;0;12.7829359785894;10.3528100437081;9.28266103355581
18;Fukui;2014;8;201408;2014-08-01;0;6;6;-2.56494935746154;;2.4;244224;23291;7970;0.146;-0.336782655748142;-0.957181927012807;-1.29237852488466;-1.10968159388035;-0.0640684148684381;8;0;12.4058411159279;10.0558222988394;8.98343977178426
19;Yamanashi;2014;8;201408;2014-08-01;0;4;4;-2.19722457733622;;2.7;203282;23969;6459;0.14;0.0793080733689514;-1.17503263137994;-1.24888311612931;-1.44815876167393;-0.353724414754603;8;0;12.2223494565918;10.084516607743;8.77322978603247
20;Nagano;2014;8;201408;2014-08-01;3;5;8;-0.451985123743057;;2.6;593443;61357;18892;0.153;-0.0593888363367464;0.0969254376704127;0.17590881012742;0.279995935361533;0.273863584998756;8;0;13.2936964479816;11.0244645430597;9.84649383101601
21;Gifu;2014;8;201408;2014-08-01;4;5;9;-0.200670695462151;;2.7;555282;52630;15570;0.132;0.0793080733689514;0.018014691995119;-0.0566527959047447;-0.0314020595602106;-0.739932414602825;8;0;13.2272313717935;10.8710415783478;9.65310126482804
22;Shizuoka;2014;8;201408;2014-08-01;5;10;15;-0.646627164925052;;2.7;1098905;85188;29184;0.13;0.0793080733689514;0.8284245870864;0.673327152467799;0.980236925795515;-0.836484414564881;8;0;13.9098247874292;11.3526158578274;10.2813758928741
23;Aichi;2014;8;201408;2014-08-01;11;34;45;-1.09861228866811;;2.4;2643896;141843;39428;0.104;-0.336782655748142;1.87075919834493;1.44618351675686;1.46467040498246;-2.0916604140716;8;0;14.7877641448382;11.8624760911166;10.5822315027853
24;Mie;2014;8;201408;2014-08-01;1;3;4;-0.847297860387204;;2.6;462533;50467;15101;0.133;-0.0593888363367464;-0.198965196477223;-0.120266673326358;-0.08064962783674;-0.691656414621798;8;0;13.0444731847406;10.8290749363154;9.62251624577579
25;Shiga;2014;8;201408;2014-08-01;2;4;6;-0.587786664902119;;3.1;357358;31499;8139;0.11;0.634095712191742;-0.505252070024948;-0.834769460158364;-1.07589533634108;-1.80200441418544;8;0;12.7864933594131;10.3577110782781;9.00442260132704
26;Kyoto;2014;8;201408;2014-08-01;5;13;18;-0.897941593205959;;3.5;710186;75138;20681;0.126;1.18888335101453;0.310138832659483;0.483039961796672;0.425680492735291;-1.02958841448899;8;0;13.4732821865399;11.2270817017921;9.93697068335268
27;Osaka;2014;8;201408;2014-08-01;14;47;61;-1.18658106161407;;4.2;3359320;227370;48823;0.115;2.15976171895442;2.15508805013965;2.16143508279928;1.80880786551627;-1.5606244142803;8;0;15.0272491305052;12.3343339254742;10.7959567922843
28;Hyogo;2014;8;201408;2014-08-01;4;14;18;-1.17007125265025;;3.8;1309452;129204;37492;0.124;1.60497408013163;1.03654320322094;1.30471466672915;1.38359972058839;-1.12614041445105;8;0;14.0851192870462;11.7691478296037;10.5318828558664
29;Nara;2014;8;201408;2014-08-01;1;2;3;-0.510825623765991;;3.5;224379;34953;10337;0.129;1.18888335101453;-1.05780058181581;-0.677050653735474;-0.690960465728354;-0.884760414545909;8;0;12.3210918653638;10.4617595808881;9.24348497056848
30;Wakayama;2014;8;201408;2014-08-01;1;1;2;0 ;;2.6;228407;33752;9285;0.154;-0.0593888363367464;-1.03667636750836;-0.730050736508036;-0.863780914583096;0.322139584979784;8;0;12.3388844042803;10.4267949538042;9.13615547378681
31;Tottori;2014;8;201408;2014-08-01;1;1;2;0 ;;3.1;154456;19248;6069;0.157;0.634095712191742;-1.50115263956263;-1.58138456433952;-1.54844220632701;0.466967584922867;8;0;11.9476645451157;9.86516243821446;8.71094912583586
32;Shimane;2014;8;201408;2014-08-01;0;4;4;-2.19722457733622;;2.8;198742;25122;7733;0.176;0.218004983074649;-1.20184869154001;-1.17766590735938;-1.15828925513199;1.38421158456239;8;0;12.1997627801341;10.1314992352472;8.95325216460904
33;Okayama;2014;8;201408;2014-08-01;0;8;8;-2.83321334405622;;3.6;555560;58275;16107;0.141;1.32758026072023;0.0186089364657298;0.0977893880476113;0.0231960845431175;-0.305448414773577;8;0;13.2277318930302;10.972928463904;9.68700923909068
34;Hiroshima;2014;8;201408;2014-08-01;7;7;14;0 ;;3.2;941713;74093;21462;0.132;0.77279262189744;0.645149854740642;0.461810353411676;0.48536771147946;-0.739932414602825;8;0;13.7554558362239;11.2130763398853;9.97403920848707
35;Yamaguchi;2014;8;201408;2014-08-01;1;5;6;-1.29928298413026;;3.1;379944;42501;13086;0.159;0.634095712191742;-0.432490434847922;-0.380672510575125;-0.311257257372575;0.563519584884923;8;0;12.8477791524217;10.6572828840475;9.47929823542968
36;Tokushima;2014;8;201408;2014-08-01;0;4;4;-2.19722457733622;;3.5;191805;25627;8356;0.158;1.18888335101453;-1.24402967524546;-1.14749725799683;-1.0335272838815;0.515243584903895;8;0;12.1642345099134;10.1514017621755;9.03073512267646
37;Kagawa;2014;8;201408;2014-08-01;0;9;9;-2.94443897916644;;3;304634;29176;8948;0.148;0.495398802486044;-0.694769456414156;-0.950895442519267;-0.92330973296185;0.0324835850936174;8;0;12.626866335013;10.2811017324885;9.09918532261002
38;Ehime;2014;8;201408;2014-08-01;4;5;9;-0.200670695462151;;3.3;381782;45102;12029;0.154;0.911489531603137;-0.426760888903101;-0.290634336107214;-0.446871233684076;0.322139584979784;8;0;12.8526050440603;10.7166818704055;9.39507567999407
39;Kochi;2014;8;201408;2014-08-01;1;2;3;-0.510825623765991;;3.3;189912;25161;8083;0.171;0.911489531603137;-1.25580533661828;-1.17531453636711;-1.0870124331198;1.14283158465726;8;0;12.1543160859571;10.1330504556525;8.99751836973385
40;Fukuoka;2014;8;201408;2014-08-01;2;18;20;-2.00148000021012;;4.5;1574420;117911;35768;0.122;2.57585244807151;1.25532775439857;1.16607405419724;1.3078019265964;-1.2226924144131;8;0;14.2693975084515;11.6776853815796;10.4848089179138
41;Saga;2014;8;201408;2014-08-01;0;3;3;-1.94591014905531;;3;225941;20928;6899;0.143;0.495398802486044;-1.04956424360798;-1.45453950558666;-1.34204434043087;-0.208896414811521;8;0;12.3280291822249;9.94884325425692;8.83913175254611
42;Nagasaki;2014;8;201408;2014-08-01;0;5;5;-2.39789527279837;;3.5;350239;41215;11972;0.153;1.18888335101453;-0.529142298313182;-0.427246592895965;-0.454519312705426;0.273863584998756;8;0;12.7663710575676;10.6265575467473;9.39032586897259
43;Kumamoto;2014;8;201408;2014-08-01;0;9;9;-2.94443897916644;;3.6;453881;53316;15792;0.152;1.32758026072023;-0.22138389184679;-0.0370226619352041;-0.00860585690561869;0.225587585017729;8;0;13.025590328128;10.8839917527239;9.66725876167326
44;Oita;2014;8;201408;2014-08-01;0;6;6;-2.56494935746154;;3.4;318045;33497;10194;0.155;1.05018644130883;-0.64362050386287;-0.741546400839832;-0.713390967493622;0.370415584960812;8;0;12.6699481611848;10.4192111615643;9.22955459089999
45;Miyazaki;2014;8;201408;2014-08-01;1;1;2;0 ;;3.7;280572;31161;9356;0.152;1.46627717042593;-0.792457297119252;-0.851122864124964;-0.851515075194327;0.225587585017729;8;0;12.544585655499;10.3469225918959;9.14377312770407
46;Kagoshima;2014;8;201408;2014-08-01;3;9;12;-0.998528830111127;;4;436617;52234;16453;0.159;1.88236789954302;-0.267423915070086;-0.0681012928756609;0.0574187697080543;0.563519584884923;8;0;12.9868116595823;10.8634889028364;9.70826311038665
47;Okinawa;2014;8;201408;2014-08-01;1;22;23;-2.70805020110221;;6.1;372318;31604;8552;0.099;4.79500300336267;-0.456562602004965;-0.829724969337484;-0.996194590982474;-2.33304041397674;8;0;12.8275036067984;10.3610389738426;9.05392045270488
1;Hokkaido;2014;9;201409;2014-09-01;4;11;15;-0.93826963859293;;3.4;1475842;139034;42030;0.14;1.05018644130883;1.17856213439966;1.4158636224021;1.56757324382714;-0.353724414754603;9;0;14.2047392323423;11.8424737865186;10.6461389279992
2;Aomori;2014;9;201409;2014-09-01;0;4;4;-2.19722457733622;;3.8;351262;46161;11378;0.149;1.60497408013163;-0.525679555128439;-0.255454131923985;-0.536459943125879;0.0807595850746452;9;0;12.7692876627476;10.7398905647255;9.33943694531059
3;Iwate;2014;9;201409;2014-09-01;3;12;15;-1.27296567581289;;3;358669;42916;12780;0.16;0.495398802486044;-0.500904501719325;-0.36594311781881;-0.34935668454803;0.611795584865951;9;0;12.7901552365908;10.6669999957566;9.45563672793152
4;Miyagi;2014;9;201409;2014-09-01;3;16;19;-1.55059741241117;;3.7;683530;55594;15866;0.125;1.46627717042593;0.264718920177101;0.0263974421312216;-0.00107828232213435;-1.07786441447002;9;0;13.4350258259167;10.9258305607465;9.67193373386195
5;Akita;2014;9;201409;2014-09-01;0;11;11;-3.13549421592915;;3.2;284199;41428;11923;0.18;0.77279262189744;-0.77720786138892;-0.419432975637304;-0.461123139669498;1.5773155844865;9;0;12.5574299759901;10.6317122597088;9.38622458680613
6;Yamagata;2014;9;201409;2014-09-01;3;5;8;-0.451985123743057;;2.8;315929;37741;11457;0.167;0.218004983074649;-0.651545854120694;-0.560722477685424;-0.525318695184305;0.949727584733145;9;0;12.6632727837796;10.5385023156568;9.34635617589363
7;Fukushima;2014;9;201409;2014-09-01;3;12;15;-1.27296567581289;;2.9;544935;59787;16818;0.148;0.356701892780346;-0.0043169953133885;0.136617211239751;0.0927493251444041;0.0324835850936174;9;0;13.2084218004776;10.9985435250015;9.73020502039284
8;Ibaraki;2014;9;201409;2014-09-01;2;14;16;-1.75785791755237;;3.2;737990;68187;22351;0.12;0.77279262189744;0.355733278429333;0.335895532176839;0.550720543664699;-1.31924441437516;9;0;13.5116855533553;11.1300092098263;10.0146263417701
9;Tochigi;2014;9;201409;2014-09-01;2;11;13;-1.52605630349505;;3.3;533395;45492;12603;0.119;0.911489531603137;-0.0297292580827456;-0.277583284791682;-0.371813252688816;-1.36752041435619;9;0;13.1870175168578;10.7252917653043;9.44169015983749
10;Gunma;2014;9;201409;2014-09-01;3;8;11;-0.887303195000903;;2.7;563293;50895;15169;0.129;0.0793080733689514;0.0350206727966134;-0.107465528180171;-0.0734152155807901;-0.884760414545909;9;0;13.2415551980348;10.8375199658864;9.62700915059167
11;Saitama;2014;9;201409;2014-09-01;4;26;30;-1.7730673362159;;3.4;1371481;136455;39508;0.101;1.05018644130883;1.09149209899864;1.3874819874451;1.46793418629735;-2.23648841401468;9;0;14.1314017358187;11.8237501689243;10.584258462028
12;Chiba;2014;9;201409;2014-09-01;7;24;31;-1.18377009700842;;3.3;1091947;127367;33672;0.111;0.911489531603137;0.820883299892703;1.28300832412007;1.2105676149882;-1.75372841420441;9;0;13.9034728993106;11.7548279618794;10.4244219104504
13;Tokyo;2014;9;201409;2014-09-01;54;123;177;-0.818040454398834;;4;9164690;283198;69056;0.107;1.88236789954302;3.34663655029397;2.49426013377186;2.36708551370724;-1.94683241412852;9;0;16.0308686143522;12.5539015786299;11.1426730486178
14;Kanagawa;2014;9;201409;2014-09-01;17;22;39;-0.251314428280906;;3.5;2009299;190690;49548;0.105;1.18888335101453;1.54489709630868;1.89475750768928;1.83254262390147;-2.04338441409057;9;0;14.5132964629868;12.1584043518287;10.8106971756741
15;Niigata;2014;9;201409;2014-09-01;4;17;21;-1.35812348415319;;3;703127;75921;24867;0.154;0.495398802486044;0.298278931335609;0.498754321469589;0.722479982553041;0.322139584979784;9;0;13.4632928088153;11.2374486049568;10.1212969022596
16;Toyama;2014;9;201409;2014-09-01;2;4;6;-0.587786664902119;;2.5;353555;34559;11608;0.147;-0.198085746042444;-0.517954495285572;-0.694234434826807;-0.504235534230388;-0.0157924148874103;9;0;12.7757943392036;10.4504232873142;9.35944979456402
17;Ishikawa;2014;9;201409;2014-09-01;1;7;8;-1.6094379124341;;2.9;356099;31314;10763;0.131;0.356701892780346;-0.509442233951137;-0.843698424547826;-0.62593369392524;-0.788208414583853;9;0;12.782964061062;10.3518205608715;9.2838696052643
18;Fukui;2014;9;201409;2014-09-01;2;8;10;-1.22377543162212;;2.4;244239;23345;7937;0.146;-0.336782655748142;-0.957109009436834;-1.28886817582904;-1.11636245298921;-0.0640684148684381;9;0;12.4059025330669;10.058138107405;8.97929064909088
19;Yamanashi;2014;9;201409;2014-09-01;1;4;5;-1.09861228866811;;2.7;203670;24073;6468;0.14;0.0793080733689514;-1.17276871018149;-1.2423202947876;-1.44591668292633;-0.353724414754603;9;0;12.2242563159638;10.0888461594876;8.774622220697
20;Nagano;2014;9;201409;2014-09-01;4;5;9;-0.200670695462151;;2.6;593169;61360;19007;0.153;-0.0593888363367464;0.096377142436672;0.17598292308896;0.289767800253431;0.273863584998756;9;0;13.2932346289458;11.0245134360411;9.85256261135084
21;Gifu;2014;9;201409;2014-09-01;1;5;6;-1.29928298413026;;2.7;555246;52808;15656;0.132;0.0793080733689514;0.0179377177171242;-0.0515347886357121;-0.0225327620058337;-0.739932414602825;9;0;13.2271665377685;10.8744179733686;9.65860950907591
22;Shizuoka;2014;9;201409;2014-09-01;0;19;19;-3.66356164612965;;2.7;1098022;85067;29049;0.13;0.0793080733689514;0.827470214982077;0.671172569554831;0.972771210682952;-0.836484414564881;9;0;13.9090209372808;11.3511944602723;10.2767393382796
23;Aichi;2014;9;201409;2014-09-01;12;32;44;-0.955511445027436;;2.4;2642343;142048;39719;0.104;-0.336782655748142;1.87006161306167;1.44837268910998;1.47651080893627;-2.0916604140716;9;0;14.7871765815272;11.8639203076338;10.5895849416085
24;Mie;2014;9;201409;2014-09-01;1;10;11;-1.94591014905531;;2.6;461975;50458;14884;0.133;-0.0593888363367464;-0.200398361545377;-0.120537020227239;-0.103955711114584;-0.691656414621798;9;0;13.0432660560456;10.8288965860548;9.60804208946651
25;Shiga;2014;9;201409;2014-09-01;0;9;9;-2.94443897916644;;3.1;357283;31571;8138;0.11;0.634095712191742;-0.505501268839682;-0.831308572541213;-1.07609318434285;-1.80200441418544;9;0;12.7862834638144;10.3599942566918;9.00429972856164
26;Kyoto;2014;9;201409;2014-09-01;5;13;18;-0.897941593205959;;3.5;709026;75388;20515;0.126;1.18888335101453;0.308198020755108;0.488075043588825;0.412703877718841;-1.02958841448899;9;0;13.47164747621;11.2304033901365;9.92891160487629
27;Osaka;2014;9;201409;2014-09-01;17;58;75;-1.20682587330834;;4.2;3354486;227835;48807;0.115;2.15976171895442;2.15337838691764;2.16453195813411;1.80828009791211;-1.5606244142803;9;0;15.0258091124781;12.3363769617402;10.7956290241773
28;Hyogo;2014;9;201409;2014-09-01;7;15;22;-0.725937003382936;;3.8;1309347;129394;37243;0.124;1.60497408013163;1.0364479982184;1.30694210747744;1.37287013504725;-1.12614041445105;9;0;14.0850390976158;11.7706172921223;10.5252192866855
29;Nara;2014;9;201409;2014-09-01;0;5;5;-2.39789527279837;;3.5;224605;35062;10236;0.129;1.18888335101453;-1.05660535522339;-0.672330964556687;-0.706770516626346;-0.884760414545909;9;0;12.3220985828374;10.4648732019138;9.23366619727968
30;Wakayama;2014;9;201409;2014-09-01;1;6;7;-1.46633706879343;;2.6;227955;33840;9317;0.154;-0.0593888363367464;-1.0390281748303;-0.726103753440141;-0.858241079989088;0.322139584979784;9;0;12.3369035200358;10.4293988137202;9.13959596745043
31;Tottori;2014;9;201409;2014-09-01;2;7;9;-1.09861228866811;;3.1;154415;19270;6072;0.157;0.634095712191742;-1.50146783459282;-1.57965300793861;-1.54764646331087;0.466967584922867;9;0;11.9473990621131;9.86630476140841;8.71144331907547
32;Shimane;2014;9;201409;2014-09-01;0;3;3;-1.94591014905531;;2.8;198753;25184;7809;0.176;0.218004983074649;-1.20178298120956;-1.17392953831073;-1.14254158965751;1.38421158456239;9;0;12.1998181267423;10.1339641512171;8.96303219366268
33;Okayama;2014;9;201409;2014-09-01;0;10;10;-3.04452243772342;;3.6;555385;58259;16144;0.141;1.32758026072023;0.0182348963956806;0.0973731469342618;0.0268906618692727;-0.305448414773577;9;0;13.227416845928;10.9726538659308;9.68930374259339
34;Hiroshima;2014;9;201409;2014-09-01;6;16;22;-0.931558204004943;;3.2;941511;74300;21455;0.132;0.77279262189744;0.644895158797808;0.466039325854585;0.484842451008191;-0.739932414602825;9;0;13.7552413104949;11.2158662307059;9.97371299742563
35;Yamaguchi;2014;9;201409;2014-09-01;1;8;9;-1.73460105538811;;3.1;379645;42627;13151;0.159;0.634095712191742;-0.43342511964743;-0.376185303880099;-0.303279035658858;0.563519584884923;9;0;12.8469918845296;10.6602431343062;9.48425308034196
36;Tokushima;2014;9;201409;2014-09-01;0;4;4;-2.19722457733622;;3.5;192009;25582;8339;0.158;1.18888335101453;-1.24276760934615;-1.15016131782246;-1.03680648972608;0.515243584903895;9;0;12.1652975249113;10.1496442581593;9.02869858408699
37;Kagawa;2014;9;201409;2014-09-01;0;3;3;-1.94591014905531;;3;304439;29160;8952;0.148;0.495398802486044;-0.695529674004725;-0.951726940099055;-0.922590096766455;0.0324835850936174;9;0;12.6262260176564;10.2805531861226;9.09963224999176
38;Ehime;2014;9;201409;2014-09-01;2;8;10;-1.22377543162212;;3.3;381276;45248;12052;0.154;0.911489531603137;-0.428335472296048;-0.2857353893463;-0.443795423846399;0.322139584979784;9;0;12.8512788012998;10.7199137492562;9.39698590025019
39;Kochi;2014;9;201409;2014-09-01;0;9;9;-2.94443897916644;;3.3;190212;25146;8117;0.171;0.911489531603137;-1.25393134048563;-1.17621847822104;-1.08025361793013;1.14283158465726;9;0;12.1558945185859;10.1324541171531;9.00171590676118
40;Fukuoka;2014;9;201409;2014-09-01;5;22;27;-1.40876721697195;;4.5;1574711;118213;35780;0.122;2.57585244807151;1.25554717373593;1.16995149066873;1.30834204600452;-1.2226924144131;9;0;14.2695823213417;11.680243360986;10.4851443570627
41;Saga;2014;9;201409;2014-09-01;1;4;5;-1.09861228866811;;3;225834;20936;6840;0.143;0.495398802486044;-1.05012662925374;-1.45396017439293;-1.35587381210327;-0.208896414811521;9;0;12.327555495093;9.94922544420998;8.8305430106166
42;Nagasaki;2014;9;201409;2014-09-01;2;3;5;-0.336472236621213;;3.5;350359;41149;11842;0.153;1.18888335101453;-0.528735588179842;-0.429675910187733;-0.472099412999671;0.273863584998756;9;0;12.7667136220659;10.6249549044734;9.37940781309172
43;Kumamoto;2014;9;201409;2014-09-01;1;10;11;-1.94591014905531;;3.6;454169;53548;15834;0.152;1.32758026072023;-0.220630787116168;-0.0304410104139701;-0.00432913205303537;0.225587585017729;9;0;13.0262246544529;10.8883337269058;9.66991480573138
44;Oita;2014;9;201409;2014-09-01;0;8;8;-2.83321334405622;;3.4;318077;33524;10043;0.155;1.05018644130883;-0.64350105495068;-0.74032507786457;-0.737420477047744;0.370415584960812;9;0;12.6700487708163;10.4200168792188;9.21463115339334
45;Miyazaki;2014;9;201409;2014-09-01;2;6;8;-0.955511445027436;;3.7;280837;31226;9287;0.152;1.46627717042593;-0.791336468603273;-0.847964246499563;-0.863434115968701;0.225587585017729;9;0;12.5455297088351;10.3490063601015;9.13637085177601
46;Kagoshima;2014;9;201409;2014-09-01;2;14;16;-1.75785791755237;;4;435732;52368;16485;0.159;1.88236789954302;-0.269832853989181;-0.0642176195653109;0.0605474336793864;0.563519584884923;9;0;12.9847826544396;10.866050996741;9.71020615550583
47;Okinawa;2014;9;201409;2014-09-01;7;22;29;-1.09861228866811;;6.1;372714;31610;8443;0.099;4.79500300336267;-0.455300504418352;-0.829437219145216;-1.0168492160224;-2.33304041397674;9;0;12.828566648486;10.3612288052097;9.0410929746695
1;Hokkaido;2014;10;201410;2014-10-01;3;22;25;-1.86075234071501;;4.3;1475817;139261;41975;0.14;2.29845862866011;1.1785420228071;1.41833647479003;1.56546479217602;-0.353724414754603;10;0;14.2047222927161;11.8441051492836;10.6448294819457
2;Aomori;2014;10;201410;2014-10-01;1;4;5;-1.09861228866811;;3.7;351032;46239;11416;0.149;1.46627717042593;-0.526457200389088;-0.252894954608399;-0.531091238801948;0.0807595850746452;10;0;12.7686326663836;10.7415788768148;9.34277115915667
3;Iwate;2014;10;201410;2014-10-01;0;12;12;-3.2188758248682;;2.8;358683;42959;12795;0.16;0.218004983074649;-0.500858160403793;-0.364425091208151;-0.347467903146232;0.611795584865951;10;0;12.7901942690323;10.6680014514444;9.45680974859389
4;Miyagi;2014;10;201410;2014-10-01;3;15;18;-1.48807705542983;;3.6;683403;55589;15988;0.125;1.32758026072023;0.264498308178001;0.0262611065357638;0.0112557195424443;-1.07786441447002;10;0;13.4348400084693;10.9257406189388;9.67959371983121
5;Akita;2014;10;201410;2014-10-01;0;6;6;-2.56494935746154;;3.1;284220;41386;11988;0.18;0.634095712191742;-0.777120136395412;-0.420970504257008;-0.452368813607267;1.5773155844865;10;0;12.5575038651459;10.6306979383718;9.39166142843655
6;Yamagata;2014;10;201410;2014-10-01;0;4;4;-2.19722457733622;;2.4;315913;37726;11461;0.167;-0.336782655748142;-0.651605983140982;-0.561325053673567;-0.524756626600048;0.949727584733145;10;0;12.6632221382068;10.5381047909057;9.3467052464967
7;Fukushima;2014;10;201410;2014-10-01;2;12;14;-1.6094379124341;;3.1;545586;59807;16913;0.148;0.634095712191742;-0.00289950649057003;0.137124199906095;0.101819205710778;0.0324835850936174;10;0;13.2096157253581;10.9988779899443;9.73583783597404
8;Ibaraki;2014;10;201410;2014-10-01;2;15;17;-1.82454929205105;;3.1;737450;68410;22465;0.12;0.634095712191742;0.35486422823298;0.340844808829185;0.558912332106475;-1.31924441437516;10;0;13.5109535682877;11.133274291755;10.0197138215043
9;Tochigi;2014;10;201410;2014-10-01;1;6;7;-1.46633706879343;;2.9;533048;45505;12698;0.119;0.356701892780346;-0.0305018754714545;-0.277150179067684;-0.359721368169315;-1.36752041435619;10;0;13.1863667553783;10.7255774890115;9.4491997797304
10;Gunma;2014;10;201410;2014-10-01;4;7;11;-0.510825623765991;;2.7;563219;50965;15128;0.129;0.0793080733689514;0.0348646929337845;-0.105382130964388;-0.0777732486980388;-0.884760414545909;10;0;13.2414238190524;10.8388944016025;9.62430261033829
11;Saitama;2014;10;201410;2014-10-01;7;26;33;-1.26224171244991;;3.2;1362337;136752;39997;0.101;0.77279262189744;1.08354989799085;1.39077764774792;1.48774151573734;-2.23648841401468;10;0;14.1247121653354;11.8259243454058;10.5965597302834
12;Chiba;2014;10;201410;2014-10-01;5;28;33;-1.64515599503618;;3.1;1092599;127681;33765;0.111;0.634095712191742;0.82159199437358;1.28674070183845;1.21500871970069;-1.75372841420441;10;0;13.9040698196953;11.7572902447332;10.4271800420089
13;Tokyo;2014;10;201410;2014-10-01;60;167;227;-1.01833998622833;;3.8;9179083;283583;69426;0.107;1.60497408013163;3.34849964693615;2.49631945054143;2.37568981207119;-1.94683241412852;10;0;16.0324378665397;12.5552601282609;11.1480167161044
14;Kanagawa;2014;10;201410;2014-10-01;14;41;55;-1.05154477781012;;3.1;2007740;191275;49842;0.105;0.634095712191742;1.54397555941917;1.89940063165383;1.84206865374559;-2.04338441409057;10;0;14.5125202693385;12.1614674621001;10.8166132810671
15;Niigata;2014;10;201410;2014-10-01;3;17;20;-1.6094379124341;;3;703607;76212;25139;0.154;0.495398802486044;0.29908914937049;0.504553249677214;0.739996876551537;0.322139584979784;10;0;13.4639752406306;11.241274209591;10.1321757041057
16;Toyama;2014;10;201410;2014-10-01;2;5;7;-0.78845736036427;;2.5;353386;34605;11642;0.147;-0.198085746042444;-0.518522139452014;-0.692218133497257;-0.499526169784888;-0.0157924148874103;10;0;12.7753162229161;10.451753459276;9.36237452783168
17;Ishikawa;2014;10;201410;2014-10-01;3;7;10;-0.762140052046897;;2.6;356082;31427;10746;0.131;-0.0593888363367464;-0.509498914125086;-0.838238267685432;-0.628478969579769;-0.788208414583853;10;0;12.7829163203893;10.3554226750291;9.28228887128877
18;Fukui;2014;10;201410;2014-10-01;0;12;12;-3.2188758248682;;2.1;244353;23426;7983;0.146;-0.752873384865235;-0.956554982164665;-1.28361784777116;-1.10705733234727;-0.0640684148684381;10;0;12.4063691800938;10.0616017956298;8.9850695596458
19;Yamanashi;2014;10;201410;2014-10-01;0;4;4;-2.19722457733622;;2.7;203352;24225;6500;0.14;0.0793080733689514;-1.17462387269641;-1.23277930309972;-1.43797003651738;-0.353724414754603;10;0;12.2226937465464;10.095140436759;8.77955745588373
20;Nagano;2014;10;201410;2014-10-01;0;10;10;-3.04452243772342;;2.7;592592;61300;19122;0.153;0.0793080733689514;0.0952216919992869;0.174499974935518;0.299480719392842;0.273863584998756;10;0;13.2922614141992;11.0235351219243;9.85859478364539
21;Gifu;2014;10;201410;2014-10-01;3;7;10;-0.762140052046897;;2.2;556006;53046;15723;0.132;-0.614176475159537;0.0195616717812846;-0.044718498655108;-0.0156566586696316;-0.739932414602825;10;0;13.2285343645414;10.8789147406339;9.66287988747028
22;Shizuoka;2014;10;201410;2014-10-01;7;16;23;-0.78845736036427;;2.5;1097429;85144;29276;0.13;-0.198085746042444;0.826828852440796;0.672544022067393;0.98530491179106;-0.836484414564881;10;0;13.9084807293559;11.3520992197209;10.2845233467211
23;Aichi;2014;10;201410;2014-10-01;13;29;42;-0.78170057790139;;2.7;2641050;142408;39656;0.104;0.0793080733689514;1.86948050318997;1.4522094547913;1.47395479667028;-2.0916604140716;10;0;14.7866871233227;11.8664514561573;10.5879975397004
24;Mie;2014;10;201410;2014-10-01;1;14;15;-2.26868354131836;;2.3;462277;50450;15029;0.133;-0.47547956545384;-0.199622491124102;-0.120777369068261;-0.0883451877321978;-0.691656414621798;10;0;13.0439195574949;10.8287380257818;9.61773694693409
25;Shiga;2014;10;201410;2014-10-01;0;9;9;-2.94443897916644;;2.6;357994;31670;8317;0.11;-0.0593888363367464;-0.503140963877298;-0.826562717556981;-1.04106010544769;-1.80200441418544;10;0;12.7882715054659;10.3631251395327;9.02605689186869
26;Kyoto;2014;10;201410;2014-10-01;7;13;20;-0.587786664902119;;3.2;708811;75515;20564;0.126;0.77279262189744;0.307837952533466;0.490626473206445;0.416545215116521;-1.02958841448899;10;0;13.4713441973399;11.2320865910004;9.9312972531754
27;Osaka;2014;10;201410;2014-10-01;18;57;75;-1.13401421571903;;4.3;3352839;228535;49055;0.115;2.29845862866011;2.15279532202363;2.16918202219215;1.81644112002522;-1.5606244142803;10;0;15.0253180075941;12.3394446504532;10.8006973965975
28;Hyogo;2014;10;201410;2014-10-01;9;31;40;-1.19869574722509;;3.6;1308502;129567;37617;0.124;1.32758026072023;1.03568154656102;1.30896740787134;1.38895922293495;-1.12614041445105;10;0;14.0843935294189;11.7719534008471;10.5352113548586
29;Nara;2014;10;201410;2014-10-01;0;3;3;-1.94591014905531;;3.3;224622;35178;10374;0.129;0.911489531603137;-1.05651549743885;-0.667324265079162;-0.685207296502746;-0.884760414545909;10;0;12.322174268404;10.4681761661923;9.24705795491135
30;Wakayama;2014;10;201410;2014-10-01;1;5;6;-1.29928298413026;;2.6;228145;33985;9327;0.154;-0.0593888363367464;-1.03803901564112;-0.719622537307646;-0.856513783148485;0.322139584979784;10;0;12.3377366707089;10.4336745297807;9.14066869872686
31;Tottori;2014;10;201410;2014-10-01;1;3;4;-0.847297860387204;;2.8;154446;19286;6044;0.157;0.218004983074649;-1.50122950868383;-1.57839493541079;-1.5550887358684;0.466967584922867;10;0;11.9475997996624;9.86713472307033;8.70682132339263
32;Shimane;2014;10;201410;2014-10-01;0;4;4;-2.19722457733622;;2;199010;25232;7828;0.176;-0.891570294570933;-1.20024878312101;-1.17104317745776;-1.13862862063485;1.38421158456239;10;0;12.2011103537004;10.1358683092028;8.96546232851597
33;Okayama;2014;10;201410;2014-10-01;5;7;12;-0.31015492830384;;3;555094;58357;16225;0.141;0.495398802486044;0.0176126601795019;0.0999208316407173;0.0349493189197263;-0.305448414773577;10;0;13.2268927477566;10.9743345962435;9.69430854157229
34;Hiroshima;2014;10;201410;2014-10-01;9;14;23;-0.422856850820034;;3;941653;74492;21403;0.132;0.495398802486044;0.645074208184606;0.469951332025964;0.480935142639739;-0.739932414602825;10;0;13.7553921205149;11.2184470160514;9.97128637810056
35;Yamaguchi;2014;10;201410;2014-10-01;3;11;14;-1.18958406687384;;2.8;380073;42691;13136;0.159;0.218004983074649;-0.432087403298766;-0.373911164744329;-0.305116658212021;0.563519584884923;10;0;12.8481186185159;10.6617434041673;9.48311183169221
36;Tokushima;2014;10;201410;2014-10-01;2;6;8;-0.955511445027436;;3;192478;25707;8379;0.158;0.495398802486044;-1.23987117269837;-1.14277268160818;-1.02910131430791;0.515243584903895;10;0;12.1677371404646;10.1545186073372;9.03348385461329
37;Kagawa;2014;10;201410;2014-10-01;4;10;14;-0.847297860387204;;2.8;304463;29285;8962;0.148;0.218004983074649;-0.695436082489715;-0.945242970720895;-0.920792412131362;0.0324835850936174;10;0;12.6263048480758;10.2848307185239;9.10074869534609
38;Ehime;2014;10;201410;2014-10-01;2;5;7;-0.78845736036427;;2.8;381206;45372;12089;0.154;0.218004983074649;-0.42855346455992;-0.281587037911619;-0.438859677424573;0.322139584979784;10;0;12.8510951904075;10.7226504536789;9.40005122720199
39;Kochi;2014;10;201410;2014-10-01;0;6;6;-2.56494935746154;;3;190510;25199;8124;0.171;0.495398802486044;-1.25207276152911;-1.17302696000372;-1.07886561196735;1.14283158465726;10;0;12.1574599656095;10.1345595901725;9.00257792270028
40;Fukuoka;2014;10;201410;2014-10-01;7;35;42;-1.55462967593911;;4.2;1575361;118727;35803;0.122;2.15976171895442;1.25603713925554;1.17652811536583;1.30937676872817;-1.2226924144131;10;0;14.2699950103273;11.6845820189272;10.4857869677605
41;Saga;2014;10;201410;2014-10-01;0;5;5;-2.39789527279837;;3.2;225729;21031;6882;0.143;0.77279262189744;-1.05067876211185;-1.44709748939209;-1.34601693678986;-0.208896414811521;10;0;12.3270904436965;9.95375281868368;8.83666458635743
42;Nagasaki;2014;10;201410;2014-10-01;0;13;13;-3.29583686600433;;3.1;350401;41237;11915;0.153;0.634095712191742;-0.528593272542186;-0.426437684879417;-0.462203892095606;0.273863584998756;10;0;12.7668334919216;10.627091190577;9.38555338953284
43;Kumamoto;2014;10;201410;2014-10-01;2;6;8;-0.955511445027436;;3.2;454389;53770;15848;0.152;0.77279262189744;-0.220055820447999;-0.0241696946777914;-0.00290607764277642;0.225587585017729;10;0;13.0267089383496;10.8924709698037;9.67079858837839
44;Oita;2014;10;201410;2014-10-01;1;10;11;-1.94591014905531;;3.5;318034;33592;10198;0.155;1.18888335101453;-0.643661567202168;-0.737253506296958;-0.712759274288031;0.370415584960812;10;0;12.669913574286;10.422043222364;9.2299469016151
45;Miyazaki;2014;10;201410;2014-10-01;2;10;12;-1.43508452528932;;3;281163;31419;9309;0.152;0.495398802486044;-0.789959087979521;-0.838624181203083;-0.859624252809373;0.225587585017729;10;0;12.546689851314;10.3551680844413;9.13873695311649
46;Kagoshima;2014;10;201410;2014-10-01;5;10;15;-0.646627164925052;;3.9;436282;52418;16543;0.159;1.74367098983732;-0.268335198489497;-0.0627710330318166;0.0662026887177821;0.563519584884923;10;0;12.9860441022441;10.867005322773;9.71371833060702
47;Okinawa;2014;10;201410;2014-10-01;2;15;17;-1.82454929205105;;4.9;373413;31758;8525;0.099;3.1306400868943;-0.453075979971725;-0.822356617727788;-1.00128624140785;-2.33304041397674;10;0;12.8304403246953;10.365899941086;9.05075830215172
1;Hokkaido;2014;11;201411;2014-11-01;4;14;18;-1.17007125265025;;4.3;1468290;139403;41893;0.14;2.29845862866011;1.17247127895833;1.41988132066694;1.56231614690426;-0.353724414754603;11;0;14.1996090163305;11.8451242978804;10.6428740275143
2;Aomori;2014;11;201411;2014-11-01;0;3;3;-1.94591014905531;;3.7;350432;46201;11435;0.149;1.46627717042593;-0.528488240989194;-0.254141193577295;-0.528413584406264;0.0807595850746452;11;0;12.7669219580755;10.7407567218572;9.34443410645688
3;Iwate;2014;11;201411;2014-11-01;2;6;8;-0.955511445027436;;2.8;358967;42982;12811;0.16;0.218004983074649;-0.499918484025608;-0.363613747100426;-0.345455642057471;0.611795584865951;11;0;12.7909857412398;10.6685367023852;9.45805945585643
4;Miyagi;2014;11;201411;2014-11-01;5;10;15;-0.646627164925052;;3.6;684647;55676;15991;0.125;1.32758026072023;0.266657499696921;0.0286315980869507;0.0115578276693643;-1.07786441447002;11;0;13.4366586559499;10.9273044533473;9.67978134295944
5;Akita;2014;11;201411;2014-11-01;0;3;3;-1.94591014905531;;3.1;283715;41261;11981;0.18;0.634095712191742;-0.779231511978969;-0.425555731808437;-0.453309303577083;1.5773155844865;11;0;12.5557254921521;10.6276730228803;9.3910773406399
6;Yamagata;2014;11;201411;2014-11-01;0;2;2;-1.6094379124341;;2.4;316100;37711;11484;0.167;-0.336782655748142;-0.650903415337054;-0.561927869295844;-0.521528534249362;0.949727584733145;11;0;12.6638138982037;10.5377071080657;9.34871004124095
7;Fukushima;2014;11;201411;2014-11-01;1;9;10;-1.84582669049833;;3.1;547762;59899;16994;0.148;0.634095712191742;0.00182627552966305;0.13945416619103;0.109512325768335;0.0324835850936174;11;0;13.2135961650224;11.0004150894734;9.74061561956349
8;Ibaraki;2014;11;201411;2014-11-01;2;11;13;-1.52605630349505;;3.1;738627;68358;22399;0.12;0.634095712191742;0.356757618663381;0.339692161332764;0.554174798669849;-1.31924441437516;11;0;13.5125483363783;11.1325138799262;10.0167715939895
9;Tochigi;2014;11;201411;2014-11-01;0;7;7;-2.70805020110221;;2.9;533862;45418;12776;0.119;0.356701892780346;-0.0286902461570569;-0.280051015700714;-0.349860733999758;-1.36752041435619;11;0;13.187892657578;10.7236637812246;9.45532368989485
10;Gunma;2014;11;201411;2014-11-01;1;5;6;-1.29928298413026;;2.7;564167;51036;15287;0.129;0.0793080733689514;0.0368613727984755;-0.10327189202697;-0.0609380095089994;-0.884760414545909;11;0;13.2431055859422;10.8402865450416;9.63475807300103
11;Saitama;2014;11;201411;2014-11-01;4;22;26;-1.6094379124341;;3.2;1367360;137222;40001;0.101;0.77279262189744;1.0879192985705;1.39597840491723;1.48790253835908;-2.23648841401468;11;0;14.1283924314378;11.8293553312735;10.5966597327836
12;Chiba;2014;11;201411;2014-11-01;3;11;14;-1.18958406687384;;3.1;1093497;127813;33956;0.111;0.634095712191742;0.822567387672397;1.28830698726508;1.22409146608396;-1.75372841420441;11;0;13.904891375611;11.758323537192;10.4328208478579
13;Tokyo;2014;11;201411;2014-11-01;49;124;173;-0.922333046330118;;3.8;9196252;283682;69524;0.107;1.60497408013163;3.35071826475975;2.49684853725212;2.37796110750529;-1.94683241412852;11;0;16.0343065677085;12.5556091714806;11.1494272956834
14;Kanagawa;2014;11;201411;2014-11-01;11;20;31;-0.578077850775158;;3.1;2012825;191665;49970;0.105;0.634095712191742;1.54697870743111;1.90248816507352;1.84619849616766;-2.04338441409057;11;0;14.5150497659199;12.1635043354214;10.8191781043383
15;Niigata;2014;11;201411;2014-11-01;1;11;12;-2.03688192726104;;3;703550;76124;25071;0.154;0.495398802486044;0.298992964904862;0.502801960694533;0.735635485902276;0.322139584979784;11;0;13.4638942262164;11.2401188686369;10.1294670786695
16;Toyama;2014;11;201411;2014-11-01;0;4;4;-2.19722457733622;;2.5;353335;34629;11652;0.147;-0.198085746042444;-0.518693493676772;-0.69116721393011;-0.498143679822395;-0.0157924148874103;11;0;12.7751718943901;10.452446760283;9.36323311807933
17;Ishikawa;2014;11;201411;2014-11-01;0;5;5;-2.39789527279837;;2.6;356623;31302;10760;0.131;-0.0593888363367464;-0.507696476772024;-0.844279421124486;-0.62638256795883;-0.788208414583853;11;0;12.7844344803683;10.3514372722504;9.28359083371578
18;Fukui;2014;11;201411;2014-11-01;1;2;3;-0.510825623765991;;2.1;244680;23442;7964;0.146;-0.752873384865235;-0.954967231558926;-1.28258289335701;-1.11089423555463;-0.0640684148684381;11;0;12.4077065133565;10.0622845642831;8.98268666518409
19;Yamanashi;2014;11;201411;2014-11-01;0;2;2;-1.6094379124341;;2.7;202857;24209;6498;0.14;0.0793080733689514;-1.17751740615467;-1.23378079468337;-1.43846555458881;-0.353724414754603;11;0;12.2202565762965;10.0944797438333;8.77924971622905
20;Nagano;2014;11;201411;2014-11-01;1;9;10;-1.84582669049833;;2.7;591969;61148;19145;0.153;0.0793080733689514;0.0939728620862878;0.170736666985406;0.301416292160434;0.273863584998756;11;0;13.2912095476302;11.0210524341209;9.8597968639114
21;Gifu;2014;11;201411;2014-11-01;0;6;6;-2.56494935746154;;2.2;555947;53115;15750;0.132;-0.614176475159537;0.0194356811600891;-0.0427480651027836;-0.0128939711853706;-0.739932414602825;11;0;13.2284282449481;10.8802146532141;9.66459564425378
22;Shizuoka;2014;11;201411;2014-11-01;0;18;18;-3.61091791264422;;2.5;1099130;85198;29322;0.13;-0.198085746042444;0.828667651036878;0.673505080237884;0.987832935593687;-0.836484414564881;11;0;13.9100295157441;11.3527332383635;10.2860933664982
23;Aichi;2014;11;201411;2014-11-01;10;27;37;-0.962810747509048;;2.7;2645623;142277;39657;0.104;0.0793080733689514;1.87153446089894;1.45081442210213;1.47399540000039;-2.0916604140716;11;0;14.788417134292;11.865531140656;10.5880227562475
24;Mie;2014;11;201411;2014-11-01;1;4;5;-1.09861228866811;;2.3;463067;50404;15118;0.133;-0.47547956545384;-0.197595291021332;-0.122160114960989;-0.0788379752860665;-0.691656414621798;11;0;13.0456270310224;10.8278258159896;9.62364136585212
25;Shiga;2014;11;201411;2014-11-01;1;9;10;-1.84582669049833;;2.6;358554;31677;8284;0.11;-0.0593888363367464;-0.501285230994485;-0.826227713834854;-1.04746167242343;-1.80200441418544;11;0;12.7898345552937;10.3633461444746;9.02208122251547
26;Kyoto;2014;11;201411;2014-11-01;7;14;21;-0.659245628884264;;3.2;709800;75533;20562;0.126;0.77279262189744;0.309493362916888;0.490987745928073;0.416388605092528;-1.02958841448899;11;0;13.4727385191945;11.2323249258355;9.93119999110266
27;Osaka;2014;11;201411;2014-11-01;14;57;71;-1.37763629837678;;4.3;3359456;229051;49047;0.115;2.29845862866011;2.15513611430248;2.1726006734503;1.81617850585401;-1.5606244142803;11;0;15.0272896140695;12.3416999651643;10.8005343010435
28;Hyogo;2014;11;201411;2014-11-01;11;22;33;-0.67116827384117;;3.6;1311047;129455;37483;0.124;1.32758026072023;1.03798847452151;1.30765653963487;1.38321314709821;-1.12614041445105;11;0;14.086336612599;11.7710886093855;10.5316427758385
29;Nara;2014;11;201411;2014-11-01;0;2;2;-1.6094379124341;;3.3;225295;35159;10295;0.129;0.911489531603137;-1.05296363922412;-0.668143196271834;-0.697516098120054;-0.884760414545909;11;0;12.325165933542;10.467635909984;9.23941361946189
30;Wakayama;2014;11;201411;2014-11-01;0;4;4;-2.19722457733622;;2.6;228121;33963;9283;0.154;-0.0593888363367464;-1.03816391659954;-0.720604112696592;-0.864127787906367;0.322139584979784;11;0;12.3376314689186;10.4330269757462;9.13594004939993
31;Tottori;2014;11;201411;2014-11-01;0;5;5;-2.39789527279837;;2.8;154659;19295;6060;0.157;0.218004983074649;-1.49959327142382;-1.57768772820014;-1.55083179760466;0.466967584922867;11;0;11.9489779723462;9.86760127397172;8.70946507906336
32;Shimane;2014;11;201411;2014-11-01;0;2;2;-1.6094379124341;;2;199283;25214;7834;0.176;-0.891570294570933;-1.19862123934965;-1.1721249188072;-1.13739491916186;1.38421158456239;11;0;12.2024812040179;10.1351546747912;8.96622851422578
33;Okayama;2014;11;201411;2014-11-01;0;11;11;-3.13549421592915;;3;556524;58374;16320;0.141;0.495398802486044;0.0206672531118996;0.100362341454413;0.044349724555465;-0.305448414773577;11;0;13.2294655754524;10.9746258642035;9.7001466285181
34;Hiroshima;2014;11;201411;2014-11-01;2;18;20;-2.00148000021012;;3;943358;74338;21478;0.132;0.495398802486044;0.64722195581696;0.466814378844438;0.486567663811027;-0.739932414602825;11;0;13.7572011290193;11.2163775400726;9.97478443441816
35;Yamaguchi;2014;11;201411;2014-11-01;0;7;7;-2.70805020110221;;2.8;380760;42609;13067;0.159;0.218004983074649;-0.429943327425038;-0.37682552072051;-0.313596838960155;0.563519584884923;11;0;12.8499245343652;10.6598207775492;9.47784524698915
36;Tokushima;2014;11;201411;2014-11-01;0;3;3;-1.94591014905531;;3;192751;25691;8389;0.158;0.495398802486044;-1.23818843516219;-1.1437164195584;-1.02718076784883;0.515243584903895;11;0;12.1691544794796;10.1538960149984;9.03467660284629
37;Kagawa;2014;11;201411;2014-11-01;1;4;5;-1.09861228866811;;2.8;304962;29275;9016;0.148;0.218004983074649;-0.693491828437693;-0.945760668830419;-0.911119444798844;0.0324835850936174;11;0;12.6279424576636;10.2844891884659;9.10675605571961
38;Ehime;2014;11;201411;2014-11-01;0;5;5;-2.39789527279837;;2.8;381736;45227;12164;0.154;0.218004983074649;-0.426903946586563;-0.286439058240921;-0.428900964524295;0.322139584979784;11;0;12.8524845491929;10.7194495326135;9.40623604879726
39;Kochi;2014;11;201411;2014-11-01;0;9;9;-2.94443897916644;;3;190995;25188;8058;0.171;0.495398802486044;-1.24905410031657;-1.17368879820859;-1.09200031258198;1.14283158465726;11;0;12.1600025286756;10.1341229696086;8.99442066575129
40;Fukuoka;2014;11;201411;2014-11-01;4;19;23;-1.46633706879343;;4.2;1578238;118929;35774;0.122;2.15976171895442;1.25820337715222;1.17910491312246;1.30807200894761;-1.2226924144131;11;0;14.2718195928428;11.6862819553785;10.4849766515532
41;Saga;2014;11;201411;2014-11-01;2;1;3;0.510825623765991;;3.2;226304;20941;6855;0.143;0.77279262189744;-1.04765831960147;-1.45359820480171;-1.35234656872037;-0.208896414811521;11;0;12.3296345071172;9.94946423877615;8.83273359199642
42;Nagasaki;2014;11;201411;2014-11-01;0;8;8;-2.83321334405622;;3.1;351010;41250;11831;0.153;0.634095712191742;-0.526531610546324;-0.425959896602176;-0.473595805247308;0.273863584998756;11;0;12.7685699920707;10.6274063917628;9.37847848425366
43;Kumamoto;2014;11;201411;2014-11-01;0;8;8;-2.83321334405622;;3.2;456300;53768;15750;0.152;0.77279262189744;-0.215073130430921;-0.0242260773536849;-0.0128939711853706;0.225587585017729;11;0;13.0309057669155;10.8924337736498;9.66459564425378
44;Oita;2014;11;201411;2014-11-01;0;1;1;-1.09861228866811;;3.5;318591;33552;10132;0.155;1.18888335101453;-0.641584051796879;-0.739059559233055;-0.72321403540314;0.370415584960812;11;0;12.6716634274715;10.4208517531417;9.22345401112157
45;Miyazaki;2014;11;201411;2014-11-01;0;7;7;-2.70805020110221;;3;281773;31373;9350;0.152;0.495398802486044;-0.787386065276674;-0.840845092617625;-0.852548018217284;0.225587585017729;11;0;12.5488570612233;10.3537029293824;9.14313162228273
46;Kagoshima;2014;11;201411;2014-11-01;0;9;9;-2.94443897916644;;3.9;437146;52434;16490;0.159;1.74367098983732;-0.265986326169968;-0.062308416753874;0.0610357387507257;0.563519584884923;11;0;12.9880225143899;10.8673105148556;9.71050941555364
47;Okinawa;2014;11;201411;2014-11-01;4;6;10;-0.367724780125317;;4.9;374270;31878;8523;0.099;3.1306400868943;-0.450354305737315;-0.816639771238332;-1.00166404196341;-2.33304041397674;11;0;12.8327327410678;10.369671395679;9.0505236705223
1;Hokkaido;2014;12;201412;2014-12-01;3;12;15;-1.27296567581289;;4.3;1445023;139241;42187;0.14;2.29845862866011;1.15350705336443;1.4181187643172;1.57357677016124;-0.353724414754603;12;0;14.183635796357;11.8439615237439;10.6498673956928
2;Aomori;2014;12;201412;2014-12-01;1;5;6;-1.29928298413026;;3.7;345496;46138;11424;0.149;1.46627717042593;-0.545330128392521;-0.256209586736504;-0.529963262601425;0.0807595850746452;12;0;12.7527363446988;10.739392184451;9.34347168457936
3;Iwate;2014;12;201412;2014-12-01;2;5;7;-0.78845736036427;;2.8;358872;42977;12890;0.16;0.218004983074649;-0.500232729617391;-0.363790089316092;-0.335556798316212;0.611795584865951;12;0;12.7907210579318;10.6684203678534;9.46420709593323
4;Miyagi;2014;12;201412;2014-12-01;7;15;22;-0.725937003382936;;3.6;685002;55515;15882;0.125;1.32758026072023;0.267272948192032;0.0242419047017598;0.000544684639409253;-1.07786441447002;12;0;13.4371770369481;10.9244085334884;9.67294167145516
5;Akita;2014;12;201412;2014-12-01;1;5;6;-1.29928298413026;;3.1;282958;41151;12038;0.18;0.634095712191742;-0.782403534436369;-0.429602237281283;-0.445666956099074;1.5773155844865;12;0;12.5530537557175;10.6250035071465;9.39582359210772
6;Yamagata;2014;12;201412;2014-12-01;2;6;8;-0.955511445027436;;2.4;315989;37654;11499;0.167;-0.336782655748142;-0.651320397412649;-0.564220757488541;-0.519426737892455;0.949727584733145;12;0;12.6634626818366;10.5361944692847;9.35001535404867
7;Fukushima;2014;12;201412;2014-12-01;2;11;13;-1.52605630349505;;3.1;549402;59836;17076;0.148;0.634095712191742;0.00537559636427134;0.137859032404601;0.117263162498716;0.0324835850936174;12;0;13.2165856929716;10.9993627654944;9.74542924787785
8;Ibaraki;2014;12;201412;2014-12-01;4;13;17;-1.09861228866811;;3.1;739048;68123;22574;0.12;0.634095712191742;0.357434131151457;0.334472122444242;0.566706049211192;-1.31924441437516;12;0;13.5131181504597;11.1290701737364;10.0245540805156
9;Tochigi;2014;12;201412;2014-12-01;4;4;8;0 ;;2.9;534414;45165;12807;0.119;0.356701892780346;-0.02746329215694;-0.288518464777664;-0.345958471622148;-1.36752041435619;12;0;13.1889260984662;10.7180777295839;9.45774717542607
10;Gunma;2014;12;201412;2014-12-01;3;8;11;-0.887303195000903;;2.7;564504;50889;15150;0.129;0.0793080733689514;0.0375703547562823;-0.107644238396121;-0.0754333254955251;-0.884760414545909;12;0;13.2437027484635;10.8374020691638;9.62575581093752
11;Saitama;2014;12;201412;2014-12-01;5;27;32;-1.6094379124341;;3.2;1371809;136837;40049;0.101;0.77279262189744;1.09177600512321;1.39171953289967;1.48983355485782;-2.23648841401468;12;0;14.131640864749;11.826545715437;10.5978589833958
12;Chiba;2014;12;201412;2014-12-01;3;10;13;-1.09861228866811;;3.1;1096519;127670;33843;0.111;0.634095712191742;0.825843962451026;1.28661010496936;1.21872409541467;-1.75372841420441;12;0;13.9076511745513;11.7572040888144;10.429487462273
13;Tokyo;2014;12;201412;2014-12-01;63;127;190;-0.697076458699835;;3.8;9214566;283773;69293;0.107;1.60497408013163;3.35308028113614;2.49733470664256;2.37260220621542;-1.94683241412852;12;0;16.0362960508527;12.5559299017615;11.1460991699751
14;Kanagawa;2014;12;201412;2014-12-01;8;12;20;-0.385662480811985;;3.1;2018106;191608;50050;0.105;0.634095712191742;1.5500895905046;1.90203730240652;1.84877427909711;-2.04338441409057;12;0;14.5176700057709;12.1632068973007;10.8207777847434
15;Niigata;2014;12;201412;2014-12-01;3;16;19;-1.55059741241117;;3;702423;75964;25159;0.154;0.495398802486044;0.29708961048709;0.499612605880676;0.741277393506694;0.322139584979784;12;0;13.4622910656417;11.2380148228341;10.1329709643965
16;Toyama;2014;12;201412;2014-12-01;0;8;8;-2.83321334405622;;2.5;352635;34525;11694;0.147;-0.198085746042444;-0.52104791711326;-0.695726470199952;-0.492350149170826;-0.0157924148874103;12;0;12.7731888066402;10.4494389782775;9.36683116873562
17;Ishikawa;2014;12;201412;2014-12-01;1;10;11;-1.94591014905531;;2.6;356426;31212;10762;0.131;-0.0593888363367464;-0.508352500424923;-0.848644008216943;-0.626083304699834;-0.788208414583853;12;0;12.7838819236576;10.3485579152367;9.28377669004936
18;Fukui;2014;12;201412;2014-12-01;2;8;10;-1.22377543162212;;2.1;244664;23465;7939;0.146;-0.752873384865235;-0.955044870276151;-1.28109638328632;-1.11595676239488;-0.0640684148684381;12;0;12.4076411196866;10.0632652282285;8.97954260172511
19;Yamanashi;2014;12;201412;2014-12-01;2;5;7;-0.78845736036427;;2.7;202825;24243;6477;0.14;0.0793080733689514;-1.17770470576622;-1.23165341541492;-1.44367772178635;-0.353724414754603;12;0;12.2200988172633;10.0958831949016;8.77601271918292
20;Nagano;2014;12;201412;2014-12-01;1;5;6;-1.29928298413026;;2.7;590801;60915;19077;0.153;0.0793080733689514;0.0916280107180644;0.164949712697748;0.295686986481671;0.273863584998756;12;0;13.2892345222581;11.0172347287885;9.85623869993552
21;Gifu;2014;12;201412;2014-12-01;1;6;7;-1.46633706879343;;2.2;555833;53039;15817;0.132;-0.614176475159537;0.0191922037733745;-0.0449185408922767;-0.00605881920093268;-0.739932414602825;12;0;13.2282231684035;10.8787827709867;9.66884058996349
22;Shizuoka;2014;12;201412;2014-12-01;9;15;24;-0.489548225318706;;2.5;1098235;84992;29312;0.13;-0.198085746042444;0.827700501801782;0.669835545214848;0.987283702733566;-0.836484414564881;12;0;13.9092149036523;11.3503124133961;10.2857522674739
23;Aichi;2014;12;201412;2014-12-01;17;21;38;-0.205852054204149;;2.7;2649540;142119;39715;0.104;0.0793080733689514;1.8732909560425;1.44913015374019;1.47634864301622;-2.0916604140716;12;0;14.7898965979891;11.8644200138029;10.5894842290672
24;Mie;2014;12;201412;2014-12-01;0;7;7;-2.70805020110221;;2.3;463796;50319;14961;0.133;-0.47547956545384;-0.195727687396028;-0.124718512443818;-0.0956471439142055;-0.691656414621798;12;0;13.0472000793593;10.8261380183629;9.61320209421423
25;Shiga;2014;12;201412;2014-12-01;2;8;10;-1.22377543162212;;2.6;359038;31655;8283;0.11;-0.0593888363367464;-0.499683681092549;-0.827280832082821;-1.04765605715963;-1.80200441418544;12;0;12.7911835114509;10.3626513929782;9.02196050059826
26;Kyoto;2014;12;201412;2014-12-01;2;11;13;-1.52605630349505;;3.2;709772;75554;20522;0.126;0.77279262189744;0.309446527623746;0.491409121973049;0.413253201589109;-1.02958841448899;12;0;13.4726990706847;11.2326029113688;9.92925276042215
27;Osaka;2014;12;201412;2014-12-01;24;47;71;-0.662056593489914;;4.3;3364365;229068;49105;0.115;2.29845862866011;2.1568697171118;2.17271317234627;1.8180814889124;-1.5606244142803;12;0;15.0287497959727;12.3417741816889;10.8017161415919
28;Hyogo;2014;12;201412;2014-12-01;8;25;33;-1.09861228866811;;3.6;1312568;129265;37584;0.124;1.32758026072023;1.03936505559298;1.30543014924166;1.38754604651166;-1.12614041445105;12;0;14.0874960816297;11.7696198397955;10.5343337068987
29;Nara;2014;12;201412;2014-12-01;1;8;9;-1.73460105538811;;3.3;225848;35202;10388;0.129;0.911489531603137;-1.05005303093593;-0.666290457673398;-0.683035770940446;-0.884760414545909;12;0;12.3276174856085;10.4688581781539;9.24840657278264
30;Wakayama;2014;12;201412;2014-12-01;2;5;7;-0.78845736036427;;2.6;228467;33871;9260;0.154;-0.0593888363367464;-1.03636453065088;-0.724715783248253;-0.86812221125551;0.322139584979784;12;0;12.3391470587555;10.4303144700291;9.13345932764022
31;Tottori;2014;12;201412;2014-12-01;1;5;6;-1.29928298413026;;2.8;154792;19082;6040;0.157;0.218004983074649;-1.49857272582692;-1.59451410785472;-1.55615473124689;0.466967584922867;12;0;11.9498375592158;9.85650076131179;8.70615929092886
32;Shimane;2014;12;201412;2014-12-01;2;3;5;-0.336472236621213;;2;199259;25125;7816;0.176;-0.891570294570933;-1.19876423070492;-1.17748490311414;-1.14109886294047;1.38421158456239;12;0;12.2023607650176;10.1316186453614;8.96392819372262
33;Okayama;2014;12;201412;2014-12-01;2;7;9;-1.09861228866811;;3;557612;58279;16252;0.141;0.495398802486044;0.0229860540216171;0.0978934304691852;0.0376266001308495;-0.305448414773577;12;0;13.2314186590003;10.972997101617;9.69597125710762
34;Hiroshima;2014;12;201412;2014-12-01;1;18;19;-2.51230562397612;;3;944969;74220;21507;0.132;0.495398802486044;0.649247730218691;0.464406338839723;0.488740300774444;-0.739932414602825;12;0;13.758907401705;11.2147889346146;9.97613374252098
35;Yamaguchi;2014;12;201412;2014-12-01;3;9;12;-0.998528830111127;;2.8;381188;42436;13087;0.159;0.218004983074649;-0.428609526183554;-0.382992543599144;-0.311134215614948;0.563519584884923;12;0;12.8510479707284;10.6557523375792;9.47937465005548
36;Tokushima;2014;12;201412;2014-12-01;0;4;4;-2.19722457733622;;3;193145;25735;8407;0.158;0.495398802486044;-1.23576406610775;-1.14112255270223;-1.02372954632191;0.515243584903895;12;0;12.1711964811427;10.1556072120869;9.0368199711353
37;Kagawa;2014;12;201412;2014-12-01;2;7;9;-1.09861228866811;;2.8;305359;29183;9304;0.148;0.218004983074649;-0.691947268057036;-0.950531805705734;-0.860489339576222;0.0324835850936174;12;0;12.6292434125906;10.2813416269361;9.1381996941985
38;Ehime;2014;12;201412;2014-12-01;2;8;10;-1.22377543162212;;2.8;382637;45108;12216;0.154;0.218004983074649;-0.424105014955692;-0.29043269725757;-0.422032236311819;0.322139584979784;12;0;12.8548420380558;10.7168148933522;9.41050184689847
39;Kochi;2014;12;201412;2014-12-01;2;4;6;-0.587786664902119;;3;191612;25177;8059;0.171;0.495398802486044;-1.24522492487282;-1.17435092551185;-1.09180050046279;1.14283158465726;12;0;12.1632277730379;10.133686158324;8.99454475832451
40;Fukuoka;2014;12;201412;2014-12-01;8;20;28;-0.880358722648092;;4.2;1582420;118967;35849;0.122;2.15976171895442;1.2613451834982;1.17958916811109;1.3114442215377;-1.2226924144131;12;0;14.2744658788;11.6866014227115;10.4870709516359
41;Saga;2014;12;201412;2014-12-01;2;6;8;-0.955511445027436;;3.2;226633;20824;6826;0.143;0.77279262189744;-1.04593355110453;-1.46209102940521;-1.35917289176544;-0.208896414811521;12;0;12.3310872480408;9.9438614466744;8.82849412946665
42;Nagasaki;2014;12;201412;2014-12-01;1;11;12;-2.03688192726104;;3.1;351198;41207;11868;0.153;0.634095712191742;-0.525895892232521;-0.427540848323828;-0.468568004163633;0.273863584998756;12;0;12.7691054459661;10.6263634238184;9.38160098141071
43;Kumamoto;2014;12;201412;2014-12-01;2;9;11;-1.33500106673234;;3.2;457096;53570;15895;0.152;0.77279262189744;-0.213003814942571;-0.0298183691852763;0.00186214183505241;0.225587585017729;12;0;13.0326487134612;10.888744488875;9.6737598733449
44;Oita;2014;12;201412;2014-12-01;0;2;2;-1.6094379124341;;3.5;318925;33353;10172;0.155;1.18888335101453;-0.640340029817035;-0.748076794999881;-0.716869716870781;0.370415584960812;12;0;12.6727112444065;10.4149030023205;9.22739412654201
45;Miyazaki;2014;12;201412;2014-12-01;0;9;9;-2.94443897916644;;3;282319;31253;9396;0.152;0.495398802486044;-0.785087718935122;-0.846654137698327;-0.844645670746381;0.225587585017729;12;0;12.550792916263;10.3498706505568;9.1480393457788
46;Kagoshima;2014;12;201412;2014-12-01;1;6;7;-1.46633706879343;;3.9;438111;52217;16551;0.159;1.74367098983732;-0.263368356971447;-0.0685947097137287;0.066981167471279;0.563519584884923;12;0;12.9902275819095;10.8631633913497;9.71420180194054
47;Okinawa;2014;12;201412;2014-12-01;2;18;20;-2.00148000021012;;4.9;375762;31935;8485;0.099;3.1306400868943;-0.445630824015232;-0.81393180371366;-1.00885914642102;-2.33304041397674;12;0;12.836711243233;10.3714578659957;9.04605517766833
1;Hokkaido;2015;1;201501;2015-01-01;5;16;21;-1.09861228866811;;3.8;1427943;138750;42029;0.14;1.60497408013163;1.13939029006964;1.41276414191239;1.56753493297499;-0.353724414754603;1;1;14.1717455051186;11.8404290316087;10.646115135187
2;Aomori;2015;1;201501;2015-01-01;1;5;6;-1.29928298413026;;4.5;341527;45829;11497;0.149;2.57585244807151;-0.559048017570766;-0.266395635166482;-0.519706818943849;0.0807595850746452;1;1;12.7411820178252;10.7326723574964;9.34984141075374
3;Iwate;2015;1;201501;2015-01-01;5;5;10;0 ;;3.3;357651;42709;12940;0.16;0.911489531603137;-0.504279034329892;-0.373272177360182;-0.329323008259833;0.611795584865951;1;1;12.7873129295623;10.662164949841;9.46807856805489
4;Miyagi;2015;1;201501;2015-01-01;0;5;5;-2.39789527279837;;3.9;684571;55287;16091;0.125;1.74367098983732;0.266525700237506;0.018003615515973;0.021595800209494;-1.07786441447002;1;1;13.4365476436785;10.9202930785001;9.68601538845915
5;Akita;2015;1;201501;2015-01-01;0;9;9;-2.94443897916644;;4;281278;41007;12048;0.18;1.88236789954302;-0.789473583198782;-0.434915860074223;-0.444329925414927;1.5773155844865;1;1;12.547098783101;10.6214980628208;9.39665395003967
6;Yamagata;2015;1;201501;2015-01-01;3;6;9;-0.619039208406224;;3.1;315384;37540;11503;0.167;0.634095712191742;-0.653595715597596;-0.568816965113878;-0.518866721901974;0.949727584733145;1;1;12.6615462229916;10.5331623101405;9.35036314989601
7;Fukushima;2015;1;201501;2015-01-01;1;10;11;-1.94591014905531;;3.4;547812;59346;17069;0.148;1.05018644130883;0.00193464349606257;0.125394801069429;0.116602960309188;0.0324835850936174;1;1;13.2136874413762;10.9911400009679;9.74501923176433
8;Ibaraki;2015;1;201501;2015-01-01;4;9;13;-0.747214401830221;;3.4;737245;67737;22557;0.12;1.05018644130883;0.35453414437081;0.325858724628109;0.565492995539814;-1.31924441437516;1;1;13.5106755446945;11.1233878384114;10.0238007180461
9;Tochigi;2015;1;201501;2015-01-01;4;10;14;-0.847297860387204;;3.2;532328;45120;12815;0.119;0.77279262189744;-0.0321066066457572;-0.290029500008235;-0.344952969467608;-1.36752041435619;1;1;13.1850151196936;10.7170808861719;9.45837163879817
10;Gunma;2015;1;201501;2015-01-01;1;8;9;-1.73460105538811;;3.2;563120;50719;15130;0.129;0.77279262189744;0.0346559851195708;-0.112716469892397;-0.0775603878397214;-0.884760414545909;1;1;13.241248028282;10.8340558728284;9.6244348067824
11;Saitama;2015;1;201501;2015-01-01;6;13;19;-0.730887508542792;;3.4;1369286;136132;40253;0.101;1.05018644130883;1.08959042907902;1.38388966568886;1.49801463733536;-2.23648841401468;1;1;14.1297999940659;11.8213802822373;10.6029398142307
12;Chiba;2015;1;201501;2015-01-01;6;14;20;-0.802346472524937;;3;1092660;126988;33735;0.111;0.495398802486044;0.821658276976315;1.2784910453239;1.2135774431972;-1.75372841420441;1;1;13.9041256483179;11.7518478727875;10.4262911530615
13;Tokyo;2015;1;201501;2015-01-01;54;117;171;-0.768237631915015;;3.8;9198851;282053;69563;0.107;1.60497408013163;3.35105375253104;2.48811908729488;2.37886409993595;-1.94683241412852;1;1;16.0345891429154;12.5498502755235;11.1499880957728
14;Kanagawa;2015;1;201501;2015-01-01;11;30;41;-0.975379648244162;;3.4;2013827;190888;50062;0.105;1.05018644130883;1.54756958332029;1.89633061933003;1.84916029139568;-2.04338441409057;1;1;14.5155474498621;12.1594421476019;10.8210175162452
15;Niigata;2015;1;201501;2015-01-01;3;9;12;-0.998528830111127;;3.2;698185;75681;25168;0.154;0.77279262189744;0.289904750469073;0.493954950539115;0.741853294068942;0.322139584979784;1;1;13.4562393896068;11.2342824171691;10.1333286252981
16;Toyama;2015;1;201501;2015-01-01;3;0;3;1.94591014905531;;2.5;351090;34439;11618;0.147;-0.198085746042444;-0.52626105050792;-0.699507010536036;-0.502848996677735;-0.0157924148874103;1;1;12.7687978798369;10.4469449221155;9.36031089855248
17;Ishikawa;2015;1;201501;2015-01-01;3;1;4;0.847297860387204;;2.6;355043;31000;10669;0.131;-0.0593888363367464;-0.512968219635136;-0.858974976341978;-0.640058222744553;-0.788208414583853;1;1;12.7799941878829;10.3417424834673;9.27509761919146
18;Fukui;2015;1;201501;2015-01-01;1;4;5;-1.09861228866811;;2.1;243825;23254;7982;0.146;-0.752873384865235;-0.959123180287087;-1.29478846595939;-1.10725904684304;-0.0640684148684381;1;1;12.4042060338402;10.0542324392286;8.98494428560868
19;Yamanashi;2015;1;201501;2015-01-01;0;5;5;-2.39789527279837;;3.2;202657;24120;6463;0.14;0.77279262189744;-1.17868851379549;-1.23936370088665;-1.44716189678501;-0.353724414754603;1;1;12.2192701737742;10.0907966508411;8.7738488852629
20;Nagano;2015;1;201501;2015-01-01;5;13;18;-0.897941593205959;;3.2;588680;60594;19155;0.153;0.77279262189744;0.0873580603857308;0.156940769031357;0.302257120357295;0.273863584998756;1;1;13.2856380212781;11.0119511572546;9.86031905713475
21;Gifu;2015;1;201501;2015-01-01;1;10;11;-1.94591014905531;;2.4;554575;52717;15761;0.132;-0.336782655748142;0.0165020885574658;-0.0541491389553172;-0.0117697893895617;-0.739932414602825;1;1;13.2259573336144;10.8726932631567;9.66529381317554
22;Shizuoka;2015;1;201501;2015-01-01;3;7;10;-0.762140052046897;;2.6;1095086;84289;29318;0.13;-0.0593888363367464;0.824291373090363;0.657245501191487;0.987613264930262;-0.836484414564881;1;1;13.9063434569615;11.3420066491176;10.28595694085
23;Aichi;2015;1;201501;2015-01-01;11;27;38;-0.871838969303321;;2.2;2643462;141340;39750;0.104;-0.614176475159537;1.8705642930446;1.44079860108764;1.4777670413616;-2.0916604140716;1;1;14.7875999796725;11.8589236142448;10.5903651200825
24;Mie;2015;1;201501;2015-01-01;4;10;14;-0.847297860387204;;2;462585;49901;14895;0.133;-0.891570294570933;-0.198831727955887;-0.137363023618767;-0.102766144885363;-0.691656414621798;1;1;13.0445856028322;10.817796321619;9.60878086514738
25;Shiga;2015;1;201501;2015-01-01;3;5;8;-0.451985123743057;;2.5;357931;31575;8216;0.11;-0.198085746042444;-0.503349915456825;-0.831116532500422;-1.06073358335702;-1.80200441418544;1;1;12.7880955093764;10.3601209472187;9.01383875160839
26;Kyoto;2015;1;201501;2015-01-01;6;9;15;-0.379489621704904;;3.6;707574;75142;20429;0.126;1.32758026072023;0.30576417995581;0.48312065490555;0.405939702443438;-1.02958841448899;1;1;13.4695974966696;11.2271349357554;9.92471073898765
27;Osaka;2015;1;201501;2015-01-01;15;46;61;-1.09861228866811;;4.3;3354610;227657;48955;0.115;2.29845862866011;2.15342227335381;2.16334723487827;1.81315536036978;-1.5606244142803;1;1;15.0258460772197;12.3355953892469;10.7986567877882
28;Hyogo;2015;1;201501;2015-01-01;8;27;35;-1.17411984117625;;3.7;1308956;128555;37174;0.124;1.46627717042593;1.03609340576104;1.29708141790899;1.36988418121663;-1.12614041445105;1;1;14.0847404308817;11.7641121073091;10.5233648711683
29;Nara;2015;1;201501;2015-01-01;2;3;5;-0.336472236621213;;3.1;225144;34979;10360;0.129;0.634095712191742;-1.05375964022531;-0.675923521003266;-0.687381754578518;-0.884760414545909;1;1;12.3244954764739;10.4625031603995;9.24570751581347
30;Wakayama;2015;1;201501;2015-01-01;0;2;2;-1.6094379124341;;2.4;227610;33698;9300;0.154;-0.336782655748142;-1.04082638919782;-0.732477846965713;-0.861181743784008;0.322139584979784;1;1;12.3353889170002;10.4251937673983;9.13776967914135
31;Tottori;2015;1;201501;2015-01-01;0;3;3;-1.94591014905531;;3.2;154318;19124;6076;0.157;0.77279262189744;-1.50221387324977;-1.59118141310818;-1.54658608397692;0.466967584922867;1;1;11.9467706874127;9.85869936974599;8.71210186371566
32;Shimane;2015;1;201501;2015-01-01;0;7;7;-2.70805020110221;;2;198700;25047;7810;0.176;-0.891570294570933;-1.20209961898727;-1.18219805224715;-1.14233540668003;1.38421158456239;1;1;12.1995514285399;10.1285093388621;8.96316024283373
33;Okayama;2015;1;201501;2015-01-01;4;12;16;-1.02165124753198;;3.4;556086;57953;16354;0.141;1.05018644130883;0.0197324851694482;0.0893904599953486;0.0477007891581238;-0.305448414773577;1;1;13.2286782375306;10.9673876161941;9.70222779472192
34;Hiroshima;2015;1;201501;2015-01-01;1;19;20;-2.56494935746154;;3.2;942942;73848;21316;0.132;0.77279262189744;0.646698288814283;0.456789753959962;0.474376638356916;-0.739932414602825;1;1;13.7567600538916;11.20976420567;9.96721324341667
35;Yamaguchi;2015;1;201501;2015-01-01;1;7;8;-1.6094379124341;;2.5;379970;42232;13018;0.159;-0.198085746042444;-0.432409192673518;-0.390297024360999;-0.319646231704083;0.563519584884923;1;1;12.8478475812176;10.6509335065035;9.47408829413233
36;Tokushima;2015;1;201501;2015-01-01;3;3;6;0 ;;3.5;192330;25548;8343;0.158;1.18888335101453;-1.2407844239595;-1.15217727281149;-1.03603431085484;0.515243584903895;1;1;12.1669679256494;10.1483143146815;9.02917814290207
37;Kagawa;2015;1;201501;2015-01-01;3;6;9;-0.619039208406224;;2.9;304751;28938;9105;0.148;0.356701892780346;-0.694313559404802;-0.963311286854875;-0.895302690449873;0.0324835850936174;1;1;12.6272503287163;10.272910889297;9.11657899216171
38;Ehime;2015;1;201501;2015-01-01;2;10;12;-1.43508452528932;;3.1;381285;44718;12123;0.154;0.634095712191742;-0.42830744762295;-0.303595334671122;-0.434337427413059;0.322139584979784;1;1;12.8513024059688;10.7081313841097;9.40285975374658
39;Kochi;2015;1;201501;2015-01-01;0;8;8;-2.83321334405622;;3.3;190604;24944;8011;0.171;0.911489531603137;-1.25148710148503;-1.18844436402625;-1.10141956156443;1.14283158465726;1;1;12.1579532563409;10.1243885912976;8.98857087621512
40;Fukuoka;2015;1;201501;2015-01-01;4;17;21;-1.35812348415319;;4.2;1577765;118526;35738;0.122;2.15976171895442;1.25784750305971;1.17395971873495;1.30645083489371;-1.2226924144131;1;1;14.2715198466109;11.6828876247733;10.4839698274386
41;Saga;2015;1;201501;2015-01-01;1;3;4;-0.847297860387204;;2.7;226071;20595;6862;0.143;0.0793080733689514;-1.04888132957696;-1.47885272468952;-1.35070316233396;-0.208896414811521;1;1;12.3286043882088;9.93280360687018;8.8337542234184
42;Nagasaki;2015;1;201501;2015-01-01;0;7;7;-2.70805020110221;;3.4;349952;40948;11850;0.153;1.05018644130883;-0.530115578837136;-0.437098360187622;-0.471012000525181;0.273863584998756;1;1;12.7655512812035;10.6200582480397;9.38008314656328
43;Kumamoto;2015;1;201501;2015-01-01;0;8;8;-2.83321334405622;;3.6;455611;53249;15884;0.152;1.32758026072023;-0.216867200852553;-0.0389287278429254;0.000747440537228136;0.225587585017729;1;1;13.0293946542497;10.8827343040526;9.67306759225114
44;Oita;2015;1;201501;2015-01-01;1;1;2;0 ;;3.5;317998;33157;10183;0.155;1.18888335101453;-0.643795966243498;-0.757010837695345;-0.71512940271813;0.370415584960812;1;1;12.6698003724344;10.4090091347102;9.22847494217167
45;Miyazaki;2015;1;201501;2015-01-01;1;6;7;-1.46633706879343;;3;281673;30973;9375;0.152;0.495398802486044;-0.78780749032037;-0.860295781981142;-0.848248453685547;0.225587585017729;1;1;12.5485021026255;10.3408711362126;9.14580185083861
46;Kagoshima;2015;1;201501;2015-01-01;0;6;6;-2.56494935746154;;3.3;437316;51853;16470;0.159;0.911489531603137;-0.265524710416927;-0.079198356262787;0.0590816293356468;0.563519584884923;1;1;12.9884113248863;10.8561680711932;9.70929582317169
47;Okinawa;2015;1;201501;2015-01-01;8;10;18;-0.211309093667207;;5.5;375255;31745;8494;0.099;3.96282154512849;-0.447233814312331;-0.822977239144871;-1.00715213481836;-2.33304041397674;1;1;12.8353610738573;10.3654905116045;9.04711531087322
1;Hokkaido;2015;2;201502;2015-02-01;1;19;20;-2.56494935746154;;3.8;1422090;139253;42362;0.14;1.60497408013163;1.13451386133091;1.41824939435311;1.58024232375657;-0.353724414754603;2;1;14.1676381784818;11.8440477015431;10.6540070129539
2;Aomori;2015;2;201502;2015-02-01;1;2;3;-0.510825623765991;;4.5;340508;45879;11471;0.149;2.57585244807151;-0.562595665235689;-0.264742758427116;-0.523352312922683;0.0807595850746452;2;1;12.7381938991562;10.7337627750162;9.34757739028127
3;Iwate;2015;2;201502;2015-02-01;1;6;7;-1.46633706879343;;3.3;356933;42779;13008;0.16;0.911489531603137;-0.506664888740239;-0.370789783873135;-0.320883598982682;0.611795584865951;2;1;12.7853033680786;10.6638026069541;9.47331983178759
4;Miyagi;2015;2;201502;2015-02-01;6;10;16;-0.479573080261886;;3.9;685317;55485;16152;0.125;1.74367098983732;0.267818783365524;0.02342254249265;0.0276883760101379;-1.07786441447002;2;1;13.4376367839203;10.9238679929347;9.68979915999267
5;Akita;2015;2;201502;2015-02-01;0;5;5;-2.39789527279837;;4;280845;41149;12058;0.18;1.88236789954302;-0.791302648719042;-0.429675910187733;-0.442994004023764;1.5773155844865;2;1;12.5455581947044;10.6249549044734;9.39748361904935
6;Yamagata;2015;2;201502;2015-02-01;0;9;9;-2.94443897916644;;3.1;315521;37604;11518;0.167;0.634095712191742;-0.653080096207545;-0.566234922458342;-0.51676839491148;0.949727584733145;2;1;12.6619805197626;10.5348657066984;9.35166630806662
7;Fukushima;2015;2;201502;2015-02-01;3;19;22;-1.71765149707433;;3.4;549504;59496;17408;0.148;1.05018644130883;0.00559599670645459;0.129221278715956;0.148268745196212;0.0324835850936174;2;1;13.2167713321442;10.9936643623831;9.76468514965567
8;Ibaraki;2015;2;201502;2015-02-01;2;11;13;-1.52605630349505;;3.4;737344;68098;22689;0.12;1.05018644130883;0.354693562181808;0.333915739776751;0.574888086808631;-1.31924441437516;2;1;13.5108098193977;11.1287031231307;10.0296355045241
9;Tochigi;2015;2;201502;2015-02-01;1;11;12;-2.03688192726104;;3.2;532471;45286;12807;0.119;0.77279262189744;-0.0317877165422089;-0.284462913474683;-0.345958471622148;-1.36752041435619;2;1;13.1852837149888;10.7207532129325;9.45774717542607
10;Gunma;2015;2;201502;2015-02-01;4;5;9;-0.200670695462151;;3.2;563054;50763;15278;0.129;0.77279262189744;0.0345168261912463;-0.111402028190876;-0.0618862623512986;-0.884760414545909;2;1;13.2411308172648;10.8349230217367;9.6341691641013
11;Saitama;2015;2;201502;2015-02-01;9;22;31;-0.862223510603879;;3.4;1369190;136598;40295;0.101;1.05018644130883;1.08950718853112;1.38906968131376;1.49969383027536;-2.23648841401468;2;1;14.1297298820766;11.8247975847232;10.6039826707586
12;Chiba;2015;2;201502;2015-02-01;9;21;30;-0.816761136527122;;3;1093459;127526;33911;0.111;0.495398802486044;0.822526128910892;1.28489943465824;1.2219561608889;-1.75372841420441;2;1;13.9048566241116;11.7560755443601;10.4314947245109
13;Tokyo;2015;2;201502;2015-02-01;60;130;190;-0.768729861725952;;3.8;9207410;283212;69947;0.107;1.60497408013163;3.35215790771994;2.49433506705589;2.38772816660193;-1.94683241412852;2;1;16.0355191526133;12.5539510127854;11.1554930913969
14;Kanagawa;2015;2;201502;2015-02-01;7;21;28;-1.05314991459135;;3.4;2012817;191488;50150;0.105;1.05018644130883;1.54697398867564;1.90108767927319;1.85198822419689;-2.04338441409057;2;1;14.5150457913985;12.162580422454;10.8227737933901
15;Niigata;2015;2;201502;2015-02-01;3;25;28;-1.98591548366901;;3.2;698049;75966;26531;0.154;0.77279262189744;0.289673462343543;0.499652514260852;0.826775329740555;0.322139584979784;2;1;13.4560445798536;11.2380411507483;10.186069139599
16;Toyama;2015;2;201502;2015-02-01;3;2;5;0.336472236621213;;2.5;350953;34589;11602;0.147;-0.198085746042444;-0.5267244221964;-0.69291915154019;-0.505068030221566;-0.0157924148874103;2;1;12.7684075903483;10.4512909914237;9.35893277602601
17;Ishikawa;2015;2;201502;2015-02-01;1;5;6;-1.29928298413026;;2.6;355271;31127;10777;0.131;-0.0593888363367464;-0.512206040381038;-0.852777689671353;-0.623840601388572;-0.788208414583853;2;1;12.7806361575127;10.3458308887307;9.28516951259683
18;Fukui;2015;2;201502;2015-02-01;1;5;6;-1.29928298413026;;2.1;243791;23335;8002;0.146;-0.752873384865235;-0.959288747220988;-1.28951762744564;-1.10322955034474;-0.0640684148684381;2;1;12.4040665798434;10.0577096583839;8.98744678941718
19;Yamanashi;2015;2;201502;2015-02-01;0;5;5;-2.39789527279837;;3.2;202711;24323;6514;0.14;0.77279262189744;-1.17837220087191;-1.22665956318592;-1.43450567319457;-0.353724414754603;2;1;12.2195365983579;10.0991776837356;8.78170898583618
20;Nagano;2015;2;201502;2015-02-01;3;9;12;-0.998528830111127;;3.2;588579;60712;19459;0.153;0.77279262189744;0.0871543458625939;0.159889787584605;0.327610963288682;0.273863584998756;2;1;13.2854664362653;11.0138966510838;9.87606496695816
21;Gifu;2015;2;201502;2015-02-01;2;4;6;-0.587786664902119;;2.4;554749;52927;15712;0.132;-0.336782655748142;0.0168745346985813;-0.0481228122399319;-0.0167835583857031;-0.739932414602825;2;1;13.2262710381794;10.8766688846136;9.66218003059425
22;Shizuoka;2015;2;201502;2015-02-01;4;10;14;-0.847297860387204;;2.6;1095247;84673;29546;0.13;-0.0593888363367464;0.824465910435827;0.664135522632441;1.00008690705222;-0.836484414564881;2;1;13.9064904665717;11.3465520576846;10.2937036498816
23;Aichi;2015;2;201502;2015-02-01;18;27;45;-0.396415272588246;;2.2;2643915;141824;39557;0.104;-0.614176475159537;1.87076773033444;1.44598045767003;1.46992999031078;-2.0916604140716;2;1;14.7877713311767;11.8623421312268;10.5854979486852
24;Mie;2015;2;201502;2015-02-01;3;5;8;-0.451985123743057;;2;462428;50077;15052;0.133;-0.891570294570933;-0.199234745967832;-0.13202615742069;-0.0858828836660987;-0.691656414621798;2;1;13.0442461481402;10.8213170998263;9.61926615171333
25;Shiga;2015;2;201502;2015-02-01;3;5;8;-0.451985123743057;;2.5;357548;31678;8331;0.11;-0.198085746042444;-0.504621000358853;-0.826179862203567;-1.03835195927283;-1.80200441418544;2;1;12.7870248978376;10.3633777126224;9.02773877597491
26;Kyoto;2015;2;201502;2015-02-01;8;10;18;-0.211309093667207;;3.6;708704;75620;20550;0.126;1.32758026072023;0.307658715085647;0.492732684618117;0.415448624937171;-1.02958841448899;2;1;13.4711932289196;11.2334760774449;9.93061621992438
27;Osaka;2015;2;201502;2015-02-01;18;49;67;-0.984201937490365;;4.3;3353695;228066;49271;0.115;2.29845862866011;2.1530983957386;2.16606805681125;1.82351556070055;-1.5606244142803;2;1;15.0255732810348;12.3373903397314;10.8050909516584
28;Hyogo;2015;2;201502;2015-02-01;5;14;19;-0.969400557188104;;3.7;1309090;129222;37305;0.124;1.46627717042593;1.03621494042425;1.30492582784253;1.37554845110033;-1.12614041445105;2;1;14.0848427973032;11.7692871344726;10.5268826449056
29;Nara;2015;2;201502;2015-02-01;3;1;4;0.847297860387204;;3.1;225184;35214;10421;0.129;0.634095712191742;-1.05354872706574;-0.665773818251238;-0.677928732520741;-0.884760414545909;2;1;12.3246731247663;10.4691990097864;9.25157827999243
30;Wakayama;2015;2;201502;2015-02-01;1;4;5;-1.09861228866811;;2.4;227524;33865;9242;0.154;-0.336782655748142;-1.04127506413692;-0.724984323472756;-0.871255208383516;0.322139584979784;2;1;12.3350110063145;10.430137311649;9.13151359143021
31;Tottori;2015;2;201502;2015-02-01;0;5;5;-2.39789527279837;;3.2;154393;19189;6132;0.157;0.77279262189744;-1.50163699813676;-1.58603807284365;-1.53181363210181;0.466967584922867;2;1;11.9472565787575;9.86209247716974;8.7212762399917
32;Shimane;2015;2;201502;2015-02-01;1;5;6;-1.29928298413026;;2;198728;25076;7883;0.176;-0.891570294570933;-1.20193232812991;-1.18044401572286;-1.12735491563875;1.38421158456239;2;1;12.1996923345659;10.1296664923939;8.97246382105991
33;Okayama;2015;2;201502;2015-02-01;3;9;12;-0.998528830111127;;3.4;556502;58064;16433;0.141;1.05018644130883;0.0206203188483726;0.0922910017587706;0.055460263159473;-0.305448414773577;2;1;13.2294260435817;10.9693011294529;9.70704678718129
34;Hiroshima;2015;2;201502;2015-02-01;3;17;20;-1.6094379124341;;3.2;943109;73902;21470;0.132;0.77279262189744;0.646908538655357;0.457897764604179;0.485967799424689;-0.739932414602825;2;1;13.7569371434829;11.2104951701695;9.97441189087283
35;Yamaguchi;2015;2;201502;2015-02-01;0;9;9;-2.94443897916644;;2.5;379956;42232;13042;0.159;-0.198085746042444;-0.432452937768933;-0.390297024360999;-0.316680424031399;0.563519584884923;2;1;12.8478107355248;10.6509335065035;9.47593019795315
36;Tokushima;2015;2;201502;2015-02-01;1;5;6;-1.29928298413026;;3.5;192569;25685;8322;0.158;1.18888335101453;-1.23930999514353;-1.14407047282611;-1.04009238743046;0.515243584903895;2;1;12.1682098100436;10.1536624429014;9.02665788954289
37;Kagawa;2015;2;201502;2015-02-01;3;4;7;-0.251314428280906;;2.9;304802;29076;9066;0.148;0.356701892780346;-0.694114889840141;-0.956099801301731;-0.902214511360243;0.0324835850936174;2;1;12.6274176644529;10.2776683706045;9.1122864315008
38;Ehime;2015;2;201502;2015-02-01;2;13;15;-1.68639895357023;;3.1;381484;44894;12279;0.154;0.634095712191742;-0.427687959922811;-0.297641117114971;-0.413749571344826;0.322139584979784;2;1;12.8518241891155;10.7120594345115;9.41564576516051
39;Kochi;2015;2;201502;2015-02-01;1;5;6;-1.29928298413026;;3.3;190666;25004;8098;0.171;0.911489531603137;-1.2511009731299;-1.18480260672893;-1.08402710510242;1.14283158465726;2;1;12.1582784851842;10.1267910910517;8.99937239659211
40;Fukuoka;2015;2;201502;2015-02-01;5;22;27;-1.40876721697195;;4.2;1578912;118663;35971;0.122;2.15976171895442;1.25871029469727;1.17571078956822;1.31691464415307;-1.2226924144131;2;1;14.2722465602091;11.6840428218123;10.4904683372485
41;Saga;2015;2;201502;2015-02-01;0;4;4;-2.19722457733622;;2.7;225789;20644;6835;0.143;0.0793080733689514;-1.05036322618096;-1.47525054144543;-1.35705127903721;-0.208896414811521;2;1;12.3273562138335;9.93517999926862;8.82981174915805
42;Nagasaki;2015;2;201502;2015-02-01;0;13;13;-3.29583686600433;;3.4;349882;41192;11903;0.153;1.05018644130883;-0.530353085413593;-0.428092731259308;-0.46382638207459;0.273863584998756;2;1;12.765351233763;10.625999341726;9.38454574816788
43;Kumamoto;2015;2;201502;2015-02-01;1;9;10;-1.84582669049833;;3.6;456051;53385;15995;0.152;1.32758026072023;-0.215721182708875;-0.0350622004957523;0.0119605503527361;0.225587585017729;2;1;13.0303599243479;10.8852850866124;9.68003145238362
44;Oita;2015;2;201502;2015-02-01;0;4;4;-2.19722457733622;;3.5;317981;33100;10166;0.155;1.18888335101453;-0.643859437746432;-0.759618917269182;-0.717819772534336;0.370415584960812;2;1;12.6697469115496;10.4072885613652;9.22680409800685
45;Miyazaki;2015;2;201502;2015-02-01;1;5;6;-1.29928298413026;;3;281856;30902;9403;0.152;0.495398802486044;-0.787036396059607;-0.86377451396601;-0.843446532255638;0.225587585017729;2;1;12.5491515812022;10.3385761857104;9.14878406627708
46;Kagoshima;2015;2;201502;2015-02-01;3;14;17;-1.42138568093116;;3.3;437715;51878;16664;0.159;0.911489531603137;-0.264441975549426;-0.0784677067562299;0.0779371641899363;0.563519584884923;2;1;12.9893232926398;10.8566500871861;9.72100598294081
47;Okinawa;2015;2;201502;2015-02-01;2;15;17;-1.82454929205105;;5.5;375904;31794;8527;0.099;3.96282154512849;-0.445182247968409;-0.820639298756401;-1.00090852947546;-2.33304041397674;2;1;12.8370890706236;10.3670328717208;9.05099287874205
1;Hokkaido;2015;3;201503;2015-03-01;5;17;22;-1.15745278869104;;3.8;1411196;139839;42246;0.14;1.60497408013163;1.12538384127469;1.42461483553103;1.57582709851927;-0.353724414754603;3;1;14.1599481297635;11.848247039834;10.6512649537472
2;Aomori;2015;3;201503;2015-03-01;0;5;5;-2.39789527279837;;4.5;339951;45997;11448;0.149;2.57585244807151;-0.56453935060514;-0.260849100360981;-0.526584067320468;0.0807595850746452;3;1;12.7365567685593;10.7363314559532;9.34557032123629
3;Iwate;2015;3;201503;2015-03-01;1;13;14;-2.19722457733622;;3.3;356820;42898;12981;0.16;0.911489531603137;-0.507040815409223;-0.366579022480034;-0.324229248032042;0.611795584865951;3;1;12.7849867319287;10.6665804837827;9.47124202889299
4;Miyagi;2015;3;201503;2015-03-01;4;13;17;-1.09861228866811;;3.9;686109;55869;16115;0.125;1.74367098983732;0.269190061298323;0.0338770785940607;0.0239956306884775;-1.07786441447002;3;1;13.4387917862143;10.9307649435996;9.68750579424954
5;Akita;2015;3;201503;2015-03-01;1;7;8;-1.6094379124341;;4;280545;41252;12027;0.18;1.88236789954302;-0.792571554160606;-0.425886404078346;-0.44713897328569;1.5773155844865;3;1;12.5444894188852;10.627454875436;9.39490940131062
6;Yamagata;2015;3;201503;2015-03-01;2;7;9;-1.09861228866811;;3.1;314802;37844;11434;0.167;0.634095712191742;-0.655788656829995;-0.556591246309185;-0.528554402628436;0.949727584733145;3;1;12.6596991487454;10.5412277258243;9.34434665182392
7;Fukushima;2015;3;201503;2015-03-01;5;12;17;-0.82098055206983;;3.4;549191;59814;17350;0.148;1.05018644130883;0.00491954026405125;0.137301605886012;0.142894968086743;0.0324835850936174;3;1;13.216201565269;10.9989950262508;9.761347785375
8;Ibaraki;2015;3;201503;2015-03-01;4;10;14;-0.847297860387204;;3.4;737504;68705;22605;0.12;1.05018644130883;0.354951161884132;0.347367327950991;0.568915738341369;-1.31924441437516;3;1;13.5110267909102;11.1375772557659;10.0259263997287
9;Tochigi;2015;3;201503;2015-03-01;1;2;3;-0.510825623765991;;3.2;531369;45415;12849;0.119;0.77279262189744;-0.0342473934865124;-0.280151143631125;-0.34068657649047;-1.36752041435619;3;1;13.1832119741365;10.7235977259363;9.46102126628348
10;Gunma;2015;3;201503;2015-03-01;4;8;12;-0.635988766719997;;3.2;563419;51023;15212;0.129;0.77279262189744;0.0352862129875577;-0.103658054163691;-0.0688572324643222;-0.884760414545909;3;1;13.2417788576754;10.8400317904375;9.62983986904815
11;Saitama;2015;3;201503;2015-03-01;4;24;28;-1.69459572077441;;3.4;1365282;137353;40400;0.101;1.05018644130883;1.08611364045586;1.39742480347216;1.50388416725436;-2.23648841401468;3;1;14.1268715586703;11.8303095332944;10.6065850639492
12;Chiba;2015;3;201503;2015-03-01;9;21;30;-0.816761136527122;;3;1094947;128362;33807;0.111;0.495398802486044;0.824140664926759;1.29480400283197;1.21701037183607;-1.75372841420441;3;1;13.9062165182348;11.7626096762803;10.4284231606205
13;Tokyo;2015;3;201503;2015-03-01;65;118;183;-0.59286281793398;;3.8;9210646;284873;69474;0.107;1.60497408013163;3.3525751010576;2.50319917815819;2.3768026836216;-1.94683241412852;3;1;16.0358705469226;12.5597987459003;11.1487078608403
14;Kanagawa;2015;3;201503;2015-03-01;14;25;39;-0.564529802737852;;3.4;2019497;192792;50146;0.105;1.05018644130883;1.55090763357258;1.91137516200488;1.85185978948673;-2.04338441409057;3;1;14.5183590284683;12.1693671665218;10.8226940294912
15;Niigata;2015;3;201503;2015-03-01;2;23;25;-2.24070968927596;;3.2;698048;76307;26013;0.154;0.77279262189744;0.289671761528682;0.506441577339575;0.795026572514679;0.322139584979784;3;1;13.4560431472884;11.2425199561837;10.1663516920453
16;Toyama;2015;3;201503;2015-03-01;0;5;5;-2.39789527279837;;2.5;351075;34767;11654;0.147;-0.198085746042444;-0.52631177581879;-0.685138525169095;-0.497867324211935;-0.0157924148874103;3;1;12.7687551548364;10.4564239400025;9.36340474770302
17;Ishikawa;2015;3;201503;2015-03-01;0;0;0;0 ;;2.6;355680;31245;10814;0.131;-0.0593888363367464;-0.510840022694044;-0.847042200051229;-0.618321918710187;-0.788208414583853;3;1;12.781786729198;10.3496146423632;9.28859686994195
18;Fukui;2015;3;201503;2015-03-01;1;4;5;-1.09861228866811;;2.1;243660;23392;8025;0.146;-0.752873384865235;-0.959926882825378;-1.28581947495551;-1.09860806129343;-0.0640684148684381;3;1;12.4035290899084;10.0601493625495;8.99031694799822
19;Yamanashi;2015;3;201503;2015-03-01;1;5;6;-1.29928298413026;;3.2;202838;24458;6554;0.14;0.77279262189744;-1.17762861173532;-1.21826956588481;-1.42464836686376;-0.353724414754603;3;1;12.2201629098722;10.1047126397493;8.78783082925876
20;Nagano;2015;3;201503;2015-03-01;1;12;13;-2.12026353620009;;3.2;588460;60876;19398;0.153;0.77279262189744;0.0869142809185714;0.163978918731554;0.322555430217575;0.273863584998756;3;1;13.2852642339587;11.0165942873547;9.87292524695349
21;Gifu;2015;3;201503;2015-03-01;0;7;7;-2.70805020110221;;2.4;554703;53203;15857;0.132;-0.336782655748142;0.0167760832862661;-0.0402387591553963;-0.00199192063076807;-0.739932414602825;3;1;13.2261881143575;10.8818700647173;9.67136632218957
22;Shizuoka;2015;3;201503;2015-03-01;4;15;19;-1.23676262714893;;2.6;1094314;85027;29343;0.13;-0.0593888363367464;0.823454104420119;0.670459636669303;0.988985715159449;-0.836484414564881;3;1;13.9056382408914;11.3507241320921;10.2868092959586
23;Aichi;2015;3;201503;2015-03-01;13;28;41;-0.747214401830221;;2.2;2644298;142652;39867;0.104;-0.614176475159537;1.87093970420715;1.45480441853588;1.48249949530938;-2.0916604140716;3;1;14.7879161816208;11.8681633768728;10.5933041929996
24;Mie;2015;3;201503;2015-03-01;4;8;12;-0.635988766719997;;2;462220;50470;15081;0.133;-0.891570294570933;-0.199768891430644;-0.120176568406435;-0.0827835966871539;-0.691656414621798;3;1;13.0437962471974;10.8291343793343;9.62119095236068
25;Shiga;2015;3;201503;2015-03-01;3;6;9;-0.619039208406224;;2.5;357060;31852;8306;0.11;-0.198085746042444;-0.506242529103549;-0.817876592938788;-1.04319113452183;-1.80200441418544;3;1;12.785659113867;10.3688554533773;9.0247334241907
26;Kyoto;2015;3;201503;2015-03-01;3;18;21;-1.66500776358891;;3.6;708039;75958;20486;0.126;1.32758026072023;0.306544155637484;0.499492874435533;0.410426108852792;-1.02958841448899;3;1;13.4702544559045;11.2379358349324;9.92749700499648
27;Osaka;2015;3;201503;2015-03-01;17;56;73;-1.17203975722293;;4.3;3348381;229078;49135;0.115;2.29845862866011;2.1512156792383;2.17277934426745;1.81906490870706;-1.5606244142803;3;1;15.0239875034;12.3418178358952;10.8023268907965
28;Hyogo;2015;3;201503;2015-03-01;8;21;29;-0.927986771637346;;3.7;1307685;129885;37211;0.124;1.46627717042593;1.03494002134611;1.31268317045755;1.37148603334941;-1.12614041445105;3;1;14.083768956308;11.77440472255;10.5243596954757
29;Nara;2015;3;201503;2015-03-01;1;7;8;-1.6094379124341;;3.1;225300;35461;10407;0.129;0.634095712191742;-1.05293729070132;-0.655178584386347;-0.68009337692641;-0.884760414545909;3;1;12.3251881264203;10.4761887800202;9.25023393563786
30;Wakayama;2015;3;201503;2015-03-01;2;4;6;-0.587786664902119;;2.4;227612;34014;9292;0.154;-0.336782655748142;-1.04081595691411;-0.718329612878949;-0.862567446072975;0.322139584979784;3;1;12.3353977039218;10.4345274835524;9.1369090938903
31;Tottori;2015;3;201503;2015-03-01;0;6;6;-2.56494935746154;;3.2;154495;19247;6150;0.157;0.77279262189744;-1.50085289753546;-1.58146331846604;-1.52709398252714;0.466967584922867;3;1;11.9479170123367;9.86511048341512;8.72420736080056
32;Shimane;2015;3;201503;2015-03-01;1;6;7;-1.46633706879343;;2;198540;25085;7872;0.176;-0.891570294570933;-1.20305601921089;-1.17990007199782;-1.12960335085836;1.38421158456239;3;1;12.1987458701437;10.1300253369184;8.97106743873209
33;Okayama;2015;3;201503;2015-03-01;6;7;13;-0.143100843640673;;3.4;556477;58318;16381;0.141;1.05018644130883;0.020566982205742;0.0989074700096965;0.0503569694415853;-0.305448414773577;3;1;13.2293811191042;10.9736660725417;9.70387740560463
34;Hiroshima;2015;3;201503;2015-03-01;5;13;18;-0.897941593205959;;3.2;943288;74123;21360;0.132;0.77279262189744;0.647133854934786;0.462423979499538;0.477696921765006;-0.739932414602825;3;1;13.7571269232595;11.2134811544858;9.96927529307413
35;Yamaguchi;2015;3;201503;2015-03-01;0;6;6;-2.56494935746154;;2.5;380303;42496;13003;0.159;-0.198085746042444;-0.431369159169792;-0.380850848640199;-0.321502639381065;0.563519584884923;3;1;12.8487235823943;10.6571652328361;9.47293537905132
36;Tokushima;2015;3;201503;2015-03-01;1;8;9;-1.73460105538811;;3.5;191906;25897;8333;0.158;1.18888335101453;-1.24340466120952;-1.13161048058001;-1.03796545279944;0.515243584903895;3;1;12.1647609477915;10.161882410863;9.02797881438221
37;Kagawa;2015;3;201503;2015-03-01;4;6;10;-0.367724780125317;;2.9;304925;29164;9116;0.148;0.356701892780346;-0.693635882325706;-0.95151902293942;-0.893358554813393;0.0324835850936174;3;1;12.6278211237114;10.2806903509263;9.11778639036558
38;Ehime;2015;3;201503;2015-03-01;1;9;10;-1.84582669049833;;3.1;381180;45111;12234;0.154;0.634095712191742;-0.428634443310474;-0.290331887890333;-0.419661409929535;0.322139584979784;3;1;12.8510269834886;10.7168813981904;9.41197423980251
39;Kochi;2015;3;201503;2015-03-01;1;5;6;-1.29928298413026;;3.3;189532;25171;7972;0.171;0.911489531603137;-1.25818331930301;-1.17471220780083;-1.10927758284814;1.14283158465726;3;1;12.1523131546838;10.1334478171773;8.98369068133269
40;Fukuoka;2015;3;201503;2015-03-01;3;29;32;-2.13162729485041;;4.2;1577325;119271;36066;0.122;2.15976171895442;1.2575163615967;1.18345764875053;1.32116156601033;-1.2226924144131;3;1;14.27124093222;11.6891534938756;10.4931058722672
41;Saga;2015;3;201503;2015-03-01;0;2;2;-1.6094379124341;;2.7;225633;20644;6894;0.143;0.0793080733689514;-1.05118379409506;-1.47525054144543;-1.34321173405875;-0.208896414811521;3;1;12.3266650645044;9.93517999926862;8.83840674707681
42;Nagasaki;2015;3;201503;2015-03-01;0;7;7;-2.70805020110221;;3.4;349610;41316;11857;0.153;1.05018644130883;-0.531276419375718;-0.42353652270481;-0.470061116646971;0.273863584998756;3;1;12.7645735264734;10.6290051131265;9.38067368945807
43;Kumamoto;2015;3;201503;2015-03-01;1;10;11;-1.94591014905531;;3.6;455701;53661;15845;0.152;1.32758026072023;-0.216632698038913;-0.0272456120971426;-0.00321091201602121;0.225587585017729;3;1;13.0295921716757;10.8904417596614;9.67060927212502
44;Oita;2015;3;201503;2015-03-01;1;5;6;-1.29928298413026;;3.5;317923;33277;10130;0.155;1.18888335101453;-0.644076013120914;-0.751534768097777;-0.723531908459232;0.370415584960812;3;1;12.6695644940773;10.4126217466411;9.22325659724273
45;Miyazaki;2015;3;201503;2015-03-01;1;4;5;-1.09861228866811;;3;281797;31099;9321;0.152;0.495398802486044;-0.787284945521049;-0.854141844984662;-0.857549938885915;0.225587585017729;3;1;12.5489422325419;10.3449309433095;9.14002519806116
46;Kagoshima;2015;3;201503;2015-03-01;1;9;10;-1.84582669049833;;3.3;437271;52119;16535;0.159;0.911489531603137;-0.265646885356412;-0.0714422485992517;0.0654238334100638;0.563519584884923;3;1;12.9883084191718;10.861284844562;9.71323462541589
47;Okinawa;2015;3;201503;2015-03-01;2;21;23;-2.15176220325946;;5.5;375515;31917;8459;0.099;3.96282154512849;-0.446411497648586;-0.814786428834932;-1.01380070305802;-2.33304041397674;3;1;12.8360536961262;10.3708940621845;9.04298624230401
1;Hokkaido;2015;4;201504;2015-04-01;8;11;19;-0.302280871872934;;3.4;1423790;140176;42307;0.143;1.05018644130883;1.13593228191633;1.42826343723784;1.57815040722801;-0.208896414811521;4;1;14.1688328881689;11.8506540549061;10.6527078359769
2;Aomori;2015;4;201504;2015-04-01;1;4;5;-1.09861228866811;;4.3;343564;46050;11399;0.154;2.29845862866011;-0.551987822792533;-0.259103503621806;-0.533490815080079;0.322139584979784;4;1;12.7471286906113;10.7374830416835;9.34128091123678
3;Iwate;2015;4;201504;2015-04-01;2;8;10;-1.22377543162212;;3.3;357120;42980;12906;0.163;0.911489531603137;-0.506043041366645;-0.36368428152495;-0.333559358506148;0.756623584809034;4;1;12.785827138735;10.6684901701965;9.46544759849579
4;Miyagi;2015;4;201504;2015-04-01;3;11;14;-1.18958406687384;;3.9;682369;55898;16017;0.129;1.74367098983732;0.262700617141891;0.03466369329133;0.0141737264558098;-0.884760414545909;4;1;13.4333258462262;10.9312838803278;9.6814059371683
5;Akita;2015;4;201504;2015-04-01;2;5;7;-0.78845736036427;;3.5;280471;41308;12046;0.185;1.18888335101453;-0.792884759466693;-0.42383005873399;-0.444597242749383;1.81869558439164;4;1;12.5442256117908;10.6288114647913;9.39648793360367
6;Yamagata;2015;4;201504;2015-04-01;1;8;9;-1.73460105538811;;2.9;316063;37921;11530;0.169;0.356701892780346;-0.651042393090563;-0.553510188194475;-0.515091699903604;1.0462795846952;4;1;12.6636968397867;10.5432603273293;9.3527076132631
7;Fukushima;2015;4;201504;2015-04-01;4;5;9;-0.200670695462151;;3.3;551758;59992;17316;0.15;0.911489531603137;0.0104559992934763;0.141805823828716;0.139736464641987;0.129035585055673;4;1;13.2208648233342;11.0019664989812;9.75938620856187
8;Ibaraki;2015;4;201504;2015-04-01;3;14;17;-1.42138568093116;;3.4;738507;68983;22732;0.124;1.05018644130883;0.356564717881298;0.353488392190557;0.577936809513188;-1.12614041445105;4;1;13.5123858595816;11.1416153764121;10.031528902417
9;Tochigi;2015;4;201504;2015-04-01;1;6;7;-1.46633706879343;;3.3;533277;45516;12778;0.122;0.911489531603137;-0.0299919361124501;-0.276783801624444;-0.349608689550563;-1.2226924144131;4;1;13.1867962679632;10.7258191914769;9.45548022116229
10;Gunma;2015;4;201504;2015-04-01;2;7;9;-1.09861228866811;;2.7;566478;51093;15250;0.132;0.0793080733689514;0.0417147821190251;-0.101579879928193;-0.064839958599575;-0.739932414602825;4;1;13.2471935237446;10.8414027805069;9.63233478203556
11;Saitama;2015;4;201504;2015-04-01;8;26;34;-1.13707856949591;;3.4;1368919;137781;40143;0.107;1.05018644130883;1.08927217590494;1.40214084369037;1.49360843388817;-1.94683241412852;4;1;14.1295319352448;11.8334207470683;10.6002033579731
12;Chiba;2015;4;201504;2015-04-01;4;14;18;-1.17007125265025;;3.2;1097164;128894;33789;0.114;0.77279262189744;0.826542128126696;1.30107337976491;1.21615282559155;-1.60890041426132;4;1;13.9082392267162;11.7667456401325;10.4278905847158
13;Tokyo;2015;4;201504;2015-04-01;38;105;143;-1.00805271162238;;3.6;9270928;285814;69748;0.109;1.32758026072023;3.36032012693792;2.50819802326839;2.3831406405936;-1.85028041416646;4;1;16.0423940404064;12.5630965285826;11.1526440254374
14;Kanagawa;2015;4;201504;2015-04-01;7;31;38;-1.43508452528932;;3.6;2029574;193419;50328;0.109;1.32758026072023;1.55681711536811;1.91629692760091;1.85769322232146;-1.85028041416646;4;1;14.5233364767792;12.1726140991614;10.8263168612499
15;Niigata;2015;4;201504;2015-04-01;1;7;8;-1.6094379124341;;3;701024;76463;24926;0.156;0.495398802486044;0.29472263108904;0.509537316162409;0.72629582076822;0.41869158494184;4;1;13.4602974022352;11.2445622426826;10.1236667143863
16;Toyama;2015;4;201504;2015-04-01;2;9;11;-1.33500106673234;;2.6;354392;34883;11679;0.15;-0.0593888363367464;-0.515147138886098;-0.680089414232399;-0.494416875112886;0.129035585055673;4;1;12.7781589240949;10.4597548834987;9.36554763627857
17;Ishikawa;2015;4;201504;2015-04-01;0;5;5;-2.39789527279837;;2.3;355922;31281;10807;0.133;-0.47547956545384;-0.510032507209784;-0.845296701288221;-0.619364544131455;-0.691656414621798;4;1;12.7824668847044;10.3507661634577;9.28794935130317
18;Fukui;2015;4;201504;2015-04-01;0;6;6;-2.56494935746154;;1.8;245289;23465;7841;0.147;-1.16896411398233;-0.952015875894637;-1.28109638328632;-1.13595679444453;-0.0157924148874103;4;1;12.4101923861918;10.0632652282285;8.96712165623092
19;Yamanashi;2015;4;201504;2015-04-01;0;2;2;-1.6094379124341;;3.2;203937;24626;6541;0.144;0.77279262189744;-1.17121330935343;-1.20789311886224;-1.42784537707556;-0.160620414830494;4;1;12.2255664016011;10.1115580743528;8.78584533796121
20;Nagano;2015;4;201504;2015-04-01;1;11;12;-2.03688192726104;;2.9;592415;61121;19269;0.157;0.356701892780346;0.0948670215624336;0.170067206336937;0.311811655964514;0.466967584922867;4;1;13.2919626817845;11.0206107849631;9.8662528659259
21;Gifu;2015;4;201504;2015-04-01;3;9;12;-0.998528830111127;;2.6;559107;53496;15901;0.136;-0.0593888363367464;0.0261649051007684;-0.0319137253498366;0.00246983562528366;-0.546828414678714;4;1;13.234096147058;10.8873621637338;9.6741372793124
22;Shizuoka;2015;4;201504;2015-04-01;4;17;21;-1.35812348415319;;2.8;1104403;85289;24238;0.135;0.218004983074649;0.834349787734199;0.675123263884083;0.68122706054522;-0.595104414659742;4;1;13.9148154754415;11.3538007685405;10.0956769285284
23;Aichi;2015;4;201504;2015-04-01;10;23;33;-0.805625163986636;;2.7;2667110;143173;39507;0.108;0.0793080733689514;1.8811380329185;1.46033047903221;1.46789342983438;-1.89855641414749;4;1;14.796506047158;11.8718089682453;10.5842331503783
24;Mie;2015;4;201504;2015-04-01;2;10;12;-1.43508452528932;;2.4;466308;50632;14950;0.137;-0.336782655748142;-0.189314678904556;-0.115318839414878;-0.096831460477537;-0.498552414697687;4;1;13.0526016389864;10.8323390664551;9.61246657881883
25;Shiga;2015;4;201504;2015-04-01;1;9;10;-1.84582669049833;;2;360186;31830;8350;0.114;-0.891570294570933;-0.495893580629104;-0.818923923186753;-1.03468388823656;-1.60890041426132;4;1;12.7943758436727;10.3681645202761;9.0300168178449
26;Kyoto;2015;4;201504;2015-04-01;2;11;13;-1.52605630349505;;3.4;710628;76045;20466;0.13;1.05018644130883;0.31087751495758;0.501228055435193;0.408853354322201;-0.836484414564881;4;1;13.4739043651139;11.2390805493065;9.9265202516467
27;Osaka;2015;4;201504;2015-04-01;10;39;49;-1.3249254147436;;4.1;3372331;229675;49000;0.119;2.02106480924872;2.15967751724771;2.17672458312438;1.8146347820086;-1.36752041435619;4;1;15.031114754615;12.3444205451397;10.7995755770928
28;Hyogo;2015;4;201504;2015-04-01;2;11;13;-1.52605630349505;;3.8;1309231;130284;37224;0.127;1.60497408013163;1.03634281048166;1.31733255354392;1.37204846816363;-0.981312414507964;4;1;14.0849504999112;11.7774719620199;10.5247089935245
29;Nara;2015;4;201504;2015-04-01;0;4;4;-2.19722457733622;;2.7;225689;35554;10545;0.133;0.0793080733689514;-1.05088916599765;-0.651208399348432;-0.65888214402803;-0.691656414621798;4;1;12.3269132243561;10.4788079464826;9.26340709291287
30;Wakayama;2015;4;201504;2015-04-01;2;4;6;-0.587786664902119;;2.5;228772;34152;9207;0.155;-0.198085746042444;-1.03478062512646;-0.71219214104048;-0.877364653472631;0.370415584960812;4;1;12.3404811533767;10.4385764284378;9.12771934328785
31;Tottori;2015;4;201504;2015-04-01;3;2;5;0.336472236621213;;2.3;155416;19292;6156;0.159;-0.47547956545384;-1.49379628042517;-1.57792342727802;-1.52552383519609;0.563519584884923;4;1;11.9538606717186;9.86744578118886;8.72518249495877
32;Shimane;2015;4;201504;2015-04-01;2;4;6;-0.587786664902119;;2.5;198732;25198;7839;0.179;-0.198085746042444;-1.20190843136016;-1.17308711517367;-1.13636755617135;1.52903958450548;4;1;12.1997124623775;10.1345199052706;8.96686655418872
33;Okayama;2015;4;201504;2015-04-01;1;8;9;-1.73460105538811;;3.2;559311;58515;16381;0.143;0.77279262189744;0.02659801554859;0.104019327667113;0.0503569694415853;-0.208896414811521;4;1;13.2344609480577;10.9770384106089;9.70387740560463
34;Hiroshima;2015;4;201504;2015-04-01;5;14;19;-0.969400557188104;;3;947953;74355;21405;0.132;0.495398802486044;0.652990896291638;0.467160984817298;0.481085599186326;-0.739932414602825;4;1;13.7620602019491;11.2166061991228;9.97137981857905
35;Yamaguchi;2015;4;201504;2015-04-01;1;12;13;-2.12026353620009;;2.9;383517;42667;12963;0.162;0.356701892780346;-0.421377674052354;-0.374763567147322;-0.326463548983147;0.708347584828006;4;1;12.8571392273598;10.6611810667031;9.46985442460004
36;Tokushima;2015;4;201504;2015-04-01;2;3;5;-0.336472236621213;;3;192787;26041;8303;0.16;0.495398802486044;-1.23796671359075;-1.12320512625398;-1.04377281408517;0.611795584865951;4;1;12.1693412314994;10.1674274980429;9.02437217426203
37;Kagawa;2015;4;201504;2015-04-01;3;7;10;-0.762140052046897;;3;306566;29336;9002;0.15;0.495398802486044;-0.687263641359838;-0.942605457131859;-0.913621676787097;0.129035585055673;4;1;12.6331883455982;10.2865707097512;9.10520205385288
38;Ehime;2015;4;201504;2015-04-01;2;6;8;-0.955511445027436;;2.6;385006;45195;12144;0.157;-0.0593888363367464;-0.416777110781722;-0.28751194412319;-0.431550604681847;0.466967584922867;4;1;12.8610141975641;10.7187417402325;9.40459049963541
39;Kochi;2015;4;201504;2015-04-01;1;4;5;-1.09861228866811;;3.3;189455;25286;7974;0.172;0.911489531603137;-1.25866575457672;-1.16780257751822;-1.10887367316074;1.19110758463828;4;1;12.1519068082864;10.1380061618718;8.9839415279413
40;Fukuoka;2015;4;201504;2015-04-01;8;18;26;-0.777704568588008;;4.2;1574578;119694;36038;0.124;2.15976171895442;1.25544689432802;1.18882406266743;1.31991100545454;-1.12614041445105;4;1;14.2694978578325;11.6926937649765;10.4923292162868
41;Saga;2015;4;201504;2015-04-01;0;3;3;-1.94591014905531;;2.7;225903;20641;6808;0.145;0.0793080733689514;-1.04976393884844;-1.47547083744436;-1.36342452211994;-0.112344414849466;4;1;12.3278609825804;9.93503466803426;8.82585367025321
42;Nagasaki;2015;4;201504;2015-04-01;2;6;8;-0.955511445027436;;3.2;349500;41540;11901;0.156;0.77279262189744;-0.531650030510017;-0.41534050748771;-0.464096956089744;0.41869158494184;4;1;12.764258840656;10.6344120974301;9.38437770918244
43;Kumamoto;2015;4;201504;2015-04-01;0;7;7;-2.70805020110221;;3.7;452761;53952;15761;0.154;1.46627717042593;-0.224317182145256;-0.0190476302602761;-0.0117697893895617;0.322139584979784;4;1;13.0231196714196;10.8958500413615;9.66529381317554
44;Oita;2015;4;201504;2015-04-01;1;3;4;-0.847297860387204;;3.4;317679;33359;10079;0.157;1.05018644130883;-0.644987556264252;-0.747804132800451;-0.731658946740446;0.466967584922867;4;1;12.6687967179785;10.4150828800042;9.21820933035488
45;Miyazaki;2015;4;201504;2015-04-01;1;8;9;-1.73460105538811;;3.4;282022;31229;9295;0.155;1.05018644130883;-0.786337366427611;-0.847818622925684;-0.862047667956747;0.370415584960812;4;1;12.5497403610617;10.3491024292713;9.13723190015554
46;Kagoshima;2015;4;201504;2015-04-01;1;14;15;-2.26868354131836;;3.6;435047;52362;16489;0.161;1.32758026072023;-0.27170076142189;-0.0643913027565552;0.0609380895824112;0.660071584846978;4;1;12.9832093502113;10.8659364163914;9.71044877090097
47;Okinawa;2015;4;201504;2015-04-01;5;17;22;-1.15745278869104;;4.9;371420;32127;8490;0.102;3.1306400868943;-0.459429612034346;-0.804845658385162;-1.00791058323577;-2.18821241403366;4;1;12.825088776747;10.377452077069;9.04664427930539
1;Hokkaido;2015;5;201505;2015-05-01;2;16;18;-1.88706964903238;;3.4;1457294;140209;42233;0.143;1.05018644130883;1.16354651291643;1.42862024706632;1.57533153352322;-0.208896414811521;5;1;14.1920918493103;11.8508894455308;10.6509571849501
2;Aomori;2015;5;201505;2015-05-01;2;10;12;-1.43508452528932;;4.3;349099;46022;11467;0.154;2.29845862866011;-0.533013009297288;-0.260025455196809;-0.523913891430564;0.322139584979784;5;1;12.7631108285803;10.7368748220105;9.3472286240383
3;Iwate;2015;5;201505;2015-05-01;2;7;9;-1.09861228866811;;3.3;360950;42861;13007;0.163;0.911489531603137;-0.493377937797265;-0.367886998210344;-0.32100738802448;0.756623584809034;5;1;12.7964947235673;10.6657176005333;9.47324295306374
4;Miyagi;2015;5;201505;2015-05-01;3;11;14;-1.18958406687384;;3.9;690890;56105;16234;0.129;1.74367098983732;0.277434469754133;0.0402666701329155;0.0358422406988928;-0.884760414545909;5;1;13.4457359004975;10.934980214099;9.69486308732112
5;Akita;2015;5;201505;2015-05-01;1;4;5;-1.09861228866811;;3.5;283726;41374;12129;0.185;1.18888335101453;-0.779185481593788;-0.421410084748232;-0.433540700053706;1.81869558439164;5;1;12.5557642627027;10.630407943203;9.40335455830888
6;Yamagata;2015;5;201505;2015-05-01;0;6;6;-2.56494935746154;;2.9;318745;37948;11522;0.169;0.356701892780346;-0.641010298868693;-0.5524312984483;-0.516209302558501;1.0462795846952;5;1;12.6721466890572;10.5439720805128;9.35201353029233
7;Fukushima;2015;5;201505;2015-05-01;1;9;10;-1.84582669049833;;3.3;556146;60044;17543;0.15;0.911489531603137;0.0198605790848765;0.143119140625808;0.160707655996568;0.129035585055673;5;1;13.2287861286901;11.0028329057801;9.77241028892919
8;Ibaraki;2015;5;201505;2015-05-01;4;14;18;-1.17007125265025;;3.4;745229;69063;22876;0.124;1.05018644130883;0.367322369639461;0.355245279279943;0.588104655013111;-1.12614041445105;5;1;13.5214468326797;11.142774410487;10.0378436050352
9;Tochigi;2015;5;201505;2015-05-01;2;5;7;-0.78845736036427;;3.3;536998;45650;12833;0.122;0.911489531603137;-0.0217365255857037;-0.272327753690579;-0.342692882751633;-1.2226924144131;5;1;13.1937496490893;10.7287588860231;9.45977525724446
10;Gunma;2015;5;201505;2015-05-01;2;6;8;-0.955511445027436;;2.7;570223;51243;15459;0.132;0.0793080733689514;0.0495378984333834;-0.0971362204080771;-0.042922340846723;-0.739932414602825;5;1;13.2537827913712;10.8443343023062;9.64594663699633
11;Saitama;2015;5;201505;2015-05-01;2;17;19;-1.94591014905531;;3.4;1383100;138009;40860;0.107;1.05018644130883;1.10150796293006;1.40464714957618;1.52211437778166;-1.94683241412852;5;1;14.1398379146128;11.8350741794041;10.6179068683716
12;Chiba;2015;5;201505;2015-05-01;6;14;20;-0.802346472524937;;3.2;1110264;129483;34239;0.114;0.77279262189744;0.840633798738798;1.3079843629869;1.2374556494595;-1.60890041426132;5;1;13.9201083828474;11.7713048773733;10.4411206242217
13;Tokyo;2015;5;201505;2015-05-01;42;97;139;-0.83034830207343;;3.6;9367481;286638;70201;0.109;1.32758026072023;3.372620929723;2.51256183572357;2.39356467774359;-1.85028041416646;5;1;16.0527547813586;12.5659753745612;11.1591178349267
14;Kanagawa;2015;5;201505;2015-05-01;12;29;41;-0.858661619037519;;3.6;2044074;194341;50587;0.109;1.32758026072023;1.56526910534055;1.92350545204861;1.8659583777379;-1.85028041416646;5;1;14.5304554331729;12.1773696270013;10.8314499052707
15;Niigata;2015;5;201505;2015-05-01;1;21;22;-2.66258782702545;;3;708349;76623;25785;0.156;0.495398802486044;0.307063854897185;0.51270587888274;0.780851323663036;0.41869158494184;5;1;13.470692189075;11.2466525717559;10.1575482064851
16;Toyama;2015;5;201505;2015-05-01;1;13;14;-2.19722457733622;;2.6;357328;34944;11728;0.15;-0.0593888363367464;-0.50535174327424;-0.677441010418162;-0.487675368101073;0.129035585055673;5;1;12.7864094064603;10.4615020591046;9.36973442412643
17;Ishikawa;2015;5;201505;2015-05-01;1;5;6;-1.29928298413026;;2.3;360921;31302;10916;0.133;-0.47547956545384;-0.493473329596232;-0.844279421124486;-0.603205473774824;-0.691656414621798;5;1;12.7964143768017;10.3514372722504;9.29798488182823
18;Fukui;2015;5;201505;2015-05-01;1;4;5;-1.09861228866811;;1.8;247206;23489;7987;0.147;-1.16896411398233;-0.942773255497058;-1.27954679499281;-1.10625072696514;-0.0157924148874103;5;1;12.4179772761158;10.0642875054398;8.98557049891739
19;Yamanashi;2015;5;201505;2015-05-01;0;1;1;-1.09861228866811;;3.2;206002;24730;6594;0.144;0.77279262189744;-1.15925204391604;-1.2015050194007;-1.41485103842975;-0.160620414830494;5;1;12.2356411564625;10.1157723605155;8.79391542363168
20;Nagano;2015;5;201505;2015-05-01;5;12;17;-0.82098055206983;;2.9;599575;61055;19467;0.157;0.356701892780346;0.109130264184812;0.168429501173437;0.32827280821827;0.466967584922867;5;1;13.3039763498784;11.0195303762671;9.87647600328928
21;Gifu;2015;5;201505;2015-05-01;2;3;5;-0.336472236621213;;2.6;562702;53623;15948;0.136;-0.0593888363367464;0.0337743696405721;-0.0283194192688875;0.00722218546828588;-0.546828414678714;5;1;13.2405054597069;10.8897333594975;9.67708870850125
22;Shizuoka;2015;5;201505;2015-05-01;2;12;14;-1.6094379124341;;2.8;1107960;85370;29596;0.135;0.218004983074649;0.838167476226258;0.676562173443677;1.00280948380651;-0.595104414659742;5;1;13.9180310445547;11.3547500300044;10.2953944960454
23;Aichi;2015;5;201505;2015-05-01;13;27;40;-0.711496319228142;;2.7;2688383;143444;40054;0.108;0.0793080733689514;1.8905700418712;1.46319693395951;1.49003456929705;-1.89855641414749;5;1;14.8044504555942;11.8736999941144;10.5979838226654
24;Mie;2015;5;201505;2015-05-01;4;6;10;-0.367724780125317;;2.4;469243;50684;15168;0.137;-0.336782655748142;-0.181865392035537;-0.113762863073167;-0.0735213688563907;-0.498552414697687;5;1;13.0588760369161;10.8333655579188;9.6269432244948
25;Shiga;2015;5;201505;2015-05-01;1;6;7;-1.46633706879343;;2;362062;31983;8434;0.114;-0.891570294570933;-0.489725925255646;-0.811655156256769;-1.01856654434109;-1.60890041426132;5;1;12.799570746861;10.3729597906186;9.0400264343065
26;Kyoto;2015;5;201505;2015-05-01;2;12;14;-1.6094379124341;;3.4;718180;76249;20645;0.13;1.05018644130883;0.323428123629014;0.505288983313344;0.422875154244406;-0.836484414564881;5;1;13.4844755129901;11.2417595796296;9.93522843832019
27;Osaka;2015;5;201505;2015-05-01;16;53;69;-1.17632127299543;;4.1;3398028;229997;49406;0.119;2.02106480924872;2.16869002078527;2.17884824580524;1.82792135415342;-1.36752041435619;5;1;15.0387058213213;12.345821544342;10.8078271532905
28;Hyogo;2015;5;201505;2015-05-01;3;25;28;-1.98591548366901;;3.8;1322540;130421;37456;0.127;1.60497408013163;1.04835089307285;1.31892567501039;1.38205286946408;-0.981312414507964;5;1;14.0950646880039;11.7785229584535;10.5309221897307
29;Nara;2015;5;201505;2015-05-01;1;5;6;-1.29928298413026;;2.7;228419;35655;10613;0.133;0.0793080733689514;-1.03661399358409;-0.646908439295373;-0.648532108835505;-0.691656414621798;5;1;12.3389369406947;10.4816446684624;9.26983494376182
30;Wakayama;2015;5;201505;2015-05-01;1;2;3;-0.510825623765991;;2.5;230332;34141;9298;0.155;-0.198085746042444;-1.02671221753683;-0.71268044937936;-0.86152805757401;0.370415584960812;5;1;12.3472770253529;10.4382542870735;9.13755460225053
31;Tottori;2015;5;201505;2015-05-01;1;2;3;-0.510825623765991;;2.3;156982;19376;6170;0.159;-0.47547956545384;-1.48189318852332;-1.57133766724457;-1.5218661014399;0.563519584884923;5;1;11.9638864280761;9.87179046579287;8.72745411689943
32;Shimane;2015;5;201505;2015-05-01;1;5;6;-1.29928298413026;;2.5;200414;25222;7943;0.179;-0.198085746042444;-1.19190222588328;-1.17164404956692;-1.11514568772194;1.52903958450548;5;1;12.2081405060322;10.1354719085158;8.98004631663313
33;Okayama;2015;5;201505;2015-05-01;4;8;12;-0.635988766719997;;3.2;565515;58705;16423;0.143;0.77279262189744;0.0396947638990344;0.108933268320795;0.0544801158438411;-0.208896414811521;5;1;13.2454920993855;10.9802801810643;9.70643807033756
34;Hiroshima;2015;5;201505;2015-05-01;6;18;24;-1.04596855518269;;3;957680;74523;21597;0.132;0.495398802486044;0.665111271343477;0.470582012457146;0.495464361048719;-0.739932414602825;5;1;13.7722689719253;11.2188630815542;9.98030969513741
35;Yamaguchi;2015;5;201505;2015-05-01;1;6;7;-1.46633706879343;;2.9;386435;42757;12993;0.162;0.356701892780346;-0.412378630545709;-0.371569526714376;-0.322741434610965;0.708347584828006;5;1;12.8647189569286;10.6632882036506;9.47216602988274
36;Tokushima;2015;5;201505;2015-05-01;0;5;5;-2.39789527279837;;3;194195;26083;8354;0.16;0.495398802486044;-1.22932725668908;-1.12076231849263;-1.03391272636339;0.611795584865951;5;1;12.176618087855;10.1690390400999;9.03049574505712
37;Kagawa;2015;5;201505;2015-05-01;3;4;7;-0.251314428280906;;3;309761;29358;9131;0.15;0.495398802486044;-0.674954260897394;-0.941469121470276;-0.890711238011003;0.129035585055673;5;1;12.6435563113709;10.2873203605172;9.11943049661634
38;Ehime;2015;5;201505;2015-05-01;1;11;12;-2.03688192726104;;2.6;387067;45160;12307;0.157;-0.0593888363367464;-0.410438511540373;-0.288686283216801;-0.410082018560063;0.466967584922867;5;1;12.8663530836422;10.7179670182636;9.41792348517234
39;Kochi;2015;5;201505;2015-05-01;0;4;4;-2.19722457733622;;3.3;191881;25314;8008;0.172;0.911489531603137;-1.24355933701473;-1.16612498993994;-1.10202266512117;1.19110758463828;5;1;12.164630667193;10.1391128813524;8.98819632099506
40;Fukuoka;2015;5;201505;2015-05-01;9;26;35;-1.02585293438568;;4.2;1592888;120012;36397;0.124;2.15976171895442;1.26917320600755;1.19284591492531;1.33587183910967;-1.12614041445105;5;1;14.2810592788248;11.6953470167645;10.5022416326459
41;Saga;2015;5;201505;2015-05-01;0;5;5;-2.39789527279837;;2.7;229375;20651;6848;0.145;0.0793080733689514;-1.0316553708949;-1.47473664192;-1.3539916541328;-0.112344414849466;5;1;12.343113497791;9.93551902336679;8.83171191782158
42;Nagasaki;2015;5;201505;2015-05-01;1;11;12;-2.03688192726104;;3.2;353695;41594;11950;0.156;0.77279262189744;-0.517484462965899;-0.413371294068197;-0.45748094644137;0.41869158494184;5;1;12.77619023882;10.6357112050779;9.38848655735966
43;Kumamoto;2015;5;201505;2015-05-01;2;12;14;-1.6094379124341;;3.7;460720;54039;15906;0.154;1.46627717042593;-0.203628033873461;-0.0166052716771419;0.00297607198006715;0.322139584979784;5;1;13.0405457621806;10.8974612870917;9.67445167551708
44;Oita;2015;5;201505;2015-05-01;0;4;4;-2.19722457733622;;3.4;321938;33317;10148;0.157;1.05018644130883;-0.629176288382547;-0.749713798962732;-0.720673307522291;0.466967584922867;5;1;12.6821142594032;10.4138230562129;9.22503192071917
45;Miyazaki;2015;5;201505;2015-05-01;0;10;10;-3.04452243772342;;3.4;283960;31386;9350;0.155;1.05018644130883;-0.778206712304546;-0.840217113812;-0.852548018217284;0.370415584960812;5;1;12.5565886621533;10.3541172125987;9.14313162228273
46;Kagoshima;2015;5;201505;2015-05-01;1;10;11;-1.94591014905531;;3.6;440171;52362;16649;0.161;1.32758026072023;-0.257798979282936;-0.0643913027565552;0.0764871121959206;0.660071584846978;5;1;12.9949185667585;10.8659364163914;9.72010543354485
47;Okinawa;2015;5;201505;2015-05-01;2;11;13;-1.52605630349505;;4.9;379230;32174;8614;0.102;3.1306400868943;-0.434723645289784;-0.802629719129626;-0.984563230892753;-2.18821241403366;5;1;12.8458981601577;10.3789139519503;9.06114406561406
1;Hokkaido;2015;6;201506;2015-06-01;4;14;18;-1.17007125265025;;3.4;1478144;140863;41604;0.143;1.05018644130883;1.18041255140337;1.43567429799794;1.55116974401962;-0.208896414811521;6;1;14.2062978047024;11.855543065815;10.635951595473
2;Aomori;2015;6;201506;2015-06-01;1;9;10;-1.84582669049833;;4.3;351782;46169;11478;0.154;2.29845862866011;-0.523923275949494;-0.255191453262016;-0.522370021574706;0.322139584979784;6;1;12.7707669445417;10.7400638561805;9.34818743866831
3;Iwate;2015;6;201506;2015-06-01;0;11;11;-3.13549421592915;;3.3;362323;43116;13052;0.163;0.911489531603137;-0.488870378569415;-0.358895401710361;-0.315446281286533;0.756623584809034;6;1;12.8002913581693;10.6716494369015;9.47669665771321
4;Miyagi;2015;6;201506;2015-06-01;4;6;10;-0.367724780125317;;3.9;695578;56375;16179;0.129;1.74367098983732;0.28546329571197;0.0475439140797189;0.0303777472660528;-0.884760414545909;6;1;13.4524984335901;10.939781076805;9.69146938400534
5;Akita;2015;6;201506;2015-06-01;0;5;5;-2.39789527279837;;3.5;284644;41612;12145;0.185;1.18888335101453;-0.775350312223401;-0.412715457678403;-0.431418019070144;1.81869558439164;6;1;12.5589945556396;10.6361438661908;9.40467284143627
6;Yamagata;2015;6;201506;2015-06-01;1;4;5;-1.09861228866811;;2.9;319114;38174;11565;0.169;0.356701892780346;-0.639636654332645;-0.543430580184634;-0.510211288406888;1.0462795846952;6;1;12.6733036846978;10.5499099345898;9.35573857466554
7;Fukushima;2015;6;201506;2015-06-01;3;20;23;-1.76766191764899;;3.3;560255;60457;17479;0.15;0.911489531603137;0.0286001582686108;0.153509695591116;0.154822668492773;0.129035585055673;6;1;13.2361473162106;11.0096876475192;9.76875543933509
8;Ibaraki;2015;6;201506;2015-06-01;6;13;19;-0.730887508542792;;3.4;747378;69507;22883;0.124;1.05018644130883;0.370741092354769;0.364959162594039;0.588597292606186;-1.12614041445105;6;1;13.5243263602243;11.1491827459055;10.0381495557795
9;Tochigi;2015;6;201506;2015-06-01;4;2;6;0.587786664902119;;3.3;539030;45847;12873;0.122;0.911489531603137;-0.0172524462959834;-0.265800391891261;-0.337681796592787;-1.2226924144131;6;1;13.1975265069693;10.7330650447915;9.46288737365964
10;Gunma;2015;6;201506;2015-06-01;4;12;16;-1.02165124753198;;2.7;571344;51375;15400;0.132;0.0793080733689514;0.051869621571927;-0.0932365467260722;-0.0490794481684656;-0.739932414602825;6;1;13.2557467590758;10.8469069517985;9.64212278840172
11;Saitama;2015;6;201506;2015-06-01;8;22;30;-0.973449145714104;;3.4;1387417;138920;40640;0.107;1.05018644130883;1.1052078989724;1.41462022604599;1.51342132816924;-1.94683241412852;6;1;14.1429543029936;11.841653506858;10.6125080822524
12;Chiba;2015;6;201506;2015-06-01;4;15;19;-1.23676262714893;;3.2;1114642;130136;34485;0.114;0.77279262189744;0.845306169382421;1.31560963371023;1.24898313441524;-1.60890041426132;6;1;13.9240438350872;11.7763353364463;10.4482797258654
13;Tokyo;2015;6;201506;2015-06-01;51;150;201;-1.07238127651924;;3.6;9407558;288466;69844;0.109;1.32758026072023;3.3776895254421;2.52219810458307;2.38535535026992;-1.85028041416646;6;1;16.0570239667244;12.5723325070321;11.154019462642
14;Kanagawa;2015;6;201506;2015-06-01;25;32;57;-0.242561637171311;;3.6;2056040;195671;49946;0.109;1.32758026072023;1.57219900482742;1.93384384410534;1.845424957119;-1.85028041416646;6;1;14.5362923606209;12.1841899564046;10.81869770079
15;Niigata;2015;6;201506;2015-06-01;1;12;13;-2.12026353620009;;3;710511;76907;24818;0.156;0.495398802486044;0.310682026130478;0.518313817203593;0.719304008410377;0.41869158494184;6;1;13.4737397084543;11.2503521786592;10.1193244753346
16;Toyama;2015;6;201506;2015-06-01;0;5;5;-2.39789527279837;;2.6;357602;35041;11581;0.15;-0.0593888363367464;-0.504441704914977;-0.67323912032751;-0.507985160396;0.129035585055673;6;1;12.787175915107;10.4642740834559;9.35712110318438
17;Ishikawa;2015;6;201506;2015-06-01;1;3;4;-0.847297860387204;;2.3;362868;31380;10884;0.133;-0.47547956545384;-0.487085877492151;-0.840506917856463;-0.607932628613406;-0.691656414621798;6;1;12.8017944107516;10.353926026287;9.29504909990314
18;Fukui;2015;6;201506;2015-06-01;1;8;9;-1.73460105538811;;1.8;248047;23649;7939;0.147;-1.16896411398233;-0.938741056712796;-1.26925649250164;-1.11595676239488;-0.0157924148874103;6;1;12.4213735233202;10.071076109728;8.97954260172511
19;Yamanashi;2015;6;201506;2015-06-01;0;2;2;-1.6094379124341;;3.2;206494;24808;6534;0.144;0.77279262189744;-1.15641988118678;-1.19673155008;-1.4295694769302;-0.160620414830494;6;1;12.238026635271;10.1189214607803;8.78477459216102
20;Nagano;2015;6;201506;2015-06-01;2;12;14;-1.6094379124341;;2.9;600834;61328;19283;0.157;0.356701892780346;0.111620665187596;0.175192197953687;0.312981120813888;0.466967584922867;6;1;13.3060739690426;11.0239917876203;9.86697915771961
21;Gifu;2015;6;201506;2015-06-01;4;3;7;0.251314428280906;;2.6;563517;53846;15471;0.136;-0.0593888363367464;0.0354927031948186;-0.0220287055507521;-0.0416729239379424;-0.546828414678714;6;1;13.2419527805961;10.8938833994171;9.64672258271907
22;Shizuoka;2015;6;201506;2015-06-01;6;13;19;-0.730887508542792;;2.8;1108601;85844;29535;0.135;0.218004983074649;0.838854150837103;0.684955184988321;0.999487321880367;-0.595104414659742;6;1;13.918609418006;11.3602869745414;10.2933312797413
23;Aichi;2015;6;201506;2015-06-01;11;25;36;-0.796331416795176;;2.7;2691523;144218;39780;0.108;0.0793080733689514;1.89195592831246;1.47135405968316;1.47898181770018;-1.89855641414749;6;1;14.8056177623674;11.8790813226725;10.591119552408
24;Mie;2015;6;201506;2015-06-01;2;6;8;-0.955511445027436;;2.4;470603;50908;15269;0.137;-0.336782655748142;-0.17842937625166;-0.107078394976701;-0.0628350739572126;-0.498552414697687;6;1;13.0617701300957;10.8377753611119;9.63357990818351
25;Shiga;2015;6;201506;2015-06-01;1;8;9;-1.73460105538811;;2;363192;32075;8401;0.114;-0.891570294570933;-0.486026269650182;-0.807301116465383;-1.02487913177798;-1.60890041426132;6;1;12.802686899035;10.3758321894838;9.03610602536485
26;Kyoto;2015;6;201506;2015-06-01;4;17;21;-1.35812348415319;;3.4;720119;76635;20573;0.13;1.05018644130883;0.326629240495988;0.512943254297225;0.417249771786905;-0.836484414564881;6;1;13.4871717551132;11.246809170433;9.93173481547423
27;Osaka;2015;6;201506;2015-06-01;13;46;59;-1.23676262714893;;4.1;3406665;230917;49043;0.119;2.02106480924872;2.17170390977882;2.18489951045761;1.81604718270496;-1.36752041435619;6;1;15.0412443648348;12.3498136175783;10.8004527432904
28;Hyogo;2015;6;201506;2015-06-01;4;14;18;-1.17007125265025;;3.8;1325295;130860;37066;0.127;1.60497408013163;1.05082149899124;1.32401939118656;1.36519936962189;-0.981312414507964;6;1;14.097145634131;11.7818833284237;10.5204553863573
29;Nara;2015;6;201506;2015-06-01;0;2;2;-1.6094379124341;;2.7;229643;35933;10593;0.133;0.0793080733689514;-1.03026900532866;-0.635135513884166;-0.651569336861191;-0.691656414621798;6;1;12.3442812081224;10.4894113723081;9.2679486845965
30;Wakayama;2015;6;201506;2015-06-01;1;2;3;-0.510825623765991;;2.5;231057;34295;9310;0.155;-0.198085746042444;-1.02298105847412;-0.705858405960296;-0.859451291215095;0.370415584960812;6;1;12.3504197123121;10.4427548499334;9.13884437027111
31;Tottori;2015;6;201506;2015-06-01;0;3;3;-1.94591014905531;;2.3;157217;19462;6125;0.159;-0.47547956545384;-1.48011721788738;-1.5646246162451;-1.53365279387846;0.563519584884923;6;1;11.9653822956239;9.87621912538193;8.72013403541293
32;Shimane;2015;6;201506;2015-06-01;1;9;10;-1.84582669049833;;2.5;201173;25289;8059;0.179;-0.198085746042444;-1.18741440739373;-1.16762274716112;-1.09180050046279;1.52903958450548;6;1;12.2119205133718;10.1381247975616;8.99454475832451
33;Okayama;2015;6;201506;2015-06-01;2;10;12;-1.43508452528932;;3.2;566502;58925;16337;0.143;0.77279262189744;0.0417650813834874;0.114603264067069;0.0460261286219354;-0.208896414811521;6;1;13.2472358898941;10.9840207278043;9.70118775302651
34;Hiroshima;2015;6;201506;2015-06-01;8;22;30;-0.973449145714104;;3;960371;74860;21419;0.132;0.495398802486044;0.668442668940323;0.477421240795363;0.48213840155176;-0.739932414602825;6;1;13.7750749471216;11.2233749814584;9.97203365757114
35;Yamaguchi;2015;6;201506;2015-06-01;2;4;6;-0.587786664902119;;2.9;387381;43045;12921;0.162;0.356701892780346;-0.40947576925908;-0.361393591097816;-0.331689006384593;0.708347584828006;6;1;12.8671639838375;10.6700013590921;9.46660917372222
36;Tokushima;2015;6;201506;2015-06-01;1;5;6;-1.29928298413026;;3;195279;26233;8316;0.16;0.495398802486044;-1.2227184268689;-1.11207000139819;-1.04125371886226;0.611795584865951;6;1;12.1821845842016;10.1747734391764;9.0259366489779
37;Kagawa;2015;6;201506;2015-06-01;2;13;15;-1.68639895357023;;3;310131;29414;8996;0.15;0.495398802486044;-0.673536972016044;-0.938580468761977;-0.914695253420091;0.129035585055673;6;1;12.6447500678444;10.2892260304603;9.10453531307921
38;Ehime;2015;6;201506;2015-06-01;1;10;11;-1.94591014905531;;2.6;387527;45339;11882;0.157;-0.0593888363367464;-0.4090283905083;-0.282689926510682;-0.466669679443075;0.466967584922867;6;1;12.8675408027675;10.7219228682382;9.38277992891569
39;Kochi;2015;6;201506;2015-06-01;0;7;7;-2.70805020110221;;3.3;192471;25369;7971;0.172;0.911489531603137;-1.23991435119134;-1.16283512408856;-1.10947957569297;1.19110758463828;6;1;12.1677007720106;10.1412832351827;8.98356523442792
40;Fukuoka;2015;6;201506;2015-06-01;6;30;36;-1.54592450671177;;4.2;1600759;120671;36431;0.124;2.15976171895442;1.27502537039195;1.20114669154182;1.33737528082525;-1.12614041445105;6;1;14.2859884497298;11.7008231130972;10.5031753395298
41;Saga;2015;6;201506;2015-06-01;0;1;1;-1.09861228866811;;2.7;230345;20690;6727;0.145;0.0793080733689514;-1.02664521064728;-1.47187667242314;-1.38269701858729;-0.112344414849466;6;1;12.3473334640291;9.93740577073959;8.81388455802561
42;Nagasaki;2015;6;201506;2015-06-01;0;11;11;-3.13549421592915;;3.2;354659;41716;11819;0.156;0.77279262189744;-0.51425299699135;-0.40893172671044;-0.47522982073847;0.41869158494184;6;1;12.7789120434406;10.6386400272411;9.37746368501224
43;Kumamoto;2015;6;201506;2015-06-01;1;6;7;-1.46633706879343;;3.7;462806;54388;15695;0.154;1.46627717042593;-0.1982646540721;-0.00684712980479083;-0.0185266834215291;0.322139584979784;6;1;13.0450632387811;10.9038988202756;9.66109746927605
44;Oita;2015;6;201506;2015-06-01;0;7;7;-2.70805020110221;;3.4;322593;33368;10094;0.157;1.05018644130883;-0.626763216411695;-0.747395231440215;-0.729264380353956;0.466967584922867;6;1;12.6841467457397;10.4153526358768;9.21969646690021
45;Miyazaki;2015;6;201506;2015-06-01;2;8;10;-1.22377543162212;;3.4;284121;31568;9327;0.155;1.05018644130883;-0.777533753840796;-0.831452618539827;-0.856513783148485;0.370415584960812;6;1;12.5571554827451;10.3598992282624;9.14066869872686
46;Kagoshima;2015;6;201506;2015-06-01;2;7;9;-1.09861228866811;;3.6;441465;52525;16415;0.161;1.32758026072023;-0.254313857899512;-0.0596799683291003;0.0536955681894148;0.660071584846978;6;1;12.9978540206855;10.8690445257132;9.70595082993569
47;Okinawa;2015;6;201506;2015-06-01;3;20;23;-1.76766191764899;;4.9;382573;32270;8418;0.102;3.1306400868943;-0.424303611631201;-0.798113586287617;-1.02162410226984;-2.18821241403366;6;1;12.8546747637124;10.381893285046;9.03812754933052
1;Hokkaido;2015;7;201507;2015-07-01;6;25;31;-1.36687627526279;;3.3;1485660;141408;42505;0.143;0.911489531603137;1.18643413692269;1.4415277009602;1.58566862161679;-0.208896414811521;7;1;14.2113696759272;11.8594046079305;10.6573769950515
2;Aomori;2015;7;201507;2015-07-01;3;11;14;-1.18958406687384;;3.7;352365;46254;11449;0.154;1.46627717042593;-0.521957301104145;-0.252403300084306;-0.526443421300341;0.322139584979784;7;1;12.772422849156;10.7419032256873;9.34565766892381
3;Iwate;2015;7;201507;2015-07-01;2;12;14;-1.6094379124341;;2.7;362712;43244;13038;0.163;0.0793080733689514;-0.48759639652504;-0.354401999476168;-0.317174346109015;0.756623584809034;7;1;12.8013644099181;10.6746137744127;9.47562344948448
4;Miyagi;2015;7;201507;2015-07-01;4;14;18;-1.17007125265025;;3.7;695653;56602;16252;0.129;1.46627717042593;0.285591302987311;0.0536352709821711;0.0376266001308495;-0.884760414545909;7;1;13.4526062517742;10.943799599256;9.69597125710762
5;Akita;2015;7;201507;2015-07-01;1;2;3;-0.510825623765991;;3.3;285167;41747;12027;0.185;0.911489531603137;-0.773170878744169;-0.407805708625562;-0.44713897328569;1.81869558439164;7;1;12.5608302525527;10.6393828714098;9.39490940131062
6;Yamagata;2015;7;201507;2015-07-01;3;12;15;-1.27296567581289;;2.4;319020;38190;11552;0.169;-0.336782655748142;-0.639986429206152;-0.542795382417256;-0.512022286347087;1.0462795846952;7;1;12.6730090757264;10.5503289802196;9.35461386113261
7;Fukushima;2015;7;201507;2015-07-01;2;25;27;-2.32238772029023;;2.9;561447;60720;17450;0.15;0.356701892780346;0.0311234737992413;0.160089513528622;0.152148935859086;0.129035585055673;7;1;13.2382726586789;11.0140284120695;9.76709492763057
8;Ibaraki;2015;7;201507;2015-07-01;2;6;8;-0.955511445027436;;3;748143;69770;22888;0.124;0.495398802486044;0.371955715614096;0.370683885943619;0.588949084344797;-1.12614041445105;7;1;13.5253494151553;11.1529593969333;10.0383680347299
9;Tochigi;2015;7;201507;2015-07-01;4;11;15;-0.93826963859293;;3.1;539687;45878;12913;0.122;0.634095712191742;-0.0158062390395984;-0.264775798305273;-0.332686257146766;-1.2226924144131;7;1;13.1987446208606;10.7337409783141;9.46598983484665
10;Gunma;2015;7;201507;2015-07-01;3;7;10;-0.762140052046897;;2.6;571946;51515;15365;0.132;-0.0593888363367464;0.0531199173439724;-0.0891114628897418;-0.0527431265645289;-0.739932414602825;7;1;13.256799860311;10.8496283063792;9.63984747456458
11;Saitama;2015;7;201507;2015-07-01;3;25;28;-1.98591548366901;;3.1;1390045;139325;41895;0.107;0.634095712191742;1.10745462440107;1.41903293825124;1.56239301643024;-1.94683241412852;7;1;14.1448466786836;11.8445646124377;10.6429217670474
12;Chiba;2015;7;201507;2015-07-01;3;24;27;-1.94591014905531;;3.1;1117387;130556;34649;0.114;0.634095712191742;0.848226388036419;1.32049390305343;1.25662253016398;-1.60890041426132;7;1;13.9265034817888;11.7795575324737;10.4530241441727
13;Tokyo;2015;7;201507;2015-07-01;54;139;193;-0.939863899592222;;3.3;9407110;289185;70233;0.109;0.911489531603137;3.37763298566515;2.52597157741959;2.39429848795514;-1.85028041416646;7;1;16.0569763443055;12.5748219007017;11.1595735650284
14;Kanagawa;2015;7;201507;2015-07-01;13;32;45;-0.878550403891308;;3.4;2056960;196420;51014;0.109;1.05018644130883;1.5727301359631;1.93963510479954;1.87949276131979;-1.85028041416646;7;1;14.5367397226512;12.1880105027118;10.8398553838395
15;Niigata;2015;7;201507;2015-07-01;4;22;26;-1.6094379124341;;2.7;711250;76999;25447;0.156;0.0793080733689514;0.311916240267248;0.52012603324722;0.759604807770759;0.41869158494184;7;1;13.4747792644227;11.2515477137385;10.144353136838
16;Toyama;2015;7;201507;2015-07-01;2;5;7;-0.78845736036427;;2.3;357557;35121;11542;0.15;-0.47547956545384;-0.504591115904485;-0.669782387151491;-0.513416749030933;0.129035585055673;7;1;12.7870500689663;10.4665545211478;9.35374783527091
17;Ishikawa;2015;7;201507;2015-07-01;1;8;9;-1.73460105538811;;2.3;362784;31486;10812;0.133;-0.47547956545384;-0.487360745077633;-0.835395185678065;-0.618619742804332;-0.691656414621798;7;1;12.8015628948173;10.3572982815746;9.28841190739634
18;Fukui;2015;7;201507;2015-07-01;0;7;7;-2.70805020110221;;1.8;248115;23765;7948;0.147;-1.16896411398233;-0.938415626363774;-1.26183946476228;-1.11413241856737;-0.0157924148874103;7;1;12.4216476273444;10.0759691890481;8.98067560367171
19;Yamanashi;2015;7;201507;2015-07-01;0;1;1;-1.09861228866811;;2.5;206702;24951;6532;0.144;-0.198085746042444;-1.15522457298611;-1.18801904123162;-1.43006241615352;-0.160620414830494;7;1;12.2390334214818;10.1246691805368;8.78446845409036
20;Nagano;2015;7;201507;2015-07-01;1;8;9;-1.73460105538811;;2.4;601452;61406;19239;0.157;-0.336782655748142;0.112841208960696;0.177118868310939;0.309302796060869;0.466967584922867;7;1;13.3071020107139;11.0252628292307;9.86469474781697
21;Gifu;2015;7;201507;2015-07-01;3;7;10;-0.762140052046897;;2.6;563545;54001;15832;0.136;-0.0593888363367464;0.0355516938011604;-0.0176715649809751;-0.00453252824611815;-0.546828414678714;7;1;13.2420024673037;10.8967578438935;9.6697884872824
22;Shizuoka;2015;7;201507;2015-07-01;1;13;14;-2.19722457733622;;2.7;1108701;86146;28619;0.135;0.0793080733689514;0.838961240558232;0.690278495943187;0.948758142940609;-0.595104414659742;7;1;13.9186996177173;11.3637988102339;10.261826111899
23;Aichi;2015;7;201507;2015-07-01;12;32;44;-0.955511445027436;;2.6;2691911;144751;40038;0.108;-0.0593888363367464;1.89212706572809;1.47694589135268;1.48939123473906;-1.89855641414749;7;1;14.805761908279;11.8827703038742;10.5975842821317
24;Mie;2015;7;201507;2015-07-01;5;8;13;-0.435318071257846;;2.6;470585;51013;15144;0.137;-0.0593888363367464;-0.178474788056196;-0.10395516891825;-0.0760711492156512;-0.498552414697687;7;1;13.0617318805643;10.8398357811853;9.62535969288916
25;Shiga;2015;7;201507;2015-07-01;0;6;6;-2.56494935746154;;2.8;363462;32173;8420;0.114;0.218004983074649;-0.485143984942838;-0.802676833060347;-1.02124158986505;-1.60890041426132;7;1;12.8034300312889;10.3788828704702;9.03836510723637
26;Kyoto;2015;7;201507;2015-07-01;4;14;18;-1.17007125265025;;3.4;720701;76875;20596;0.13;1.05018644130883;0.327588389137553;0.517682972991678;0.419048906132758;-0.836484414564881;7;1;13.4879796284515;11.2499360051088;9.93285216116603
27;Osaka;2015;7;201507;2015-07-01;25;49;74;-0.663294217410264;;4.6;3411415;231321;49036;0.119;2.71454935777721;2.17335817151041;2.18754919073535;1.81581734141902;-1.36752041435619;7;1;15.042637719201;12.3515616352785;10.8003100012149
28;Hyogo;2015;7;201507;2015-07-01;7;15;22;-0.725937003382936;;3.8;1325026;131299;37577;0.127;1.60497408013163;1.05058049377644;1.32909604790197;1.38724612230215;-0.981312414507964;7;1;14.0969426398514;11.7852324441157;10.5341474400843
29;Nara;2015;7;201507;2015-07-01;1;6;7;-1.46633706879343;;3.4;229744;36128;10602;0.133;1.05018644130883;-1.02974695146325;-0.62693175231463;-0.650201875241507;-0.691656414621798;7;1;12.3447209245342;10.4948234669494;9.26879794154775
30;Wakayama;2015;7;201507;2015-07-01;0;1;1;-1.09861228866811;;2.8;230761;34287;9302;0.155;0.218004983074649;-1.02450298452328;-0.706212042787876;-0.860835504462086;0.370415584960812;7;1;12.3491378218681;10.4425215525657;9.13798470978404
31;Tottori;2015;7;201507;2015-07-01;1;5;6;-1.29928298413026;;2.3;157379;19540;6112;0.159;-0.47547956545384;-1.47889447683747;-1.55856163888367;-1.53707396334155;0.563519584884923;7;1;11.9664121880213;9.88021892559677;8.71800933084636
32;Shimane;2015;7;201507;2015-07-01;0;2;2;-1.6094379124341;;2.6;201221;25362;7990;0.179;-0.0593888363367464;-1.18713116231099;-1.16325343795649;-1.10564603798248;1.52903958450548;7;1;12.2121590855186;10.1410072697948;8.98594603876032
33;Okayama;2015;7;201507;2015-07-01;1;13;14;-2.19722457733622;;3.3;566544;59074;16420;0.143;0.911489531603137;0.0418530999689382;0.118431386466115;0.0541859552680962;-0.208896414811521;7;1;13.247310026337;10.9865461742775;9.70625538300642
34;Hiroshima;2015;7;201507;2015-07-01;3;13;16;-1.34992671694902;;3;960851;75086;21485;0.132;0.495398802486044;0.669035917006693;0.481990560292979;0.487092361891819;-0.739932414602825;7;1;13.7755746291052;11.226389402265;9.9751102962091
35;Yamaguchi;2015;7;201507;2015-07-01;0;10;10;-3.04452243772342;;3;386620;43117;12880;0.162;0.495398802486044;-0.411810387696444;-0.358860245330553;-0.336806457641957;0.708347584828006;7;1;12.8651975774757;10.6716726298787;9.46343099965834
36;Tokushima;2015;7;201507;2015-07-01;0;9;9;-2.94443897916644;;3;195530;26287;8307;0.16;0.495398802486044;-1.22119338467139;-1.10895292936692;-1.04299728802061;0.611795584865951;7;1;12.1834690993203;10.1768297993831;9.02485381183907
37;Kagawa;2015;7;201507;2015-07-01;1;6;7;-1.46633706879343;;2.6;310454;29559;9137;0.15;-0.0593888363367464;-0.67230109879094;-0.931126401641019;-0.889653528780676;0.129035585055673;7;1;12.6457910212325;10.2941435449906;9.12008738299862
38;Ehime;2015;7;201507;2015-07-01;1;5;6;-1.29928298413026;;2.7;387833;45519;12146;0.157;0.0793080733689514;-0.408091280248659;-0.276683895870582;-0.431285444374883;0.466967584922867;7;1;12.8683301135803;10.7258851001934;9.40475517645752
39;Kochi;2015;7;201507;2015-07-01;0;3;3;-1.94591014905531;;2.7;191948;25478;8013;0.172;0.0793080733689514;-1.2431448512127;-1.15633622981615;-1.10101761798761;1.19110758463828;7;1;12.1649797809946;10.1455706136697;8.98882050177807
40;Fukuoka;2015;7;201507;2015-07-01;4;33;37;-2.00746804205475;;4.2;1605285;121053;36368;0.124;2.15976171895442;1.2783774783404;1.20593764106369;1.33458838153188;-1.12614041445105;7;1;14.288811868876;11.7039837452066;10.5014445460923
41;Saga;2015;7;201507;2015-07-01;0;4;4;-2.19722457733622;;3.2;230825;20800;6876;0.145;0.77279262189744;-1.02417375408153;-1.46383904426347;-1.34742137295426;-0.112344414849466;7;1;12.3494151266408;9.94270826568941;8.83579236650274
42;Nagasaki;2015;7;201507;2015-07-01;0;7;7;-2.70805020110221;;3.2;355494;41823;11882;0.156;0.77279262189744;-0.511461048603385;-0.405048682047729;-0.466669679443075;0.41869158494184;7;1;12.7812636504459;10.6412017064212;9.38277992891569
43;Kumamoto;2015;7;201507;2015-07-01;1;9;10;-1.84582669049833;;3.4;462822;54555;15597;0.154;1.05018644130883;-0.198223609461919;-0.00219988956686713;-0.0286122477845169;0.322139584979784;7;1;13.0450978099048;10.9069646460892;9.65483386705183
44;Oita;2015;7;201507;2015-07-01;0;6;6;-2.56494935746154;;2.8;322535;33391;10078;0.157;0.218004983074649;-0.626976695204932;-0.746350762154333;-0.731818711185723;0.466967584922867;7;1;12.6839669364611;10.4160416815758;9.21811010924054
45;Miyazaki;2015;7;201507;2015-07-01;0;7;7;-2.70805020110221;;3.6;284153;31599;9319;0.155;1.32758026072023;-0.777400043551505;-0.829964802898089;-0.857895472355137;0.370415584960812;7;1;12.5572681044735;10.3608807535047;9.13981060578566
46;Kagoshima;2015;7;201507;2015-07-01;2;15;17;-1.82454929205105;;3.6;441961;52637;16521;0.161;1.32758026072023;-0.252980692046311;-0.0564511991960837;0.0640599294414389;0.660071584846978;7;1;12.9989769218728;10.8711745734937;9.71238757793059
47;Okinawa;2015;7;201507;2015-07-01;3;14;17;-1.42138568093116;;5.2;383953;32315;8685;0.102;3.54673081601139;-0.420028718115254;-0.796001271871398;-0.971345837387326;-2.18821241403366;7;1;12.8582754282456;10.383286797697;9.06935267867521
1;Hokkaido;2015;8;201508;2015-08-01;4;18;22;-1.41369333530801;;3.3;1489408;141805;42099;0.143;0.911489531603137;1.18942554423793;1.44577737137779;1.57021449372147;-0.208896414811521;8;1;14.2138892835347;11.8622081533894;10.6477792664192
2;Aomori;2015;8;201508;2015-08-01;1;2;3;-0.510825623765991;;3.7;352137;46129;11369;0.154;1.46627717042593;-0.522725768184443;-0.256505302008332;-0.53773410450099;0.322139584979784;8;1;12.7717755834052;10.73919709845;9.33864563212911
3;Iwate;2015;8;201508;2015-08-01;2;7;9;-1.09861228866811;;2.7;362580;43285;13076;0.163;0.0793080733689514;-0.488028545696677;-0.35296551860389;-0.312488192346062;0.756623584809034;8;1;12.8010004185837;10.6755614336499;9.4785337678441
4;Miyagi;2015;8;201508;2015-08-01;4;15;19;-1.23676262714893;;3.7;695536;56638;16326;0.129;1.46627717042593;0.285391605608818;0.0545990562812947;0.044941595894751;-0.884760414545909;8;1;13.4524380503289;10.9444354170097;9.7005142080113
5;Akita;2015;8;201508;2015-08-01;0;1;1;-1.09861228866811;;3.3;285165;41635;12250;0.185;0.911489531603137;-0.773179205482022;-0.411877857235482;-0.41755693524944;1.81869558439164;8;1;12.5608232390938;10.6366964386699;9.41328121597287
6;Yamagata;2015;8;201508;2015-08-01;1;2;3;-0.510825623765991;;2.4;318912;38311;11498;0.169;-0.336782655748142;-0.640388425461774;-0.538000297934884;-0.519566772328373;1.0462795846952;8;1;12.6726704816411;10.5534923401992;9.34992838618324
7;Fukushima;2015;8;201508;2015-08-01;2;8;10;-1.22377543162212;;2.9;561181;60970;17484;0.15;0.356701892780346;0.0305608495960858;0.166317725306447;0.155283208484015;0.129035585055673;8;1;13.2377987706145;11.0181372189019;9.7690414559832
8;Ibaraki;2015;8;201508;2015-08-01;3;14;17;-1.42138568093116;;3;747866;69965;22993;0.124;0.495398802486044;0.371516054350406;0.374914538272886;0.59631901180944;-1.12614041445105;8;1;13.5249790965233;11.1557503959898;10.042945100762
9;Tochigi;2015;8;201508;2015-08-01;2;8;10;-1.22377543162212;;3.1;540362;45980;12938;0.122;0.634095712191742;-0.0143222420966385;-0.261409434817258;-0.32957189704005;-1.2226924144131;8;1;13.199994564313;10.7359617983172;9.46792399660393
10;Gunma;2015;8;201508;2015-08-01;2;8;10;-1.22377543162212;;2.6;570960;51696;15375;0.132;-0.0593888363367464;0.0510714023547787;-0.0837949034086435;-0.0516955104180086;-0.739932414602825;8;1;13.255074433645;10.8531356880643;9.64049809267472
11;Saitama;2015;8;201508;2015-08-01;5;20;25;-1.31567679390594;;3.1;1392652;139567;41748;0.107;0.634095712191742;1.10967920361267;1.42166355185187;1.55673330599722;-1.94683241412852;8;1;14.1467204010204;11.8463000516812;10.6394068249399
12;Chiba;2015;8;201508;2015-08-01;3;13;16;-1.34992671694902;;3.1;1118274;130835;34766;0.114;0.634095712191742;0.849168473554642;1.32372977540205;1.26205051938164;-1.60890041426132;8;1;13.9272969831708;11.7816922663089;10.4563951766815
13;Tokyo;2015;8;201508;2015-08-01;60;148;208;-0.897941593205959;;3.3;9407371;290307;70402;0.109;0.911489531603137;3.3776659254608;2.53184138139029;2.39816838603592;-1.85028041416646;8;1;16.0570040888923;12.5786942627086;11.1619769508335
14;Kanagawa;2015;8;201508;2015-08-01;12;34;46;-1.01523067972906;;3.4;2055170;197301;50937;0.109;1.05018644130883;1.57169652083144;1.94641879016475;1.87706052735396;-1.85028041416646;8;1;14.5358691275518;12.1924857604216;10.8383448539841
15;Niigata;2015;8;201508;2015-08-01;4;11;15;-0.93826963859293;;2.7;710354;77078;25185;0.156;0.0793080733689514;0.310419652929491;0.521680448175332;0.742940544575043;0.41869158494184;8;1;13.4735187163113;11.2525731751237;10.1340038581798
16;Toyama;2015;8;201508;2015-08-01;2;11;13;-1.52605630349505;;2.3;357084;35128;11468;0.15;-0.47547956545384;-0.506162729986474;-0.669480297715777;-0.523773478440687;0.129035585055673;8;1;12.7857263272021;10.4667538122416;9.34731582700326
17;Ishikawa;2015;8;201508;2015-08-01;5;8;13;-0.435318071257846;;2.3;363031;31490;10859;0.133;-0.47547956545384;-0.48655268497037;-0.8352026272365;-0.611635398861239;-0.691656414621798;8;1;12.8022435090497;10.3574253140951;9.2927495082169
18;Fukui;2015;8;201508;2015-08-01;2;6;8;-0.955511445027436;;1.8;247881;23827;7932;0.147;-1.16896411398233;-0.939535864495708;-1.25789002383681;-1.11737712689033;-0.0157924148874103;8;1;12.420704071278;10.0785746704347;8.97866048963969
19;Yamanashi;2015;8;201508;2015-08-01;1;2;3;-0.510825623765991;;2.5;206641;25007;6504;0.144;-0.198085746042444;-1.15557499540813;-1.18462074833157;-1.4369794576117;-0.160620414830494;8;1;12.2387382670921;10.1269110646577;8.78017265122765
20;Nagano;2015;8;201508;2015-08-01;2;8;10;-1.22377543162212;;2.4;601094;61420;19188;0.157;-0.336782655748142;0.112134315478287;0.177464421871113;0.305028742286354;0.466967584922867;8;1;13.3065066072772;11.0254907939948;9.86204036262195
21;Gifu;2015;8;201508;2015-08-01;3;11;14;-1.18958406687384;;2.6;562908;54055;15874;0.136;-0.0593888363367464;0.0342089318121723;-0.0161565303783415;-0.00026659436019369;-0.546828414678714;8;1;13.240871483467;10.8977573257269;9.67243782965082
22;Shizuoka;2015;8;201508;2015-08-01;5;10;15;-0.646627164925052;;2.7;1106210;86270;29538;0.135;0.0793080733689514;0.836290754796964;0.692458823970747;0.999650867252543;-0.595104414659742;8;1;13.9164503164585;11.3652371920706;10.2934328489863
23;Aichi;2015;8;201508;2015-08-01;15;26;41;-0.536304709066976;;2.6;2690633;144806;39972;0.108;-0.0593888363367464;1.89156327762228;1.47752173723967;1.48673475936121;-1.89855641414749;8;1;14.8052870398807;11.8831501945394;10.5959344879817
24;Mie;2015;8;201508;2015-08-01;2;9;11;-1.33500106673234;;2.6;469832;51106;15250;0.137;-0.0593888363367464;-0.180376073108224;-0.101194246785881;-0.064839958599575;-0.498552414697687;8;1;13.0601304629784;10.8416571861287;9.63233478203556
25;Shiga;2015;8;201508;2015-08-01;5;10;15;-0.646627164925052;;2.8;362920;32254;8446;0.114;0.218004983074649;-0.486915753252562;-0.798865341333684;-1.01627718003068;-1.60890041426132;8;1;12.8019377032836;10.3813973455405;9.04144823549389
26;Kyoto;2015;8;201508;2015-08-01;8;14;22;-0.534082485930258;;3.4;720000;77083;20765;0.13;1.05018644130883;0.326433030459644;0.521778775252252;0.432207337587308;-0.836484414564881;8;1;13.4870064909922;11.2526380423729;9.94102415606485
27;Osaka;2015;8;201508;2015-08-01;14;47;61;-1.18658106161407;;4.6;3404706;231826;49532;0.119;2.71454935777721;2.1710209855073;2.19085479102461;1.83202257998564;-1.36752041435619;8;1;15.0406691502256;12.3537423692577;10.810374204335
28;Hyogo;2015;8;201508;2015-08-01;6;22;28;-1.24171313230878;;3.8;1323953;131696;37654;0.127;1.60497408013163;1.04961867363722;1.33367241640266;1.39054221998118;-0.981312414507964;8;1;14.0961325163596;11.7882515152124;10.5361944692847
29;Nara;2015;8;201508;2015-08-01;1;9;10;-1.84582669049833;;3.4;229638;36186;10671;0.133;1.05018644130883;-1.03029485554374;-0.62450020152919;-0.639756407193455;-0.691656414621798;8;1;12.3442594349596;10.496427582679;9.27528506061656
30;Wakayama;2015;8;201508;2015-08-01;0;1;1;-1.09861228866811;;2.8;230535;34328;9297;0.155;0.218004983074649;-1.02566631048749;-0.704400525497359;-0.861701242404551;0.370415584960812;8;1;12.3481579737095;10.4437166266714;9.13744704645586
31;Tottori;2015;8;201508;2015-08-01;1;5;6;-1.29928298413026;;2.3;157342;19600;6139;0.159;-0.47547956545384;-1.47917363391277;-1.55391425644938;-1.5299765686277;0.563519584884923;8;1;11.9661770591282;9.88328484521861;8.7224171414275
32;Shimane;2015;8;201508;2015-08-01;1;2;3;-0.510825623765991;;2.6;199876;25416;8038;0.179;-0.0593888363367464;-1.19509361994413;-1.16002943096314;-1.09600177080531;1.52903958450548;8;1;12.2054524532507;10.1431341759494;8.99193557500915
33;Okayama;2015;8;201508;2015-08-01;2;7;9;-1.09861228866811;;3.3;565966;59203;16429;0.143;0.911489531603137;0.0406412231822989;0.121737876552562;0.0550682758261773;-0.208896414811521;8;1;13.2462892847096;10.9887274952638;9.70680334490634
34;Hiroshima;2015;8;201508;2015-08-01;3;13;16;-1.34992671694902;;3;962225;75144;21451;0.132;0.495398802486044;0.670732452675037;0.483160999849193;0.484542225218779;-0.739932414602825;8;1;13.7770035900343;11.2271615516744;9.9735265433161
35;Yamaguchi;2015;8;201508;2015-08-01;1;10;11;-1.94591014905531;;3;386034;43040;12930;0.162;0.495398802486044;-0.413611269782709;-0.361569675206736;-0.330567837050402;0.708347584828006;8;1;12.8636807274695;10.6698851948357;9.4673054717659
36;Tokushima;2015;8;201508;2015-08-01;1;5;6;-1.29928298413026;;3;195260;26312;8295;0.16;0.495398802486044;-1.22283394810505;-1.10751200828088;-1.04532498768207;0.611795584865951;8;1;12.1820872827797;10.1777803878689;9.02340820262454
37;Kagawa;2015;8;201508;2015-08-01;0;2;2;-1.6094379124341;;2.6;310368;29621;9136;0.15;-0.0593888363367464;-0.672630029174541;-0.927950298988766;-0.889829765409804;0.129035585055673;8;1;12.6455139691933;10.2962388482242;9.11997793189579
38;Ehime;2015;8;201508;2015-08-01;0;8;8;-2.83321334405622;;2.7;387476;45565;12140;0.157;0.0793080733689514;-0.409184647489293;-0.275152831617242;-0.432081056329009;0.466967584922867;8;1;12.8674091903736;10.7268951569302;9.40426106461349
39;Kochi;2015;8;201508;2015-08-01;1;8;9;-1.73460105538811;;2.7;191493;25488;8054;0.172;0.0793080733689514;-1.24596249240593;-1.15574139401605;-1.09279980910307;1.19110758463828;8;1;12.1626065334099;10.1459630321498;8.9939241414114
40;Fukuoka;2015;8;201508;2015-08-01;10;16;26;-0.451985123743057;;4.2;1603874;121275;36477;0.124;2.15976171895442;1.27733345924344;1.20871496886096;1.33940711722199;-1.12614041445105;8;1;14.2879325107071;11.7058159731134;10.5044372039645
41;Saga;2015;8;201508;2015-08-01;2;6;8;-0.955511445027436;;3.2;230421;20749;6814;0.145;0.77279262189744;-1.02625355372452;-1.46756028238582;-1.36200606427422;-0.112344414849466;8;1;12.3476633494837;9.94025333172645;8.82673459822091
42;Nagasaki;2015;8;201508;2015-08-01;1;10;11;-1.94591014905531;;3.2;355244;41927;11896;0.156;0.77279262189744;-0.512296272914135;-0.401284016585609;-0.46477359011256;0.41869158494184;8;1;12.7805601563023;10.6436852897874;9.38395748813999
43;Kumamoto;2015;8;201508;2015-08-01;2;8;10;-1.22377543162212;;3.4;462928;54635;15695;0.154;1.05018644130883;-0.197951724753372;2.12959939737689e-05;-0.0185266834215291;0.322139584979784;8;1;13.0453268134164;10.9084299820048;9.66109746927605
44;Oita;2015;8;201508;2015-08-01;0;4;4;-2.19722457733622;;2.8;322449;33358;10093;0.157;0.218004983074649;-0.627293303397558;-0.747849573094531;-0.729423907372506;0.466967584922867;8;1;12.6837002631777;10.4150529026371;9.21959739323886
45;Miyazaki;2015;8;201508;2015-08-01;1;9;10;-1.84582669049833;;3.6;284145;31596;9392;0.155;1.32758026072023;-0.777433469712103;-0.830108721250909;-0.845331293903599;0.370415584960812;8;1;12.5572399502305;10.3607858092843;9.14761354206788
46;Kagoshima;2015;8;201508;2015-08-01;3;5;8;-0.451985123743057;;3.6;442020;52525;16523;0.161;1.32758026072023;-0.252822209398735;-0.0596799683291003;0.0642548436119211;0.660071584846978;8;1;12.9991104089049;10.8690445257132;9.71250862865099
47;Okinawa;2015;8;201508;2015-08-01;4;15;19;-1.23676262714893;;5.2;385003;32476;8619;0.102;3.54673081601139;-0.416786361982139;-0.788467894385139;-0.98362886890959;-2.18821241403366;8;1;12.8610064054474;10.3882566339823;9.0617243476474
1;Hokkaido;2015;9;201509;2015-09-01;3;22;25;-1.86075234071501;;3.3;1491683;141772;42864;0.143;0.911489531603137;1.19123763058386;1.44542457787285;1.59921124639475;-0.208896414811521;9;1;14.2154155706837;11.8619754123692;10.6657875917844
2;Aomori;2015;9;201509;2015-09-01;0;5;5;-2.39789527279837;;3.7;352898;46033;11425;0.154;1.46627717042593;-0.520162778936214;-0.259663193057245;-0.529822321119395;0.322139584979784;9;1;12.7739343423194;10.7371138095734;9.34355921576241
3;Iwate;2015;9;201509;2015-09-01;4;6;10;-0.367724780125317;;2.7;362211;43304;12989;0.163;0.0793080733689514;-0.489237434201197;-0.352300293658198;-0.323237219684668;0.756623584809034;9;1;12.7999821939316;10.6760002884768;9.47185812440728
4;Miyagi;2015;9;201509;2015-09-01;4;11;15;-0.93826963859293;;3.7;695868;56684;16448;0.129;1.46627717042593;0.28595818070408;0.0558296686271261;0.0569293663547231;-0.884760414545909;9;1;13.4529152661573;10.9452472629448;9.70795916825489
5;Akita;2015;9;201509;2015-09-01;2;8;10;-1.22377543162212;;3.3;285146;41705;12188;0.185;0.911489531603137;-0.77325831240443;-0.409331482662685;-0.425727140972932;1.81869558439164;9;1;12.5607566087816;10.6383763046757;9.4082071401056
6;Yamagata;2015;9;201509;2015-09-01;2;9;11;-1.33500106673234;;2.4;318632;38433;11614;0.169;-0.336782655748142;-0.641431272308801;-0.533180893111697;-0.503403468432663;1.0462795846952;9;1;12.6717921108369;10.5566717445245;9.35996654593199
7;Fukushima;2015;9;201509;2015-09-01;4;14;18;-1.17007125265025;;2.9;561525;61061;17499;0.15;0.356701892780346;0.0312884032875867;0.168578456597903;0.156664038652166;0.129035585055673;9;1;13.238411575767;11.0196286434885;9.76989901542175
8;Ibaraki;2015;9;201509;2015-09-01;1;12;13;-2.12026353620009;;3;747632;70108;23097;0.124;0.495398802486044;0.371144516845308;0.378009529348216;0.603585647699823;-1.12614041445105;9;1;13.5246661572858;11.1577921891931;10.0474580179462
9;Tochigi;2015;9;201509;2015-09-01;2;7;9;-1.09861228866811;;3.1;539990;45946;13016;0.122;0.634095712191742;-0.0151398598498036;-0.262530725508645;-0.319893629101881;-1.2226924144131;9;1;13.1993058998505;10.7352220728521;9.47393464889887
10;Gunma;2015;9;201509;2015-09-01;5;7;12;-0.31015492830384;;2.6;570838;51616;15457;0.132;-0.0593888363367464;0.0508176890803045;-0.086142464741953;-0.0431306712856733;-0.739932414602825;9;1;13.2548607355995;10.8515869809249;9.64581725415232
11;Saitama;2015;9;201509;2015-09-01;10;22;32;-0.762140052046897;;3.1;1392454;139782;42121;0.107;0.634095712191742;1.10951039441795;1.42399684372037;1.57105572126681;-1.94683241412852;9;1;14.1465782161266;11.8478393451274;10.6483017076565
12;Chiba;2015;9;201509;2015-09-01;7;16;23;-0.78845736036427;;3.1;1118587;131077;34944;0.114;0.634095712191742;0.849500733491995;1.32653093423767;1.27027354976072;-1.60890041426132;9;1;13.9275768396321;11.7835402157642;10.4615020591046
13;Tokyo;2015;9;201509;2015-09-01;60;133;193;-0.791458112803508;;3.3;9400414;290552;71001;0.109;0.911489531603137;3.37678759689462;2.53312009424232;2.41181034779874;-1.85028041416646;9;1;16.0562642888236;12.5795378409764;11.1704492404313
14;Kanagawa;2015;9;201509;2015-09-01;9;19;28;-0.719122666963206;;3.4;2055279;197787;51038;0.109;1.05018644130883;1.5717594873773;1.9501480298068;1.88025010980414;-1.85028041416646;9;1;14.5359221631204;12.1949459730584;10.8403257322979
15;Niigata;2015;9;201509;2015-09-01;4;12;16;-1.02165124753198;;2.7;710160;77070;25231;0.156;0.0793080733689514;0.310095366443715;0.521523111584389;0.745878840938586;0.41869158494184;9;1;13.4732455757422;11.252469378772;10.1358286762044
16;Toyama;2015;9;201509;2015-09-01;1;8;9;-1.73460105538811;;2.3;356794;35037;11570;0.15;-0.47547956545384;-0.507127328658293;-0.673412164084649;-0.509515292735621;0.129035585055673;9;1;12.7849138634031;10.4641599249467;9.35617082018772
17;Ishikawa;2015;9;201509;2015-09-01;0;5;5;-2.39789527279837;;2.3;363235;31515;10858;0.133;-0.47547956545384;-0.485885713739168;-0.833999690858834;-0.61178368692695;-0.691656414621798;9;1;12.8028052867052;10.3582189019472;9.2926574144654
18;Fukui;2015;9;201509;2015-09-01;2;7;9;-1.09861228866811;;1.8;248122;23829;7903;0.147;-1.16896411398233;-0.938382131244127;-1.25776279368314;-1.12327487808159;-0.0157924148874103;9;1;12.4216758396704;10.0786586053012;8.97499771320498
19;Yamanashi;2015;9;201509;2015-09-01;1;5;6;-1.29928298413026;;2.5;206619;25021;6503;0.144;-0.198085746042444;-1.15570140264724;-1.18377236417657;-1.43722704521277;-0.160620414830494;9;1;12.2386317965892;10.1274707512478;8.78001888786915
20;Nagano;2015;9;201509;2015-09-01;2;12;14;-1.6094379124341;;2.4;600789;61437;19390;0.157;-0.336782655748142;0.111531741611936;0.17788391674749;0.321891230575117;0.466967584922867;9;1;13.305999070343;11.0257675385044;9.8725127482367
21;Gifu;2015;9;201509;2015-09-01;2;5;7;-0.78845736036427;;2.6;562798;54020;16023;0.136;-0.0593888363367464;0.0339769038414792;-0.0171383245694629;0.0147767923656293;-0.546828414678714;9;1;13.2406760505558;10.8971096273466;9.68178046900788
22;Shizuoka;2015;9;201509;2015-09-01;3;18;21;-1.66500776358891;;2.7;1106630;86404;29969;0.135;0.0793080733689514;0.83674143856679;0.694811464524239;1.02297593101357;-0.595104414659742;9;1;13.9168299191455;11.3667892500168;10.307918793054
23;Aichi;2015;9;201509;2015-09-01;13;24;37;-0.595983432106298;;2.6;2689935;145133;39998;0.108;-0.0593888363367464;1.89125524271351;1.48094089345181;1.48778177290242;-1.89855641414749;9;1;14.8050275877173;11.8854058423732;10.596584731846
24;Mie;2015;9;201509;2015-09-01;3;7;10;-0.762140052046897;;2.6;469739;51180;15519;0.137;-0.0593888363367464;-0.180611104559504;-0.0990009710049168;-0.0366849285906697;-0.498552414697687;9;1;13.0599325002905;10.8431041097138;9.64982035867162
25;Shiga;2015;9;201509;2015-09-01;0;1;1;-1.09861228866811;;2.8;362652;32317;8533;0.114;0.218004983074649;-0.487792808467088;-0.795907459515265;-0.99977592500175;-1.60890041426132;9;1;12.8011989757357;10.3833486865446;9.05169627853659
26;Kyoto;2015;9;201509;2015-09-01;1;10;11;-1.94591014905531;;3.4;718437;77141;20852;0.13;1.05018644130883;0.323852904315787;0.522918903468891;0.43893950870111;-0.836484414564881;9;1;13.4848332979846;11.2533901951213;9.945205145888
27;Osaka;2015;9;201509;2015-09-01;17;45;62;-0.955511445027436;;4.6;3403431;231979;49661;0.119;2.71454935777721;2.17057629839877;2.19185486854018;1.83621065991049;-1.36752041435619;9;1;15.0402945984165;12.3544021293101;10.8129751957905
28;Hyogo;2015;9;201509;2015-09-01;5;27;32;-1.6094379124341;;3.8;1322595;131996;37684;0.127;1.60497408013163;1.04840026584172;1.3371214873732;1.39182458960515;-0.981312414507964;9;1;14.0951062737831;11.7905268980791;10.5369908801686
29;Nara;2015;9;201509;2015-09-01;1;10;11;-1.94591014905531;;3.4;229614;36252;10786;0.133;1.05018644130883;-1.0304189444115;-0.621738000723533;-0.622496477242107;-0.691656414621798;9;1;12.3441549171784;10.4982498311747;9.28600427589717
30;Wakayama;2015;9;201509;2015-09-01;1;8;9;-1.73460105538811;;2.8;230098;34334;9291;0.155;0.218004983074649;-1.02791898868358;-0.704135606901256;-0.862740742737878;0.370415584960812;9;1;12.3462605841126;10.4438913958309;9.13680146864131
31;Tottori;2015;9;201509;2015-09-01;2;4;6;-0.587786664902119;;2.3;157260;19572;6169;0.159;-0.47547956545384;-1.47979254037746;-1.55608126189342;-1.52212709276236;0.563519584884923;9;1;11.9656557655455;9.88185525240901;8.72729202920964
32;Shimane;2015;9;201509;2015-09-01;2;4;6;-0.587786664902119;;2.6;199737;25374;8107;0.179;-0.0593888363367464;-1.19591955870121;-1.16253639913047;-1.08223856142657;1.52903958450548;9;1;12.204756780159;10.1414803067005;9.00048316498771
33;Okayama;2015;9;201509;2015-09-01;0;11;11;-3.13549421592915;;3.3;565555;59289;16470;0.143;0.911489531603137;0.0397787375709644;0.123938203109378;0.0590816293356468;-0.208896414811521;9;1;13.2455628288717;10.9901790703085;9.70929582317169
34;Hiroshima;2015;9;201509;2015-09-01;5;17;22;-1.15745278869104;;3;962292;75197;21432;0.132;0.495398802486044;0.670815118439673;0.484229749770708;0.48311538776573;-0.739932414602825;9;1;13.7770732178942;11.2278666155251;9.97264041122444
35;Yamaguchi;2015;9;201509;2015-09-01;1;8;9;-1.73460105538811;;3;386733;43085;12917;0.162;0.495398802486044;-0.411463432570604;-0.359985654110542;-0.332187554561159;0.708347584828006;9;1;12.8654898114253;10.6709301876739;9.46629955223202
36;Tokushima;2015;9;201509;2015-09-01;1;2;3;-0.510825623765991;;3;195327;26256;8237;0.16;0.495398802486044;-1.22242663380413;-1.11074157588503;-1.05662321764493;0.611795584865951;9;1;12.1824303561572;10.1756498133299;9.01639147894125
37;Kagawa;2015;9;201509;2015-09-01;2;3;5;-0.336472236621213;;2.6;310179;29698;9092;0.15;-0.0593888363367464;-0.673353231432284;-0.924015026667871;-0.897603335726162;0.129035585055673;9;1;12.6449048291738;10.298834982456;9.11515018497243
38;Ehime;2015;9;201509;2015-09-01;0;6;6;-2.56494935746154;;2.7;387057;45692;12193;0.157;0.0793080733689514;-0.410469184953505;-0.270933773997025;-0.425066714418247;0.466967584922867;9;1;12.866327247988;10.7296785068538;9.40861729556027
39;Kochi;2015;9;201509;2015-09-01;1;6;7;-1.46633706879343;;2.7;191947;25431;8090;0.172;0.0793080733689514;-1.24315103650432;-1.15913508905865;-1.08561859123188;1.19110758463828;9;1;12.1649745712367;10.1437241812765;8.99838401005254
40;Fukuoka;2015;9;201509;2015-09-01;3;26;29;-2.02438176449681;;4.2;1603408;121354;36561;0.124;2.15976171895442;1.27698845740536;1.20970207088238;1.34311082434178;-1.12614041445105;9;1;14.2876419219761;11.7064671731166;10.5067373774916
41;Saga;2015;9;201509;2015-09-01;0;5;5;-2.39789527279837;;3.2;230078;20788;6778;0.145;0.77279262189744;-1.02802218843882;-1.46471380819077;-1.37053561549902;-0.112344414849466;9;1;12.3461736608484;9.94213117612833;8.821437352167
42;Nagasaki;2015;9;201509;2015-09-01;3;9;12;-0.998528830111127;;3.2;355473;41961;11947;0.156;0.77279262189744;-0.511531184844697;-0.400055285789306;-0.457885227975168;0.41869158494184;9;1;12.781204575974;10.6444958944474;9.38823547981722
43;Kumamoto;2015;9;201509;2015-09-01;2;14;16;-1.75785791755237;;3.4;463010;54671;15800;0.154;1.05018644130883;-0.197741441551144;0.00101976860794061;-0.00779036640431955;0.322139584979784;9;1;13.0455039311073;10.9090886832893;9.66776521901506
44;Oita;2015;9;201509;2015-09-01;2;6;8;-0.955511445027436;;2.8;322005;33363;10079;0.157;0.218004983074649;-0.628929229761105;-0.74762238524471;-0.731658946740446;0.466967584922867;9;1;12.6823223523563;10.415202780487;9.21820933035488
45;Miyazaki;2015;9;201509;2015-09-01;0;11;11;-3.13549421592915;;3.6;284553;31681;9409;0.155;1.32758026072023;-0.77572993427302;-0.826036316372566;-0.842419409558424;0.370415584960812;9;1;12.5586748069383;10.3634724110867;9.14942195700677
46;Kagoshima;2015;9;201509;2015-09-01;4;8;12;-0.635988766719997;;3.6;441491;52394;16580;0.161;1.32758026072023;-0.254243937013631;-0.063465222281797;0.0698000020840129;0.660071584846978;9;1;12.9979129137674;10.8665473599363;9.71595242868929
47;Okinawa;2015;9;201509;2015-09-01;4;11;15;-0.93826963859293;;5.2;385565;32480;8632;0.102;3.54673081601139;-0.415054560691847;-0.788281205543232;-0.981202062179823;-2.18821241403366;9;1;12.862465069964;10.3883797942756;9.06323150693797
1;Hokkaido;2015;10;201510;2015-10-01;4;24;28;-1.69459572077441;;3.4;1492600;141973;41582;0.143;1.05018644130883;1.19196725940445;1.44757213910566;1.55031806003542;-0.208896414811521;10;1;14.2160301236794;11.8633921776593;10.6354226603033
2;Aomori;2015;10;201510;2015-10-01;1;8;9;-1.73460105538811;;3.9;353025;45884;10859;0.154;1.74367098983732;-0.519735590950907;-0.264577569837875;-0.611635398861239;0.322139584979784;10;1;12.7742941549375;10.7338717514012;9.2927495082169
3;Iwate;2015;10;201510;2015-10-01;1;12;13;-2.12026353620009;;2.7;362062;43311;12868;0.163;0.0793080733689514;-0.489725925255646;-0.352055284355591;-0.338307330169825;0.756623584809034;10;1;12.799570746861;10.6761619232979;9.46249888835892
4;Miyagi;2015;10;201510;2015-10-01;2;8;10;-1.22377543162212;;3.6;696451;56718;16123;0.129;1.32758026072023;0.286952446424804;0.0567386099728228;0.0247947800121084;-0.884760414545909;10;1;13.4537527179684;10.9458468996534;9.68800210296374
5;Akita;2015;10;201510;2015-10-01;2;9;11;-1.33500106673234;;3.2;284823;41689;12003;0.185;0.77279262189744;-0.774603937163407;-0.409913134126738;-0.450355325836583;1.81869558439164;10;1;12.5596232136861;10.6379925840196;9.39291189752534
6;Yamagata;2015;10;201510;2015-10-01;2;4;6;-0.587786664902119;;2.3;318367;38331;11515;0.169;-0.47547956545384;-0.642419096788737;-0.537209180748822;-0.517187841610435;1.0462795846952;10;1;12.670960084365;10.5540142472594;9.35140581225479
7;Fukushima;2015;10;201510;2015-10-01;1;9;10;-1.84582669049833;;3.2;561433;61139;17158;0.15;0.77279262189744;0.0310938686451937;0.170513546286163;0.12497686824535;0.129035585055673;10;1;13.2382477227997;11.0209052394066;9.75021981613291
8;Ibaraki;2015;10;201510;2015-10-01;5;13;18;-0.897941593205959;;3;746787;70113;22812;0.124;0.495398802486044;0.369801884793017;0.378117631561907;0.583593537482448;-1.12614041445105;10;1;13.5235352828924;11.1578635051871;10.0350419922764
9;Tochigi;2015;10;201510;2015-10-01;5;7;12;-0.31015492830384;;2.7;539282;46038;12812;0.122;0.0793080733689514;-0.0166975283801677;-0.259498557064214;-0.345329959197445;-1.2226924144131;10;1;13.197993904169;10.7372224214057;9.45813751072905
10;Gunma;2015;10;201510;2015-10-01;1;8;9;-1.73460105538811;;2.6;570988;51683;15274;0.132;-0.0593888363367464;0.0511296239819989;-0.0841761348145016;-0.0623078873760696;-0.739932414602825;10;1;13.2551234726555;10.8528841863073;9.63390731544833
11;Saitama;2015;10;201510;2015-10-01;4;24;28;-1.69459572077441;;2.9;1392520;140016;41339;0.107;0.356701892780346;1.10956666681647;1.42653225837225;1.54088073273711;-1.94683241412852;10;1;14.1466256133375;11.8495119807756;10.6295616432964
12;Chiba;2015;10;201510;2015-10-01;4;27;31;-1.81010860789625;;2.9;1118322;131293;34343;0.114;0.356701892780346;0.849219433192101;1.32902677754871;1.24233913107985;-1.60890041426132;10;1;13.9273399055403;11.7851867458461;10.444153492313
13;Tokyo;2015;10;201510;2015-10-01;83;165;248;-0.684124562960308;;3.8;9392162;290876;69640;0.109;1.60497408013163;3.37574493003988;2.53480947193661;2.38064544561953;-1.85028041416646;10;1;16.0553860696236;12.5806523385016;11.1510943938821
14;Kanagawa;2015;10;201510;2015-10-01;12;33;45;-0.985816794522765;;2.8;2054809;198077;50419;0.109;0.218004983074649;1.57148795640462;1.95236893341572;1.86060203275244;-1.85028041416646;10;1;14.535693457554;12.1964111229679;10.8281233671458
15;Niigata;2015;10;201510;2015-10-01;2;15;17;-1.82454929205105;;2.8;710133;77106;25078;0.156;0.218004983074649;0.310050226766034;0.522230997672881;0.736084998426795;0.41869158494184;10;1;13.4732075554182;11.2529363775352;10.1297462467505
16;Toyama;2015;10;201510;2015-10-01;3;6;9;-0.619039208406224;;2.3;356563;34996;11468;0.15;-0.47547956545384;-0.507896242544127;-0.675187002493624;-0.523773478440687;0.129035585055673;10;1;12.7842662213163;10.4629890482262;9.34731582700326
17;Ishikawa;2015;10;201510;2015-10-01;0;6;6;-2.56494935746154;;2.1;363211;31536;10718;0.133;-0.752873384865235;-0.485964161498069;-0.832989961521444;-0.632679978941097;-0.691656414621798;10;1;12.8027392115943;10.3588850293925;9.2796798500548
18;Fukui;2015;10;201510;2015-10-01;0;7;7;-2.70805020110221;;1.8;248326;23884;7843;0.147;-1.16896411398233;-0.937406402582263;-1.25426814276311;-1.13554613747714;-0.0157924148874103;10;1;12.4224976780562;10.0809640576669;8.96737669321267
19;Yamanashi;2015;10;201510;2015-10-01;0;2;2;-1.6094379124341;;2.4;206443;25074;6451;0.144;-0.336782655748142;-1.15671314536384;-1.18056491861823;-1.45015434483923;-0.160620414830494;10;1;12.2377796242245;10.129586731676;8.77199043653224
20;Nagano;2015;10;201510;2015-10-01;7;14;21;-0.659245628884264;;2.6;600819;61298;18974;0.157;-0.0593888363367464;0.111591024735732;0.174450518335896;0.286969761757119;0.466967584922867;10;1;13.3060490034327;11.0235024949646;9.85082489995282
21;Gifu;2015;10;201510;2015-10-01;6;5;11;0.167054084663166;;2.3;562866;54129;15976;0.136;-0.47547956545384;0.034120344665755;-0.0140828281452917;0.0100467198907994;-0.546828414678714;10;1;13.2407968681356;10.8991253655764;9.67884287509565
22;Shizuoka;2015;10;201510;2015-10-01;3;15;18;-1.48807705542983;;2.6;1106457;86463;29715;0.135;-0.0593888363367464;0.83655582049666;0.695846171974699;1.0092707603455;-0.595104414659742;10;1;13.9166735764438;11.367471855746;10.2994072478008
23;Aichi;2015;10;201510;2015-10-01;25;32;57;-0.242561637171311;;2.6;2688599;145360;39749;0.108;-0.0593888363367464;1.89066542856694;1.48330990903136;1.47772653302916;-1.89855641414749;10;1;14.8045307980614;11.8869687030701;10.5903399625333
24;Mie;2015;10;201510;2015-10-01;4;9;13;-0.747214401830221;;2.2;469103;51052;15070;0.137;-0.614176475159537;-0.182219664719827;-0.102796750560829;-0.0839584861667882;-0.498552414697687;10;1;13.058577639521;10.8406000001026;9.62046129162054
25;Shiga;2015;10;201510;2015-10-01;0;14;14;-3.36729582998647;;2.6;362561;32295;8427;0.114;-0.0593888363367464;-0.488090761938786;-0.796939714897779;-1.01990351158744;-1.60890041426132;10;1;12.8009480149821;10.3826676984666;9.03919611577235
26;Kyoto;2015;10;201510;2015-10-01;6;11;17;-0.570544858467613;;3;717912;77212;20660;0.13;0.495398802486044;0.322984999731268;0.524313411267723;0.424044639317291;-0.836484414564881;10;1;13.4841022778448;11.2543101643478;9.93595474267363
27;Osaka;2015;10;201510;2015-10-01;14;49;63;-1.22782402014812;;3.6;3399166;232158;49211;0.119;1.32758026072023;2.16908756481605;2.19302405695822;1.82155355404801;-1.36752041435619;10;1;15.0390406653792;12.3551734533325;10.8038724547265
28;Hyogo;2015;10;201510;2015-10-01;7;30;37;-1.4028236630711;;3.5;1322325;132282;36985;0.127;1.18888335101453;1.0481578707279;1.3404023106239;1.3616767942398;-0.981312414507964;10;1;14.0949021088171;11.792691286425;10.518267704022
29;Nara;2015;10;201510;2015-10-01;1;3;4;-0.847297860387204;;3.2;228989;36357;10695;0.133;0.77279262189744;-1.0336550004295;-0.617353937695788;-0.636139026373184;-0.691656414621798;10;1;12.3414292464482;10.5011420366366;9.27753162151651
30;Wakayama;2015;10;201510;2015-10-01;1;4;5;-1.09861228866811;;2.4;230070;34361;9245;0.155;-0.336782655748142;-1.02806347085277;-0.70294404584278;-0.870732618680091;0.370415584960812;10;1;12.346138889427;10.4446774792835;9.13183814382123
31;Tottori;2015;10;201510;2015-10-01;1;2;3;-0.510825623765991;;2.4;157281;19623;6111;0.159;-0.336782655748142;-1.47963400920621;-1.55213653087282;-1.53733743155132;0.563519584884923;10;1;11.9657892934483;9.88445762662932;8.71784570489492
32;Shimane;2015;10;201510;2015-10-01;0;3;3;-1.94591014905531;;2.6;199937;25346;8004;0.179;-0.0593888363367464;-1.19473133893962;-1.16421001765216;-1.10282715475089;1.52903958450548;10;1;12.2057575959073;10.140376205642;8.98769669570362
33;Okayama;2015;10;201510;2015-10-01;2;13;15;-1.68639895357023;;3;565574;59355;16103;0.143;0.495398802486044;0.0398186229845763;0.125624662325454;0.0227961625391;-0.208896414811521;10;1;13.2455964236253;10.9912916424876;9.686760869018
34;Hiroshima;2015;10;201510;2015-10-01;1;19;20;-2.56494935746154;;2.9;961751;75181;21111;0.132;0.356701892780346;0.670147458776746;0.483907187681962;0.458816231506252;-0.739932414602825;10;1;13.7765108603853;11.2276538184397;9.95754951063466
35;Yamaguchi;2015;10;201510;2015-10-01;1;11;12;-2.03688192726104;;2.8;386863;43146;12734;0.162;0.218004983074649;-0.411064406035583;-0.35784106484519;-0.355162801537402;0.708347584828006;10;1;12.8658259041693;10.6723449923305;9.45203086057697
36;Tokushima;2015;10;201510;2015-10-01;0;4;4;-2.19722457733622;;2.7;195502;26297;8112;0.16;0.0793080733689514;-1.22136341185807;-1.10837639655534;-1.08124578381302;0.611795584865951;10;1;12.1833258885343;10.1772101432185;9.00109972583097
37;Kagawa;2015;10;201510;2015-10-01;2;5;7;-0.78845736036427;;2.7;310184;29770;8981;0.15;0.0793080733689514;-0.673334093423355;-0.920344511536229;-0.917382330797989;0.129035585055673;10;1;12.6449209487683;10.3012564540098;9.10286651367095
38;Ehime;2015;10;201510;2015-10-01;3;10;13;-1.09861228866811;;2.5;387119;45739;12030;0.157;-0.198085746042444;-0.4102790225654;-0.269375362766201;-0.446737380576187;0.466967584922867;10;1;12.8664874182855;10.7307066046355;9.39515880896873
39;Kochi;2015;10;201510;2015-10-01;1;5;6;-1.29928298413026;;2.7;192227;25437;7931;0.172;0.0793080733689514;-1.2414204122944;-1.15877749999119;-1.11758013842189;1.19110758463828;10;1;12.1664322443202;10.1439600859721;8.97853441008332
40;Fukuoka;2015;10;201510;2015-10-01;9;31;40;-1.19869574722509;;3.8;1603219;121547;36088;0.124;1.60497408013163;1.27684850318615;1.212110898604;1.32214346839209;-1.12614041445105;10;1;14.2875240410999;11.7080562982385;10.4937156790882
41;Saga;2015;10;201510;2015-10-01;2;2;4;0 ;;3;230465;20795;6701;0.145;0.495398802486044;-1.02602686401927;-1.46420346788584;-1.38893247990523;-0.112344414849466;10;1;12.3478542860716;9.94246785217701;8.81001204797317
42;Nagasaki;2015;10;201510;2015-10-01;1;13;14;-2.19722457733622;;2.6;355316;41979;11708;0.156;-0.0593888363367464;-0.512055668063718;-0.39940518425685;-0.490423595360477;0.41869158494184;10;1;12.7807628133622;10.6449247722238;9.36802764781178
43;Kumamoto;2015;10;201510;2015-10-01;2;11;13;-1.52605630349505;;2.9;463196;54718;15651;0.154;0.356701892780346;-0.197264595713483;0.00232234101890202;-0.0230470833953273;0.322139584979784;10;1;13.0459055696251;10.9099480019209;9.6582900916905
44;Oita;2015;10;201510;2015-10-01;2;7;9;-1.09861228866811;;3.1;322228;33396;9917;0.157;0.634095712191742;-0.628107300296738;-0.746123798815243;-0.75774974818919;0.466967584922867;10;1;12.6830146484942;10.4161914113139;9.20200573518613
45;Miyazaki;2015;10;201510;2015-10-01;4;9;13;-0.747214401830221;;2.7;285351;31732;9221;0.155;0.0793080733689514;-0.772405068585553;-0.823598114766743;-0.874918093044745;0.370415584960812;10;1;12.5614752804269;10.3650809144219;9.12923877053914
46;Kagoshima;2015;10;201510;2015-10-01;2;10;12;-1.43508452528932;;3.4;441202;52499;16291;0.161;1.05018644130883;-0.255021366147834;-0.0604304886311985;0.041485942079579;0.660071584846978;10;1;12.9972580994428;10.8685494007793;9.69836808706617
47;Okinawa;2015;10;201510;2015-10-01;3;22;25;-1.86075234071501;;4.7;386291;32558;8489;0.102;2.85324626748291;-0.412821126809343;-0.78464536124969;-1.00810025117408;-2.18821241403366;10;1;12.864346250428;10.3907783931685;9.04652648673797
1;Hokkaido;2015;11;201511;2015-11-01;4;14;18;-1.17007125265025;;3.4;1488159;142174;42489;0.143;1.05018644130883;1.18842951162813;1.4497166620523;1.58506239116122;-0.208896414811521;11;1;14.2130503435053;11.8648069385649;10.6570004978825
2;Aomori;2015;11;201511;2015-11-01;1;6;7;-1.46633706879343;;3.9;352471;45760;11806;0.154;1.74367098983732;-0.521600200630083;-0.268679568897247;-0.47700187742401;0.322139584979784;11;1;12.7727236283466;10.7311656260537;9.37636315580063
3;Iwate;2015;11;201511;2015-11-01;0;10;10;-3.04452243772342;;2.7;362349;43314;13038;0.163;0.0793080733689514;-0.488785185453463;-0.351950292490617;-0.317174346109015;0.756623584809034;11;1;12.800363114771;10.6762311873672;9.47562344948448
4;Miyagi;2015;11;201511;2015-11-01;3;8;11;-0.887303195000903;;3.6;698605;56678;16400;0.129;1.32758026072023;0.290618738320718;0.0556692106198901;0.0522235102227385;-0.884760414545909;11;1;13.4568407685007;10.945141407367;9.70503661381229
5;Akita;2015;11;201511;2015-11-01;0;4;4;-2.19722457733622;;3.2;284567;41704;12231;0.185;0.77279262189744;-0.775671522979477;-0.4093678293411;-0.420056305323397;1.81869558439164;11;1;12.5587240057013;10.6383523264479;9.41172899148736
6;Yamagata;2015;11;201511;2015-11-01;2;6;8;-0.955511445027436;;2.3;318446;38325;11620;0.169;-0.47547956545384;-0.642124527267421;-0.537446472554246;-0.502571832384012;1.0462795846952;11;1;12.6712081948791;10.55385770374;9.3604830304059
7;Fukushima;2015;11;201511;2015-11-01;2;20;22;-2.10413415427021;;3.2;562158;61080;17464;0.15;0.77279262189744;0.0326260227571675;0.169050052232149;0.153440257658584;0.129035585055673;11;1;13.2395382281538;11.0199397593326;9.76789689822978
8;Ibaraki;2015;11;201511;2015-11-01;5;10;15;-0.646627164925052;;3;748002;70293;23064;0.124;0.495398802486044;0.371731937265563;0.382004185675926;0.601283438226663;-1.12614041445105;11;1;13.5251609307498;11.1604274995835;10.0460282393182
9;Tochigi;2015;11;201511;2015-11-01;4;6;10;-0.367724780125317;;2.7;539975;45982;12901;0.122;0.0793080733689514;-0.0151728401203707;-0.261343502364715;-0.334183292315018;-1.2226924144131;11;1;13.1992781211725;10.7360052945439;9.46506010672514
10;Gunma;2015;11;201511;2015-11-01;0;11;11;-3.13549421592915;;2.6;571693;51694;15460;0.132;-0.0593888363367464;0.0525946212067539;-0.0838535481537876;-0.0428181857342682;-0.739932414602825;11;1;13.2563574129931;10.8530969996031;9.64601132214141
11;Saitama;2015;11;201511;2015-11-01;6;21;27;-1.19625075823203;;2.9;1397290;140213;42050;0.107;0.356701892780346;1.11362658060625;1.42866349103576;1.56833926951257;-1.94683241412852;11;1;14.1500452043837;11.850917973963;10.6466146654011
12;Chiba;2015;11;201511;2015-11-01;6;24;30;-1.32687094064909;;2.9;1121120;131429;35132;0.114;0.356701892780346;0.852186181840659;1.33059612876563;1.27891318920402;-1.60890041426132;11;1;13.9298387436044;11.7862220608342;10.466867675037
13;Tokyo;2015;11;201511;2015-11-01;55;155;210;-1.0302627108669;;3.8;9410402;291344;70701;0.109;1.60497408013163;3.37804838927418;2.5372463649879;2.40499242695304;-1.85028041416646;11;1;16.0573262311592;12.5822599785716;11.1662149960562
14;Kanagawa;2015;11;201511;2015-11-01;15;23;38;-0.416160397224912;;2.8;2059143;198797;51180;0.109;0.218004983074649;1.57398946778787;1.95786887361491;1.88472381411181;-1.85028041416646;11;1;14.5378004347882;12.2000394825475;10.8431041097138
15;Niigata;2015;11;201511;2015-11-01;2;12;14;-1.6094379124341;;2.8;709775;77108;25436;0.156;0.218004983074649;0.309451545779243;0.522270314986486;0.758908620602535;0.41869158494184;11;1;13.4727032973852;11.2529623155175;10.1439207723873
16;Toyama;2015;11;201511;2015-11-01;3;2;5;0.336472236621213;;2.3;356736;35016;11522;0.15;-0.47547956545384;-0.507320342472507;-0.674320968047429;-0.516209302558501;0.129035585055673;11;1;12.7847512914016;10.4635603788707;9.35201353029233
17;Ishikawa;2015;11;201511;2015-11-01;0;8;8;-2.83321334405622;;2.1;363750;31536;10815;0.133;-0.752873384865235;-0.484203603371215;-0.832989961521444;-0.61817302731793;-0.691656414621798;11;1;12.8042220974678;10.3588850293925;9.28868933838716
18;Fukui;2015;11;201511;2015-11-01;1;6;7;-1.46633706879343;;1.8;248554;23844;7864;0.147;-1.16896411398233;-0.936316830423791;-1.2568089077729;-1.13124055075579;-0.0157924148874103;11;1;12.4234154047347;10.0792878923398;8.970050661827
19;Yamanashi;2015;11;201511;2015-11-01;1;4;5;-1.09861228866811;;2.4;206824;25113;6487;0.144;-0.336782655748142;-1.15452403827567;-1.17820904981366;-1.44119363311039;-0.160620414830494;11;1;12.2396234690413;10.1311409193282;8.77755545321306
20;Nagano;2015;11;201511;2015-11-01;2;18;20;-2.00148000021012;;2.6;600236;61188;19274;0.157;-0.0593888363367464;0.110438425494373;0.171727917380358;0.312229419493412;0.466967584922867;11;1;13.3050781901963;11.0217063708432;9.86651231641123
21;Gifu;2015;11;201511;2015-11-01;3;7;10;-0.762140052046897;;2.3;563794;54148;16134;0.136;-0.47547956545384;0.0360761599455757;-0.0135508484775034;0.0258929631197119;-0.546828414678714;11;1;13.2424442155339;10.8994763173057;9.68868412549692
22;Shizuoka;2015;11;201511;2015-11-01;3;16;19;-1.55059741241117;;2.6;1108378;86644;29866;0.135;-0.0593888363367464;0.838615305965206;0.699016044123422;1.01743237564506;-0.595104414659742;11;1;13.9184082433438;11.3695630486609;10.3044759886172
23;Aichi;2015;11;201511;2015-11-01;13;33;46;-0.908855753386637;;2.6;2693454;145292;40209;0.108;-0.0593888363367464;1.89280740169401;1.48260063632532;1.49625360257809;-1.89855641414749;11;1;14.8063349428058;11.8865007895429;10.6018461301466
24;Mie;2015;11;201511;2015-11-01;1;4;5;-1.09861228866811;;2.2;469477;51077;15362;0.137;-0.614176475159537;-0.181273486459036;-0.102054640053422;-0.0530575443662358;-0.498552414697687;11;1;13.0593745881451;10.84108957702;9.63965220655863
25;Shiga;2015;11;201511;2015-11-01;0;8;8;-2.83321334405622;;2.6;363241;32357;8479;0.114;-0.0593888363367464;-0.485866102609329;-0.794032430609398;-1.00999816035232;-1.60890041426132;11;1;12.8028218048007;10.3845856598291;9.045347797304
26;Kyoto;2015;11;201511;2015-11-01;6;15;21;-0.869037847023609;;3;719430;77334;20878;0.13;0.495398802486044;0.325492750966371;0.526706615679449;0.440945971216694;-0.836484414564881;11;1;13.486214510792;11.2558889826328;9.94645125196824
27;Osaka;2015;11;201511;2015-11-01;16;53;69;-1.17632127299543;;3.6;3405829;232495;49778;0.119;1.32758026072023;2.17141252102716;2.19522282225792;1.83999975361221;-1.36752041435619;11;1;15.0409989334248;12.356623998402;10.8153283983367
28;Hyogo;2015;11;201511;2015-11-01;6;31;37;-1.57818536893;;3.5;1324744;132498;37606;0.127;1.18888335101453;1.05032778893221;1.34287543701878;1.38848830192168;-0.981312414507964;11;1;14.0967297911883;11.7943228299549;10.5349188911154
29;Nara;2015;11;201511;2015-11-01;2;3;5;-0.336472236621213;;3.2;229533;36458;10849;0.133;0.77279262189744;-1.03083784011737;-0.613148817233514;-0.613118894415228;-0.691656414621798;11;1;12.3438020889955;10.5039161920929;9.29182818882245
30;Wakayama;2015;11;201511;2015-11-01;0;3;3;-1.94591014905531;;2.4;230215;34342;9302;0.155;-0.336782655748142;-1.02731544978372;-0.703782454112671;-0.860835504462086;0.370415584960812;11;1;12.3467689338769;10.4441243738737;9.13798470978404
31;Tottori;2015;11;201511;2015-11-01;0;5;5;-2.39789527279837;;2.4;157340;19526;6197;0.159;-0.336782655748142;-1.47918872535446;-1.55964808139674;-1.51483527908921;0.563519584884923;11;1;11.9661643478832;9.87950218978562;8.73182058296211
32;Shimane;2015;11;201511;2015-11-01;0;6;6;-2.56494935746154;;2.6;200218;25339;8060;0.179;-0.0593888363367464;-1.19306389677421;-1.16462871116768;-1.09160071313573;1.52903958450548;11;1;12.2071620519115;10.1400999897973;8.99466883550067
33;Okayama;2015;11;201511;2015-11-01;6;5;11;0.167054084663166;;3;566671;59305;16364;0.143;0.495398802486044;0.0421192117148673;0.124347214036511;0.048685070599862;-0.208896414811521;11;1;13.2475341673879;10.9904488984634;9.70283907904929
34;Hiroshima;2015;11;201511;2015-11-01;8;20;28;-0.880358722648092;;2.9;963765;75154;21485;0.132;0.356701892780346;0.672631078665062;0.483362708461706;0.487092361891819;-0.739932414602825;11;1;13.7786027679409;11.2272946206442;9.9751102962091
35;Yamaguchi;2015;11;201511;2015-11-01;1;7;8;-1.6094379124341;;2.8;387598;43085;12819;0.162;0.218004983074649;-0.40881089051814;-0.359985654110542;-0.344450453754581;0.708347584828006;11;1;12.8677239990267;10.6709301876739;9.45868372431213
36;Tokushima;2015;11;201511;2015-11-01;1;3;4;-0.847297860387204;;2.7;195943;26269;8265;0.16;0.0793080733689514;-1.21868830792948;-1.10999124133761;-1.05115900116714;0.611795584865951;11;1;12.1855790795909;10.1761448157198;9.01978501025513
37;Kagawa;2015;11;201511;2015-11-01;0;3;3;-1.94591014905531;;2.7;310460;29676;9029;0.15;0.0793080733689514;-0.672278153559939;-0.92513834807539;-0.908799420292713;0.129035585055673;11;1;12.6458103475804;10.2980939173094;9.10819689830748
38;Ehime;2015;11;201511;2015-11-01;2;12;14;-1.6094379124341;;2.5;387782;45751;12208;0.157;-0.198085746042444;-0.408247413934883;-0.26897772716223;-0.423087058465755;0.466967584922867;11;1;12.8681986050353;10.7309689283883;9.40984675352424
39;Kochi;2015;11;201511;2015-11-01;0;2;2;-1.6094379124341;;2.7;192912;25468;8097;0.172;0.0793080733689514;-1.23719716835927;-1.15693129913245;-1.08422595486623;1.19110758463828;11;1;12.1699894053571;10.1451780411369;8.99924890168611
40;Fukuoka;2015;11;201511;2015-11-01;8;44;52;-1.65542302567592;;3.8;1608004;121457;36514;0.124;1.60497408013163;1.28038671993404;1.21098808736853;1.34103956192442;-1.12614041445105;11;1;14.2905042162801;11.707315569657;10.5054510276735
41;Saga;2015;11;201511;2015-11-01;1;4;5;-1.09861228866811;;3;230669;20754;6797;0.145;0.495398802486044;-1.02497641328898;-1.46719505094296;-1.36602827800733;-0.112344414849466;11;1;12.3487390614875;9.94049427816522;8.82423661734664
42;Nagasaki;2015;11;201511;2015-11-01;2;8;10;-1.22377543162212;;2.6;355762;41959;11901;0.156;-0.0593888363367464;-0.510566340218091;-0.400127536506666;-0.464096956089744;0.41869158494184;11;1;12.7820172469363;10.6444482300051;9.38437770918244
43;Kumamoto;2015;11;201511;2015-11-01;1;6;7;-1.46633706879343;;2.9;464928;54746;15753;0.154;0.356701892780346;-0.192833460272121;0.00309780989130237;-0.0125872983036892;0.322139584979784;11;1;13.0496378338711;10.9104595856491;9.66478610230597
44;Oita;2015;11;201511;2015-11-01;1;6;7;-1.46633706879343;;3.1;322589;33359;10079;0.157;0.634095712191742;-0.626777937854803;-0.747804132800451;-0.731658946740446;0.466967584922867;11;1;12.6841343461378;10.4150828800042;9.21820933035488
45;Miyazaki;2015;11;201511;2015-11-01;2;8;10;-1.22377543162212;;2.7;285493;31747;9392;0.155;0.0793080733689514;-0.77181440044197;-0.822881742386197;-0.845331293903599;0.370415584960812;11;1;12.5619727893888;10.3655535116676;9.14761354206788
46;Kagoshima;2015;11;201511;2015-11-01;1;10;11;-1.94591014905531;;3.4;441915;52501;16428;0.161;1.05018644130883;-0.253104269467047;-0.060372743105479;0.0549702640806802;0.660071584846978;11;1;12.998872834874;10.8685874960174;9.70674247507645
47;Okinawa;2015;11;201511;2015-11-01;5;17;22;-1.15745278869104;;4.7;386934;32665;8646;0.102;2.85324626748291;-0.410846532769244;-0.779671873650264;-0.978592661973889;-2.18821241403366;11;1;12.8660094148322;10.3940594472749;9.06485206522758
1;Hokkaido;2015;12;201512;2015-12-01;3;15;18;-1.48807705542983;;3.4;1465591;142075;42361;0.143;1.05018644130883;1.17028687402587;1.44866078364279;1.58020431315826;-0.208896414811521;12;1;14.1977691320535;11.8641103661653;10.6539834066133
2;Aomori;2015;12;201512;2015-12-01;3;6;9;-0.619039208406224;;3.9;348258;45575;11542;0.154;1.74367098983732;-0.535876618027297;-0.274820196099133;-0.513416749030933;0.322139584979784;12;1;12.7606988633811;10.7271145995469;9.35374783527091
3;Iwate;2015;12;201512;2015-12-01;0;8;8;-2.83321334405622;;2.7;361917;43216;13132;0.163;0.0793080733689514;-0.490201495501448;-0.355383793667292;-0.305607045290702;0.756623584809034;12;1;12.7991701827509;10.6739660760324;9.48280727862148
4;Miyagi;2015;12;201512;2015-12-01;4;12;16;-1.02165124753198;;3.6;698829;56440;16432;0.129;1.32758026072023;0.290999356346723;0.0492906377272668;0.0553622752720028;-0.884760414545909;12;1;13.4571613560947;10.9409334059668;9.70698593216834
5;Akita;2015;12;201512;2015-12-01;0;3;3;-1.94591014905531;;3.2;283606;41588;12239;0.185;0.77279262189744;-0.779687727734427;-0.413589969269935;-0.419003466080068;1.81869558439164;12;1;12.5553412299748;10.6355669430979;9.41238285338234
6;Yamagata;2015;12;201512;2015-12-01;0;7;7;-2.70805020110221;;2.3;318147;38172;11644;0.169;-0.47547956545384;-0.643239802345395;-0.543509998624384;-0.499249576816691;1.0462795846952;12;1;12.6702688191021;10.5498575415371;9.36254630486551
7;Fukushima;2015;12;201512;2015-12-01;3;14;17;-1.42138568093116;;3.2;561407;60856;17678;0.15;0.77279262189744;0.0310388856861732;0.163480834394295;0.173051210647532;0.129035585055673;12;1;13.2382014116601;11.0162656966771;9.78007620762089
8;Ibaraki;2015;12;201512;2015-12-01;1;15;16;-2.33537491581704;;3;749128;70106;23273;0.124;0.495398802486044;0.373517814476812;0.377966286304011;0.615808813104974;-1.12614041445105;12;1;13.5266651424246;11.1577636613713;10.0550491693447
9;Tochigi;2015;12;201512;2015-12-01;3;10;13;-1.09861228866811;;2.7;540724;45793;13041;0.122;0.0793080733689514;-0.013527143513532;-0.267586823409617;-0.316803890347482;-1.2226924144131;12;1;13.2006642612909;10.7318865199933;9.4758535196569
10;Gunma;2015;12;201512;2015-12-01;0;7;7;-2.70805020110221;;2.6;572107;51441;15366;0.132;-0.0593888363367464;0.0534540757346533;-0.0912904656290077;-0.0526383342726425;-0.739932414602825;12;1;13.2570813158049;10.848190798847;9.63991255542758
11;Saitama;2015;12;201512;2015-12-01;9;25;34;-0.987386653557885;;2.9;1400210;140071;42125;0.107;0.356701892780346;1.11610506135555;1.4271275741407;1.57120862452267;-1.94683241412852;12;1;14.1521327833366;11.8499047158951;10.6483966676547
12;Chiba;2015;12;201512;2015-12-01;4;18;22;-1.41369333530801;;2.9;1122806;131433;35357;0.114;0.356701892780346;0.853970292374385;1.33064226156688;1.2891926107176;-1.60890041426132;12;1;13.931341467239;11.7862524950544;10.4732516715234
13;Tokyo;2015;12;201512;2015-12-01;66;143;209;-0.769133087537867;;3.8;9427913;290902;70772;0.109;1.60497408013163;3.38025558910718;2.53494495771065;2.40660861114065;-1.85028041416646;12;1;16.0591853151636;12.5807417196745;11.1672187212329
14;Kanagawa;2015;12;201512;2015-12-01;18;31;49;-0.532216813747308;;2.8;2063789;198578;50972;0.109;0.218004983074649;1.5766652197549;1.95619808594811;1.87816654371816;-1.85028041416646;12;1;14.5400541716757;12.1989372490292;10.8390317413322
15;Niigata;2015;12;201512;2015-12-01;5;15;20;-1.03609193168678;;2.8;707953;76904;25425;0.156;0.218004983074649;0.30639994068602;0.518254686710321;0.758212132297524;0.41869158494184;12;1;13.4701329862915;11.2503131697457;10.1434882209168
16;Toyama;2015;12;201512;2015-12-01;3;13;16;-1.34992671694902;;2.3;356005;34939;11515;0.15;-0.47547956545384;-0.509755675862448;-0.677657918686629;-0.517187841610435;0.129035585055673;12;1;12.7827000546794;10.4613589627862;9.35140581225479
17;Ishikawa;2015;12;201512;2015-12-01;1;6;7;-1.46633706879343;;2.1;363691;31483;10822;0.133;-0.752873384865235;-0.484396190329314;-0.835539620563588;-0.617131172891158;-0.691656414621798;12;1;12.8040598849994;10.357202996593;9.28933637820268
18;Fukui;2015;12;201512;2015-12-01;0;9;9;-2.94443897916644;;1.8;248622;23758;7845;0.147;-1.16896411398233;-0.935992063796227;-1.26228601655515;-1.13513558521576;-0.0157924148874103;12;1;12.4236889497185;10.0756745948495;8.96763166516713
19;Yamanashi;2015;12;201512;2015-12-01;2;1;3;0.510825623765991;;2.4;206879;25052;6509;0.144;-0.336782655748142;-1.1542083585737;-1.18189548731472;-1.4357420903331;-0.160620414830494;12;1;12.239889360274;10.1287089436453;8.78094111357239
20;Nagano;2015;12;201512;2015-12-01;5;10;15;-0.646627164925052;;2.6;599370;61007;19328;0.157;-0.0593888363367464;0.108724263056542;0.167237330536419;0.316734372531032;0.466967584922867;12;1;13.3036343825621;11.0187438906701;9.86931010073454
21;Gifu;2015;12;201512;2015-12-01;2;4;6;-0.587786664902119;;2.3;564683;54115;16148;0.136;-0.47547956545384;0.0379467635848039;-0.0144749326650358;0.0272895683398872;-0.546828414678714;12;1;13.2440197907275;10.8988666907292;9.68955148197283
22;Shizuoka;2015;12;201512;2015-12-01;3;17;20;-1.6094379124341;;2.6;1107240;86416;29941;0.135;-0.0593888363367464;0.837395698563078;0.695021970722926;1.02147083302746;-0.595104414659742;12;1;13.9173809903606;11.3669281228327;10.3069840575494
23;Aichi;2015;12;201512;2015-12-01;8;30;38;-1.2776605201171;;2.6;2697767;145148;40106;0.108;-0.0593888363367464;1.89470701433886;1.48109755062723;1.49212363321136;-1.89855641414749;12;1;14.8079349517537;11.8855091905084;10.599281228037
24;Mie;2015;12;201512;2015-12-01;1;6;7;-1.46633706879343;;2.2;469618;50927;15379;0.137;-0.614176475159537;-0.180916967833349;-0.106512762703256;-0.0512766547323782;-0.498552414697687;12;1;13.0596748772555;10.8381485137652;9.64075822143992
25;Shiga;2015;12;201512;2015-12-01;4;8;12;-0.635988766719997;;2.6;363695;32270;8529;0.114;-0.0593888363367464;-0.484383132599158;-0.798113586287617;-1.00053090612467;-1.60890041426132;12;1;12.8040708832864;10.381893285046;9.05122740031911
26;Kyoto;2015;12;201512;2015-12-01;2;11;13;-1.52605630349505;;3;719848;77268;21013;0.13;0.495398802486044;0.326182362065889;0.525412400476878;0.451324136320077;-0.836484414564881;12;1;13.486795357594;11.2550351773262;9.95289657279367
27;Osaka;2015;12;201512;2015-12-01;20;50;70;-0.901548450136952;;3.6;3411610;232672;49864;0.119;1.32758026072023;2.17342603407765;2.19637638715736;1.84277922465814;-1.36752041435619;12;1;15.0426948785988;12.3573850154498;10.8170545784887
28;Hyogo;2015;12;201512;2015-12-01;9;17;26;-0.610909082322973;;3.5;1326090;132470;37718;0.127;1.18888335101453;1.05153347766101;1.34255507409528;1.3932767082854;-0.981312414507964;12;1;14.0977453207278;11.7941114836783;10.5378927130723
29;Nara;2015;12;201512;2015-12-01;2;8;10;-1.22377543162212;;3.2;229962;36402;10927;0.133;0.77279262189744;-1.02862092398126;-0.615478928117731;-0.601583714212336;-0.691656414621798;12;1;12.3456693568641;10.5023789971704;9.29899206957075
30;Wakayama;2015;12;201512;2015-12-01;0;7;7;-2.70805020110221;;2.4;230691;34240;9305;0.155;-0.336782655748142;-1.0248631848868;-0.708291326968374;-0.860316285036811;0.370415584960812;12;1;12.3488344316974;10.4411498302557;9.13830716907635
31;Tottori;2015;12;201512;2015-12-01;0;4;4;-2.19722457733622;;2.4;157252;19426;6180;0.159;-0.336782655748142;-1.47985293877313;-1.56743111374491;-1.51925851227018;0.563519584884923;12;1;11.9656048930828;9.87436765396228;8.72907355045174
32;Shimane;2015;12;201512;2015-12-01;0;2;2;-1.6094379124341;;2.6;200159;25220;8038;0.179;-0.0593888363367464;-1.1934138061099;-1.17176425257638;-1.09600177080531;1.52903958450548;12;1;12.2068673296851;10.1353926095189;8.99193557500915
33;Okayama;2015;12;201512;2015-12-01;1;14;15;-2.26868354131836;;3;567205;59167;16433;0.143;0.495398802486044;0.0432374860614788;0.120815860442391;0.055460263159473;-0.208896414811521;12;1;13.2484760693939;10.9881192330164;9.70704678718129
34;Hiroshima;2015;12;201512;2015-12-01;5;19;24;-1.26566637333128;;2.9;965404;74950;21513;0.132;0.356701892780346;0.674648429440315;0.479242532043041;0.489189446094063;-0.739932414602825;12;1;13.7803019455602;11.2245765035307;9.97641268255068
35;Yamaguchi;2015;12;201512;2015-12-01;1;8;9;-1.73460105538811;;2.8;388107;43001;12776;0.162;0.218004983074649;-0.407252795675914;-0.362943833712482;-0.349860733999758;0.708347584828006;12;1;12.8690363537828;10.6689786502192;9.45532368989485
36;Tokushima;2015;12;201512;2015-12-01;1;6;7;-1.46633706879343;;2.7;196174;26231;8256;0.16;0.0793080733689514;-1.21728946486188;-1.11218557169788;-1.05291333505458;0.611795584865951;12;1;12.1867572994932;10.1746971964194;9.01869548772134
37;Kagawa;2015;12;201512;2015-12-01;2;5;7;-0.78845736036427;;2.7;310637;29689;9267;0.15;0.0793080733689514;-0.671601468664317;-0.924474466631296;-0.866905467879988;0.129035585055673;12;1;12.6463803068776;10.2985318858164;9.13421498158669
38;Ehime;2015;12;201512;2015-12-01;3;6;9;-0.619039208406224;;2.5;388733;45678;12154;0.157;-0.198085746042444;-0.405339352877523;-0.27139829147246;-0.430225239588991;0.466967584922867;12;1;12.8706480116159;10.7293720605343;9.4054136126953
39;Kochi;2015;12;201512;2015-12-01;1;4;5;-1.09861228866811;;2.7;193354;25456;8074;0.172;0.0793080733689514;-1.23448004965113;-1.15764569081166;-1.08880629028913;1.19110758463828;12;1;12.1722779846932;10.1447067505776;8.99640430141289
40;Fukuoka;2015;12;201512;2015-12-01;6;40;46;-1.8294997972109;;3.8;1611859;121471;36578;0.124;1.60497408013163;1.28322960847135;1.21116280152847;1.34385934870826;-1.12614041445105;12;1;14.2928987292404;11.7074308301458;10.5072022457645
41;Saga;2015;12;201512;2015-12-01;0;4;4;-2.19722457733622;;3;231071;20709;6745;0.145;0.495398802486044;-1.02290912378203;-1.47048530630458;-1.37839426256977;-0.112344414849466;12;1;12.3504803015861;9.93832366737159;8.81655676864186
42;Nagasaki;2015;12;201512;2015-12-01;1;9;10;-1.84582669049833;;2.6;356406;41888;11783;0.156;-0.0593888363367464;-0.50841912208409;-0.402694670674122;-0.480141840018882;0.41869158494184;12;1;12.7838258094539;10.6427546687096;9.37441309371334
43;Kumamoto;2015;12;201512;2015-12-01;1;12;13;-2.12026353620009;;2.9;465604;54670;15802;0.154;0.356701892780346;-0.19110846425858;0.00099204213662673;-0.00758655829564986;0.322139584979784;12;1;13.0510907664278;10.909070391889;9.66789179328268
44;Oita;2015;12;201512;2015-12-01;0;7;7;-2.70805020110221;;3.1;323102;33238;10066;0.157;0.634095712191742;-0.624891400714693;-0.753312321693879;-0.733737122008841;0.466967584922867;12;1;12.6857233418275;10.4114490786875;9.2169186873363
45;Miyazaki;2015;12;201512;2015-12-01;1;6;7;-1.46633706879343;;2.7;285747;31687;9455;0.155;0.0793080733689514;-0.770758585580357;-0.825749265484836;-0.834566493846946;0.370415584960812;12;1;12.5628620829143;10.3636617811163;9.15429898109256
46;Kagoshima;2015;12;201512;2015-12-01;1;20;21;-2.6149597780362;;3.4;442826;52360;16469;0.161;1.05018644130883;-0.250659291144146;-0.0644492015762926;0.0589838615855085;0.660071584846978;12;1;13.0009321953467;10.8658982200238;9.70923510487421
47;Okinawa;2015;12;201512;2015-12-01;3;11;14;-1.18958406687384;;4.7;388470;32661;8596;0.102;2.85324626748291;-0.406142867774372;-0.779857505105039;-0.987931430527342;-2.18821241403366;12;1;12.869971225731;10.3939369845493;9.0590522577624
1;Hokkaido;2016;1;201601;2016-01-01;6;12;18;-0.653926467406664;;3.7;1450613;141750;42554;0.143;1.46627717042593;1.1580910154418;1.44518933657824;1.58752378381685;-0.208896414811521;1;2;14.1874967836802;11.86182022159;10.6585291366337
2;Aomori;2016;1;201601;2016-01-01;2;3;5;-0.336472236621213;;4.4;345136;45417;11449;0.154;2.43715553836581;-0.546567865692644;-0.280084390942635;-0.526443421300341;0.322139584979784;1;2;12.7516938212345;10.72364176328;9.34565766892381
3;Iwate;2016;1;201601;2016-01-01;5;9;14;-0.54654370636807;;3.1;360585;43175;13112;0.163;0.634095712191742;-0.49457911791493;-0.356822569158111;-0.308061223422257;0.756623584809034;1;2;12.7954829915484;10.6730169030149;9.48128312042367
4;Miyagi;2016;1;201601;2016-01-01;3;11;14;-1.18958406687384;;3.8;696403;56372;16445;0.129;1.60497408013163;0.286870617229979;0.0474632474517656;0.0566356529266639;-0.884760414545909;1;2;13.4536837947359;10.9397278603114;9.70777675862316
5;Akita;2016;1;201601;2016-01-01;1;4;5;-1.09861228866811;;3.7;281701;41491;12269;0.185;1.46627717042593;-0.787689476228833;-0.417129602911585;-0.415061438747032;1.81869558439164;1;2;12.5486015037339;10.6332318152298;9.41483103479118
6;Yamagata;2016;1;201601;2016-01-01;2;3;5;-0.336472236621213;;2.9;317238;38123;11675;0.169;0.356701892780346;-0.646636836064134;-0.545457051318783;-0.494968450338079;1.0462795846952;1;2;12.6674075598021;10.5485730535173;9.3652050825371
7;Fukushima;2016;1;201601;2016-01-01;1;15;16;-2.33537491581704;;3.1;558823;60697;17681;0.15;0.634095712191742;0.0255616842084865;0.159515230494688;0.173324439974875;0.129035585055673;1;2;13.2335880651457;11.0136495524325;9.78024589567809
8;Ibaraki;2016;1;201601;2016-01-01;2;5;7;-0.78845736036427;;3.1;746947;69905;23267;0.124;0.634095712191742;0.370056227537934;0.373614056274238;0.615393638381471;-1.12614041445105;1;2;13.5237495111293;11.1548924564219;10.0547913266273
9;Tochigi;2016;1;201601;2016-01-01;4;4;8;0 ;;2.9;539419;45732;12978;0.122;0.356701892780346;-0.0163959556107754;-0.269607365048244;-0.32460141628989;-1.2226924144131;1;2;13.1982479133907;10.7305535506619;9.47101089518111
10;Gunma;2016;1;201601;2016-01-01;4;4;8;0 ;;3;570730;51497;15376;0.132;0.495398802486044;0.0505930451925485;-0.0896412023604189;-0.051590786281494;-0.739932414602825;1;2;13.2546715221662;10.8492788325279;9.64056313121007
11;Saitama;2016;1;201601;2016-01-01;11;19;30;-0.528067430200497;;3.2;1397188;139829;42156;0.107;0.77279262189744;1.11353990994438;1.42450643413719;1.57239313270419;-1.94683241412852;1;2;14.1499722032722;11.8481755264682;10.6491323020538
12;Chiba;2016;1;201601;2016-01-01;6;19;25;-1.09861228866811;;2.9;1120174;131190;35332;0.114;0.356701892780346;0.851183957445415;1.32783714261496;1.28805368809348;-1.60890041426132;1;2;13.9289945883475;11.7844019330751;10.472544347865
13;Tokyo;2016;1;201601;2016-01-01;75;139;214;-0.613931945006441;;3.5;9410781;290511;70545;0.109;1.18888335101453;3.3780962043588;2.53290618070058;2.40143566623829;-1.85028041416646;1;2;16.0573665049294;12.5793967203059;11.1640060830473
14;Kanagawa;2016;1;201601;2016-01-01;12;34;46;-1.01523067972906;;3.2;2056386;198248;51078;0.109;0.77279262189744;1.5723987841976;1.95367697729196;1.88151156622057;-1.85028041416646;1;2;14.5364606311263;12.1972740511738;10.8411091551121
15;Niigata;2016;1;201601;2016-01-01;4;11;15;-0.93826963859293;;3.2;703900;76675;25487;0.156;0.77279262189744;0.299583448333403;0.513734237316906;0.76213386308379;0.41869158494184;1;2;13.4643915795962;11.2473309889825;10.1459237972307
16;Toyama;2016;1;201601;2016-01-01;1;7;8;-1.6094379124341;;2.5;354426;34746;11529;0.15;-0.198085746042444;-0.515033240697888;-0.686054389022393;-0.515231357821243;0.129035585055673;1;2;12.7782548584532;10.4558197364538;9.35262087923295
17;Ishikawa;2016;1;201601;2016-01-01;2;4;6;-0.587786664902119;;2.5;362301;31404;10839;0.133;-0.198085746042444;-0.488942469827233;-0.839348033969783;-0.614603758002932;-0.691656414621798;1;2;12.8002306370229;10.3546905523181;9.29090601981575
18;Fukui;2016;1;201601;2016-01-01;0;4;4;-2.19722457733622;;2.1;247588;23619;7938;0.147;-0.752873384865235;-0.940940047848135;-1.27118061061979;-1.1161595949152;-0.0157924148874103;1;2;12.4195213533515;10.0698067518526;8.97941663334301
19;Yamanashi;2016;1;201601;2016-01-01;0;0;0;0 ;;2.6;206066;24895;6497;0.144;-0.0593888363367464;-1.15888325002053;-1.19142496983212;-1.43871337082022;-0.160620414830494;1;2;12.2359517848078;10.1224222590763;8.77909581088053
20;Nagano;2016;1;201601;2016-01-01;3;8;11;-0.887303195000903;;2.9;597575;60721;19375;0.157;0.356701892780346;0.105163334834494;0.160114477421377;0.320645117297084;0.466967584922867;1;2;13.300635077923;11.0140448809721;9.87173885422155
21;Gifu;2016;1;201601;2016-01-01;1;8;9;-1.73460105538811;;2.4;563167;53867;16175;0.136;-0.336782655748142;0.0347550732017588;-0.0214376492910212;0.0299796052202814;-0.546828414678714;1;2;13.2413314883593;10.8942733245007;9.6912221193691
22;Shizuoka;2016;1;201601;2016-01-01;6;8;14;-0.268263986594679;;2.6;1104235;85835;29892;0.135;-0.0593888363367464;0.834169171252336;0.684796256051619;1.01883352152049;-0.595104414659742;1;2;13.9146633454861;11.360182127705;10.3053461650502
23;Aichi;2016;1;201601;2016-01-01;20;21;41;-0.0476280489892546;;2.7;2690940;144687;39939;0.108;0.0793080733689514;1.89169873472311;1.47627554064008;1.48540487637354;-1.89855641414749;1;2;14.8054011329164;11.8823280675332;10.5951085691
24;Mie;2016;1;201601;2016-01-01;3;6;9;-0.619039208406224;;2.2;468328;50862;15318;0.137;-0.614176475159537;-0.184182731737561;-0.108448695203605;-0.0576760731036223;-0.498552414697687;1;2;13.0569241841167;10.8368713618365;9.63678388646954
25;Shiga;2016;1;201601;2016-01-01;4;5;9;-0.200670695462151;;2.4;362944;32133;8505;0.114;-0.336782655748142;-0.486837242594005;-0.804562592081828;-1.00506824187917;-1.60890041426132;1;2;12.8020038313737;10.3776388184327;9.04840950482996
26;Kyoto;2016;1;201601;2016-01-01;5;9;14;-0.54654370636807;;3.3;717387;77221;20762;0.13;0.911489531603137;0.322116460226852;0.524490088279308;0.431974690977169;-0.836484414564881;1;2;13.4833707229237;11.2544267197473;9.94087967175319
27;Osaka;2016;1;201601;2016-01-01;21;41;62;-0.657640492103036;;3.9;3404178;232223;49777;0.119;1.74367098983732;2.17083685293335;2.19344839948683;1.83996740594589;-1.36752041435619;1;2;15.0405140587301;12.3554533958815;10.8153083089388
28;Hyogo;2016;1;201601;2016-01-01;7;30;37;-1.4028236630711;;3.5;1321526;132218;37499;0.127;1.18888335101453;1.04744027069044;1.3396687568614;1.3839003247077;-0.981312414507964;1;2;14.0942976874451;11.7922073544685;10.5320695449363
29;Nara;2016;1;201601;2016-01-01;2;2;4;0 ;;3;229318;36371;10844;0.133;0.495398802486044;-1.03195044111555;-0.616770352805202;-0.613861155047188;-0.691656414621798;1;2;12.342864965547;10.5015270327914;9.29136721061856
30;Wakayama;2016;1;201601;2016-01-01;0;4;4;-2.19722457733622;;2.4;229954;34125;9219;0.155;-0.336782655748142;-1.02866222721971;-0.713390996979724;-0.875267374165507;0.370415584960812;1;2;12.3456345679027;10.4377855324873;9.12902185079859
31;Tottori;2016;1;201601;2016-01-01;1;2;3;-0.510825623765991;;3.5;156690;19331;6188;0.159;1.18888335101453;-1.48410363426952;-1.57486219422828;-1.51717547710205;0.563519584884923;1;2;11.9620246100985;9.86946530392169;8.73036721169296
32;Shimane;2016;1;201601;2016-01-01;0;6;6;-2.56494935746154;;2.1;199570;25141;8063;0.179;-0.752873384865235;-1.19691263406701;-1.17651991200213;-1.09100149984578;1.52903958450548;1;2;12.203920330962;10.1322552586006;8.99504097468502
33;Okayama;2016;1;201601;2016-01-01;1;17;18;-2.4567357728213;;3.2;565841;58914;16414;0.143;0.77279262189744;0.0403789763353951;0.114320267425927;0.0535974728492655;-0.208896414811521;1;2;13.2460683989923;10.9838340323973;9.70588990818966
34;Hiroshima;2016;1;201601;2016-01-01;3;17;20;-1.6094379124341;;2.9;963154;74735;21561;0.132;0.356701892780346;0.671878155946213;0.474888033798587;0.492778105521641;-0.739932414602825;1;2;13.7779685949212;11.2217038022199;9.97864140613655
35;Yamaguchi;2016;1;201601;2016-01-01;1;4;5;-1.09861228866811;;2.3;387308;42860;12760;0.162;-0.47547956545384;-0.409699521868149;-0.36792236457448;-0.351878511156541;0.708347584828006;1;2;12.8669755211119;10.6656942690276;9.45407055689878
36;Tokushima;2016;1;201601;2016-01-01;0;2;2;-1.6094379124341;;3;195632;26094;8223;0.16;0.495398802486044;-1.22057420575519;-1.12012318551081;-1.05936229527331;0.611795584865951;1;2;12.183990622384;10.1694606818257;9.0146903849709
37;Kagawa;2016;1;201601;2016-01-01;1;5;6;-1.29928298413026;;2.7;309617;29534;9144;0.15;0.0793080733689514;-0.675506312100401;-0.932408973299573;-0.88842041218162;0.129035585055673;1;2;12.643091328751;10.2932974210337;9.12085320547465
38;Ehime;2016;1;201601;2016-01-01;2;8;10;-1.22377543162212;;2.8;387609;45551;12119;0.157;0.218004983074649;-0.408777196901085;-0.275618644007299;-0.434868798083801;0.466967584922867;1;2;12.8677523785434;10.7265878563439;9.40252974796849
39;Kochi;2016;1;201601;2016-01-01;0;5;5;-2.39789527279837;;3;192305;25337;8036;0.172;0.495398802486044;-1.24093875875288;-1.16474835913127;-1.09640246409104;1.19110758463828;1;2;12.1668379322789;10.1400210569691;8.99168672593483
40;Fukuoka;2016;1;201601;2016-01-01;1;24;25;-2.79320800944252;;3.5;1606148;120940;36393;0.124;1.18888335101453;1.27901557221623;1.20452199946998;1.33569487128859;-1.12614041445105;1;2;14.2893493236638;11.7030498338272;10.502131727439
41;Saga;2016;1;201601;2016-01-01;1;3;4;-0.847297860387204;;2.3;229864;20606;6751;0.145;-0.47547956545384;-1.02912698769046;-1.47804332584262;-1.37696256185861;-0.112344414849466;1;2;12.3452431086681;9.93333757450501;8.81744592104187
42;Nagasaki;2016;1;201601;2016-01-01;2;8;10;-1.22377543162212;;2.8;354777;41792;11830;0.156;0.218004983074649;-0.513858047622073;-0.406172653194084;-0.473731909888815;0.41869158494184;1;2;12.7792447020627;10.6404602126361;9.37839395697243
43;Kumamoto;2016;1;201601;2016-01-01;1;6;7;-1.46633706879343;;3;462694;54444;15741;0.154;0.495398802486044;-0.198552006081062;-0.00528718548164054;-0.0138143404361505;0.322139584979784;1;2;13.0448212074456;10.904927929452;9.66402405235482
44;Oita;2016;1;201601;2016-01-01;0;2;2;-1.6094379124341;;3.1;322051;33068;10063;0.157;0.634095712191742;-0.628759637184657;-0.761085071463955;-0.734217082058219;0.466967584922867;1;2;12.6824651970781;10.4063213263726;9.21662060993333
45;Miyazaki;2016;1;201601;2016-01-01;1;7;8;-1.6094379124341;;2.4;284831;31547;9373;0.155;-0.336782655748142;-0.774570590570185;-0.832461323989355;-0.848591996669653;0.370415584960812;1;2;12.559651300911;10.3592337762851;9.14558849474649
46;Kagoshima;2016;1;201601;2016-01-01;2;10;12;-1.43508452528932;;2.5;441220;52186;16442;0.161;-0.198085746042444;-0.254972930087209;-0.0694948835196409;0.0563418859126697;0.660071584846978;1;2;12.9972988962498;10.8625695386652;9.70759431571208
47;Okinawa;2016;1;201601;2016-01-01;3;11;14;-1.18958406687384;;4.3;387551;32669;8528;0.102;2.29845862866011;-0.408954864926795;-0.779486264925638;-1.00071970672996;-2.18821241403366;1;2;12.8676027320185;10.3941818950051;9.05111014640562
1;Hokkaido;2016;2;201602;2016-02-01;5;16;21;-1.09861228866811;;3.7;1446094;141905;42593;0.143;1.46627717042593;1.15438667612702;1.44684594147592;1.58899881539394;-0.208896414811521;2;2;14.1843766865036;11.8629130986091;10.6594451995068
2;Aomori;2016;2;201602;2016-02-01;1;8;9;-1.73460105538811;;4.4;343947;45441;11445;0.154;2.43715553836581;-0.5506650300491;-0.279283587886333;-0.527006079106502;0.322139584979784;2;2;12.7482428547181;10.7241700601951;9.34530823238667
3;Iwate;2016;2;201602;2016-02-01;2;9;11;-1.33500106673234;;3.1;359834;43234;13269;0.163;0.634095712191742;-0.497054416378125;-0.354752567263745;-0.288895749759854;0.756623584809034;2;2;12.7933980929768;10.674382501718;9.49318576653644
4;Miyagi;2016;2;201602;2016-02-01;1;22;23;-2.70805020110221;;3.8;697276;56496;16582;0.129;1.60497408013163;0.288358004911786;0.0507938949659488;0.0699942226934257;-0.884760414545909;2;2;13.4549365941455;10.9419251181682;9.71607304867616
5;Akita;2016;2;201602;2016-02-01;1;2;3;-0.510825623765991;;3.7;281267;41533;12323;0.185;1.46627717042593;-0.789520014200386;-0.415595963300665;-0.407990018642045;1.81869558439164;2;2;12.5470596751185;10.634243570953;9.41922271393812
6;Yamagata;2016;2;201602;2016-02-01;1;16;17;-2.39789527279837;;2.9;317025;38247;11734;0.169;0.356701892780346;-0.647434248268874;-0.540534651125803;-0.486851813760181;1.0462795846952;2;2;12.6667359141031;10.5518204048062;9.3702458894858
7;Fukushima;2016;2;201602;2016-02-01;1;17;18;-2.4567357728213;;3.1;559445;60736;18014;0.15;0.634095712191742;0.0268824237127567;0.160488886485734;0.203368282570322;0.129035585055673;2;2;13.2347004998467;11.0142918819696;9.79890451234369
8;Ibaraki;2016;2;201602;2016-02-01;4;8;12;-0.635988766719997;;3.1;746656;69975;23308;0.124;0.634095712191742;0.36959360109434;0.375131176839774;0.618228534417086;-1.12614041445105;2;2;13.5233598493468;11.1558933143837;10.056551928263
9;Tochigi;2016;2;201602;2016-02-01;3;8;11;-0.887303195000903;;2.9;539657;45757;12966;0.122;0.356701892780346;-0.015872237531109;-0.268778948469381;-0.326090950124512;-1.2226924144131;2;2;13.1986890315397;10.731100064464;9.47008582573494
10;Gunma;2016;2;201602;2016-02-01;3;4;7;-0.251314428280906;;3;570993;51627;15451;0.132;0.495398802486044;0.0511400204007094;-0.0858194593931651;-0.043755824377671;-0.739932414602825;2;2;13.2551322293686;10.851800070433;9.64542900515042
11;Saitama;2016;2;201602;2016-02-01;7;21;28;-1.05314991459135;;3.2;1398901;140058;42221;0.107;0.77279262189744;1.11499462878102;1.42698688423952;1.57487395349966;-1.94683241412852;2;2;14.1511974863116;11.8498119015131;10.6506730065789
12;Chiba;2016;2;201602;2016-02-01;5;27;32;-1.6094379124341;;2.9;1121189;131335;35450;0.114;0.356701892780346;0.852259249680284;1.32951160355843;1.29342234451304;-1.60890041426132;2;2;13.9299002873078;11.7855065898868;10.4758785319603
13;Tokyo;2016;2;201602;2016-02-01;62;131;193;-0.743840294875463;;3.5;9412473;291263;71231;0.109;1.18888335101453;3.37830964557816;2.53682487528786;2.41701793953197;-1.85028041416646;2;2;16.0575462825603;12.5819819180591;11.1736833959024
14;Kanagawa;2016;2;201602;2016-02-01;16;34;50;-0.737598943130779;;3.2;2059516;198427;51361;0.109;0.77279262189744;1.57420451094753;1.95504500808471;1.89040825178106;-1.85028041416646;2;2;14.537981561704;12.1981765532834;10.8466344085793
15;Niigata;2016;2;201602;2016-02-01;5;17;22;-1.15745278869104;;3.2;703446;76627;25651;0.156;0.77279262189744;0.298817450359524;0.512785008151272;0.77246165857147;0.41869158494184;2;2;13.4637463935286;11.2467047740398;10.1523378361937
16;Toyama;2016;2;201602;2016-02-01;2;4;6;-0.587786664902119;;2.5;354400;34702;11543;0.15;-0.198085746042444;-0.515120338329355;-0.687975138104343;-0.513277248406164;0.129035585055673;2;2;12.7781814977131;10.4545526011616;9.35383447161491
17;Ishikawa;2016;2;201602;2016-02-01;2;5;7;-0.78845736036427;;2.5;362580;31438;10863;0.133;-0.198085746042444;-0.488028545696677;-0.837707796971379;-0.611042383124712;-0.691656414621798;2;2;12.8010004185837;10.3557726312882;9.29311779843375
18;Fukui;2016;2;201602;2016-02-01;1;7;8;-1.6094379124341;;2.1;247551;23614;7925;0.147;-0.752873384865235;-0.94111748609003;-1.27150153456187;-1.11879874541275;-0.0157924148874103;2;2;12.4193719003694;10.0695950354671;8.97777759874548
19;Yamanashi;2016;2;201602;2016-02-01;3;1;4;0.847297860387204;;2.6;206281;24906;6562;0.144;-0.0593888363367464;-1.15764517119488;-1.19075534388804;-1.42268412635131;-0.160620414830494;2;2;12.2369945959329;10.1228640172811;8.78905071352105
20;Nagano;2016;2;201602;2016-02-01;6;9;15;-0.379489621704904;;2.9;597528;60734;19660;0.157;0.356701892780346;0.105069952407359;0.160438970620086;0.344157921353349;0.466967584922867;2;2;13.3005564236145;11.014258952028;9.88634139370116
21;Gifu;2016;2;201602;2016-02-01;2;5;7;-0.78845736036427;;2.4;563688;54035;16295;0.136;-0.336782655748142;0.0358529215536725;-0.0167174777619067;0.0418812495044831;-0.546828414678714;2;2;13.242256185924;10.8973872637373;9.69861359127166
22;Shizuoka;2016;2;201602;2016-02-01;4;11;15;-0.93826963859293;;2.6;1105393;85857;30064;0.135;-0.0593888363367464;0.83541357717846;0.685184719594259;1.02807205460976;-0.595104414659742;2;2;13.9157114858119;11.3604384005671;10.3110837216532
23;Aichi;2016;2;201602;2016-02-01;16;33;49;-0.708185057924486;;2.7;2692851;144917;39943;0.108;0.0793080733689514;1.89254157474406;1.47868323310832;1.48556613282298;-1.89855641414749;2;2;14.8061110416333;11.8839164437183;10.595208716818
24;Mie;2016;2;201602;2016-02-01;0;14;14;-3.36729582998647;;2.2;468657;50931;15446;0.137;-0.614176475159537;-0.183348981609851;-0.106393709114871;-0.0442769707590205;-0.498552414697687;2;2;13.0576264365829;10.8382270544787;9.64510534912921
25;Shiga;2016;2;201602;2016-02-01;0;7;7;-2.70805020110221;;2.4;362964;32245;8601;0.114;-0.336782655748142;-0.486771821010902;-0.799288367443795;-0.986995112561551;-1.60890041426132;2;2;12.8020589347752;10.3811182714445;9.05963375455148
26;Kyoto;2016;2;201602;2016-02-01;7;8;15;-0.125163142954006;;3.3;717449;77212;20866;0.13;0.911489531603137;0.322219063699828;0.524313411267723;0.440020222268006;-0.836484414564881;2;2;13.4834571439502;11.2543101643478;9.94587631902792
27;Osaka;2016;2;201602;2016-02-01;20;40;60;-0.680877087968131;;3.9;3406320;232496;50057;0.119;1.74367098983732;2.17158366830281;2.19522934204024;1.84899946418389;-1.36752041435619;2;2;15.0411430876413;12.3566282995605;10.8209176351037
28;Hyogo;2016;2;201602;2016-02-01;3;29;32;-2.13162729485041;;3.5;1322729;132377;37643;0.127;1.18888335101453;1.04852054726617;1.34149052535251;1.39007176177726;-0.981312414507964;2;2;14.0952075846245;11.7934091913826;10.5359022929675
29;Nara;2016;2;201602;2016-02-01;1;8;9;-1.73460105538811;;3;229766;36549;10872;0.133;0.495398802486044;-1.02963326720039;-0.609370009831985;-0.609708895710693;-0.691656414621798;2;2;12.3448166787072;10.5064091050225;9.29394595583098
30;Wakayama;2016;2;201602;2016-02-01;3;2;5;0.336472236621213;;2.4;229996;34088;9307;0.155;-0.336782655748142;-1.02844540124645;-0.715035415121379;-0.85997023174504;0.370415584960812;2;2;12.3458171964498;10.4367006951797;9.13852208418571
31;Tottori;2016;2;201602;2016-02-01;2;6;8;-0.955511445027436;;3.5;156662;19355;6247;0.159;1.18888335101453;-1.48431581121725;-1.57298142672242;-1.5018957530075;0.563519584884923;2;2;11.9618458973404;9.87070606301175;8.73985662749357
32;Shimane;2016;2;201602;2016-02-01;0;8;8;-2.83321334405622;;2.1;199816;25153;8134;0.179;-0.752873384865235;-1.19545006979221;-1.17579657160588;-1.0768848195409;1.52903958450548;2;2;12.2051522220704;10.1327324527083;9.00380808646717
33;Okayama;2016;2;201602;2016-02-01;0;6;6;-2.56494935746154;;3.2;566111;58987;16440;0.143;0.77279262189744;0.0409453569720167;0.116197348668433;0.0561460114570539;-0.208896414811521;2;2;13.2465454510319;10.9850723596266;9.70747266861017
34;Hiroshima;2016;2;201602;2016-02-01;10;25;35;-0.887303195000903;;2.9;963963;74774;21542;0.132;0.356701892780346;0.672874967586087;0.475678848843683;0.491358550723641;-0.739932414602825;2;2;13.7788081911133;11.222225509955;9.97775979691072
35;Yamaguchi;2016;2;201602;2016-02-01;1;4;5;-1.09861228866811;;2.3;387399;42887;12742;0.162;-0.47547956545384;-0.409420603863112;-0.366967762251341;-0.354151536966306;0.708347584828006;2;2;12.8672104486404;10.6663240286901;9.45265890267643
36;Tokushima;2016;2;201602;2016-02-01;0;6;6;-2.56494935746154;;3;195823;26085;8228;0.16;0.495398802486044;-1.21941563064795;-1.1206460924498;-1.0583835182932;0.611795584865951;2;2;12.1849664689827;10.1691157154565;9.01529825077285
37;Kagawa;2016;2;201602;2016-02-01;1;6;7;-1.46633706879343;;2.7;309708;29564;9137;0.15;0.0793080733689514;-0.675157416558494;-0.930870017483658;-0.889653528780676;0.129035585055673;2;2;12.6433851970775;10.2943126839048;9.12008738299862
38;Ehime;2016;2;201602;2016-02-01;4;7;11;-0.510825623765991;;2.8;387895;45566;12207;0.157;0.218004983074649;-0.407901498318687;-0.27511956478049;-0.423218959834693;0.466967584922867;2;2;12.8684899634249;10.726917103359;9.4097648366698
39;Kochi;2016;2;201602;2016-02-01;0;2;2;-1.6094379124341;;3;192356;25293;8112;0.172;0.495398802486044;-1.24062393705384;-1.16738300653353;-1.08124578381302;1.19110758463828;2;2;12.1671031008315;10.1382829565908;9.00109972583097
40;Fukuoka;2016;2;201602;2016-02-01;7;25;32;-1.22377543162212;;3.5;1606586;121124;36595;0.124;1.18888335101453;1.27933929404105;1.20682643914633;1.34460752527118;-1.12614041445105;2;2;14.2896219886294;11.704570093225;10.5076668980353
41;Saga;2016;2;201602;2016-02-01;0;4;4;-2.19722457733622;;2.3;230047;20547;6698;0.145;-0.47547956545384;-1.02818216578941;-1.48238971343143;-1.38965351251392;-0.112344414849466;2;2;12.3460389148552;9.93047022386602;8.80956425335415
42;Nagasaki;2016;2;201602;2016-02-01;1;13;14;-2.19722457733622;;2.8;354975;41768;11893;0.156;0.218004983074649;-0.513195631013883;-0.407043397143321;-0.465179707049531;0.41869158494184;2;2;12.7798026434426;10.6398857750904;9.38370527072725
43;Kumamoto;2016;2;201602;2016-02-01;2;11;13;-1.52605630349505;;3;463415;54357;15797;0.154;0.495398802486044;-0.196703393587625;-0.00771136122363783;-0.00809612694460659;0.322139584979784;2;2;13.0463782598998;10.9033286791042;9.6675753275691
44;Oita;2016;2;201602;2016-02-01;0;3;3;-1.94591014905531;;3.1;321906;33045;10106;0.157;0.634095712191742;-0.629294304673636;-0.76213974641609;-0.72735128789873;0.466967584922867;2;2;12.6820148564422;10.4056255479046;9.22088458585185
45;Miyazaki;2016;2;201602;2016-02-01;0;14;14;-3.36729582998647;;2.4;284986;31545;9390;0.155;-0.336782655748142;-0.773924685129092;-0.832557426192516;-0.845674214991129;0.370415584960812;2;2;12.5601953352372;10.3591703768049;9.14740057220231
46;Kagoshima;2016;2;201602;2016-02-01;1;10;11;-1.94591014905531;;2.5;440820;52199;16489;0.161;-0.198085746042444;-0.256049753219741;-0.0691173261933727;0.0609380895824112;0.660071584846978;2;2;12.9963919078424;10.8628186165991;9.71044877090097
47;Okinawa;2016;2;201602;2016-02-01;3;10;13;-1.09861228866811;;4.3;388133;32691;8596;0.102;2.29845862866011;-0.407173262199516;-0.778465822993014;-0.987931430527342;-2.18821241403366;2;2;12.8691033433737;10.394855089645;9.0590522577624
1;Hokkaido;2016;3;201603;2016-03-01;1;15;16;-2.33537491581704;;3.7;1436348;142460;42502;0.143;1.46627717042593;1.14635807058544;1.4527628524595;1.58555497079079;-0.208896414811521;3;2;14.1776143390636;11.8668165375323;10.6573064126288
2;Aomori;2016;3;201603;2016-03-01;2;7;9;-1.09861228866811;;4.4;343404;45480;11279;0.154;2.43715553836581;-0.552540862251654;-0.277983184556552;-0.550531481687869;0.322139584979784;3;2;12.7466628756013;10.7250279478645;9.33069786863992
3;Iwate;2016;3;201603;2016-03-01;0;15;15;-3.43398720448515;;3.1;359739;43393;13204;0.163;0.634095712191742;-0.497367904712669;-0.349188120645631;-0.296802847387677;0.756623584809034;3;2;12.7931340474927;10.6780534167572;9.48827509297308
4;Miyagi;2016;3;201603;2016-03-01;3;12;15;-1.27296567581289;;3.8;697295;56745;16524;0.129;1.60497408013163;0.288390355755171;0.0574600282699058;0.0643522918499397;-0.884760414545909;3;2;13.4549638426686;10.9463228257352;9.71256914851666
5;Akita;2016;3;201603;2016-03-01;4;6;10;-0.367724780125317;;3.7;280500;41700;12297;0.185;1.46627717042593;-0.792762007001168;-0.409513224770683;-0.411390900082631;1.81869558439164;3;2;12.5443290039449;10.6382564077869;9.41711060917245
6;Yamagata;2016;3;201603;2016-03-01;3;7;10;-0.762140052046897;;2.9;316212;38361;11699;0.169;0.356701892780346;-0.650482825049698;-0.536023278599503;-0.491661829594491;1.0462795846952;3;2;12.6641681537015;10.5547965974793;9.3672586470476
7;Fukushima;2016;3;201603;2016-03-01;1;17;18;-2.4567357728213;;3.1;558244;61001;17970;0.15;0.634095712191742;0.0243309280531987;0.16708824325842;0.199430520366712;0.129035585055673;3;2;13.2325514217718;11.0186455364637;9.7964589797776
8;Ibaraki;2016;3;201603;2016-03-01;3;15;18;-1.48807705542983;;3.1;746567;70240;23338;0.124;0.634095712191742;0.36945207452722;0.380860846154874;0.620299691020965;-1.12614041445105;3;2;13.5232406441107;11.159673228309;10.0578382123661
9;Tochigi;2016;3;201603;2016-03-01;4;10;14;-0.847297860387204;;2.9;539936;45909;12981;0.122;0.356701892780346;-0.0152585931116681;-0.263751896808657;-0.324229248032042;-1.2226924144131;3;2;13.1992058929981;10.7344164552591;9.47124202889299
10;Gunma;2016;3;201603;2016-03-01;1;7;8;-1.6094379124341;;3;571526;51716;15521;0.132;0.495398802486044;0.0522477568484896;-0.0832085807115324;-0.0364774303996086;-0.739932414602825;3;2;13.2560652554954;10.8535224903744;9.64994922465118
11;Saitama;2016;3;201603;2016-03-01;8;17;25;-0.722134717433198;;3.2;1400102;140555;41970;0.107;0.77279262189744;1.11601348360528;1.43235629586734;1.56527297777822;-1.94683241412852;3;2;14.1520556490744;11.8533541502306;10.6447103563276
12;Chiba;2016;3;201603;2016-03-01;4;24;28;-1.69459572077441;;2.9;1121532;131908;35459;0.114;0.356701892780346;0.852622404247004;1.33611057303057;1.29383108455229;-1.60890041426132;3;2;13.9302061657498;11.7898599888752;10.4761323784409
13;Tokyo;2016;3;201603;2016-03-01;61;115;176;-0.630233355149376;;3.5;9414674;292362;71024;0.109;1.18888335101453;3.3785872383587;2.54253363760586;2.41233186552327;-1.85028041416646;3;2;16.0577800938765;12.585748039452;11.1707731270738
14;Kanagawa;2016;3;201603;2016-03-01;12;26;38;-0.751416088683921;;3.2;2060467;199485;51446;0.109;0.77279262189744;1.57475260834091;1.96310579233922;1.89307082996777;-1.85028041416646;3;2;14.5384432141025;12.2034943245154;10.848287992856
15;Niigata;2016;3;201603;2016-03-01;4;13;17;-1.09861228866811;;3.2;703481;76929;25585;0.156;0.77279262189744;0.298876520651341;0.518747370355341;0.768313312402081;0.41869158494184;3;2;13.4637961473538;11.2506381975384;10.1497615212392
16;Toyama;2016;3;201603;2016-03-01;1;5;6;-1.29928298413026;;2.5;354493;34817;11522;0.15;-0.198085746042444;-0.51480882624466;-0.682960121641229;-0.516209302558501;0.129035585055673;3;2;12.7784438786381;10.4578610522296;9.35201353029233
17;Ishikawa;2016;3;201603;2016-03-01;3;2;5;0.336472236621213;;2.5;362711;31431;10790;0.133;-0.198085746042444;-0.487599669791159;-0.838045347764088;-0.621899448699709;-0.691656414621798;3;2;12.801361652906;10.3555499460211;9.28637505825218
18;Fukui;2016;3;201603;2016-03-01;1;10;11;-1.94591014905531;;2.1;247147;23689;7846;0.147;-0.752873384865235;-0.943056647424981;-1.26669479507343;-1.13493034833315;-0.0157924148874103;3;2;12.4177385802839;10.0727660843581;8.9677591267695
19;Yamanashi;2016;3;201603;2016-03-01;0;5;5;-2.39789527279837;;2.6;206284;25029;6561;0.144;-0.0593888363367464;-1.15762790480636;-1.1832877863343;-1.42292952541608;-0.160620414830494;3;2;12.2370091390958;10.1277904315702;8.78889830934488
20;Nagano;2016;3;201603;2016-03-01;3;8;11;-0.887303195000903;;2.9;597573;60759;19701;0.157;0.356701892780346;0.105159361263811;0.161062800828961;0.34751239142541;0.466967584922867;3;2;13.3006317310572;11.0146704983781;9.88842467485908
21;Gifu;2016;3;201603;2016-03-01;2;10;12;-1.43508452528932;;2.4;563651;54270;16332;0.136;-0.336782655748142;0.0357749888346569;-0.0101394200403689;0.0455332497542115;-0.546828414678714;3;2;13.2421905446217;10.9017268670575;9.70088165243947
22;Shizuoka;2016;3;201603;2016-03-01;1;7;8;-1.6094379124341;;2.6;1105014;86153;29883;0.135;-0.0593888363367464;0.835006441087024;0.690401662535628;1.01834864745096;-0.595104414659742;3;2;13.915368562537;11.3638800643329;10.3050450358133
23;Aichi;2016;3;201603;2016-03-01;20;26;46;-0.256719846847814;;2.7;2692772;145486;40081;0.108;0.0793080733689514;1.89250674391769;1.48462327306759;1.49111961384876;-1.89855641414749;3;2;14.806081704266;11.887835141033;10.5986576855473
24;Mie;2016;3;201603;2016-03-01;3;3;6;0 ;;2.2;468261;51110;15418;0.137;-0.614176475159537;-0.184352594579815;-0.101075610169247;-0.0471985116649278;-0.498552414697687;3;2;13.0567811117549;10.8417354517623;9.64329093701921
25;Shiga;2016;3;201603;2016-03-01;1;6;7;-1.46633706879343;;2.4;363331;32377;8572;0.114;-0.336782655748142;-0.485571974527733;-0.793095785200079;-0.992433351336228;-1.60890041426132;3;2;12.8030695434982;10.3852035731556;9.05625635659347
26;Kyoto;2016;3;201603;2016-03-01;5;14;19;-0.969400557188104;;3.3;716880;77349;20922;0.13;0.911489531603137;0.321277095707404;0.527000601454492;0.444335837648513;-0.836484414564881;3;2;13.4826637415581;11.2560829276694;9.94855651590371
27;Osaka;2016;3;201603;2016-03-01;21;60;81;-1.03459042990318;;3.9;3402347;233308;50011;0.119;1.74367098983732;2.17019809611818;2.20051417054034;1.84751909964386;-1.36752041435619;3;2;15.0399760455606;12.3601147480346;10.8199982602138
28;Hyogo;2016;3;201603;2016-03-01;8;15;23;-0.60077386042893;;3.5;1321641;133281;37617;0.127;1.18888335101453;1.04754358152579;1.35180684644456;1.38895922293495;-0.981312414507964;3;2;14.0943847042701;11.8002149603737;10.5352113548586
29;Nara;2016;3;201603;2016-03-01;0;8;8;-2.83321334405622;;3;229871;36718;10843;0.133;0.495398802486044;-1.02909083312818;-0.602377119642125;-0.614009648242332;-0.691656414621798;3;2;12.3452735609939;10.5110223770202;9.29127498947218
30;Wakayama;2016;3;201603;2016-03-01;1;4;5;-1.09861228866811;;2.4;230087;34145;9261;0.155;-0.336782655748142;-1.02797574743887;-0.712502864509646;-0.867948334471105;0.370415584960812;3;2;12.3462127772523;10.4383714413952;9.13356731317027
31;Tottori;2016;3;201603;2016-03-01;0;8;8;-2.83321334405622;;3.5;156492;19402;6224;0.159;1.18888335101453;-1.48560484303292;-1.56930500299142;-1.5078350231668;0.563519584884923;3;2;11.9607601694449;9.87313143252123;8.73616806585823
32;Shimane;2016;3;201603;2016-03-01;0;7;7;-2.70805020110221;;2.1;199243;25205;8114;0.179;-0.752873384865235;-1.19885956784363;-1.17266607910766;-1.08084884409441;1.52903958450548;3;2;12.2022804642913;10.1347976665167;9.00134624376639
33;Okayama;2016;3;201603;2016-03-01;3;10;13;-1.09861228866811;;3.2;567371;59103;16456;0.143;0.77279262189744;0.0435848999167471;0.119175334651139;0.0577123403358209;-0.208896414811521;3;2;13.2487686897229;10.9870369635272;9.70844543133279
34;Hiroshima;2016;3;201603;2016-03-01;5;21;26;-1.36330484289519;;2.9;963693;74930;21502;0.132;0.356701892780346;0.672542379361623;0.478837989726805;0.488365917280835;-0.739932414602825;3;2;13.7785280581417;11.2243096233584;9.97590123304517
35;Yamaguchi;2016;3;201603;2016-03-01;3;9;12;-0.998528830111127;;2.3;385666;43034;12838;0.162;-0.47547956545384;-0.414743597106911;-0.361781003141174;-0.342065643461866;0.708347584828006;3;2;12.8627269888977;10.6697457799134;9.46016480187172
36;Tokushima;2016;3;201603;2016-03-01;1;6;7;-1.46633706879343;;3;195514;26152;8251;0.16;0.495398802486044;-1.22129054008216;-1.11675766091512;-1.05388879153343;0.611795584865951;3;2;12.1833872670968;10.171680948404;9.01808968410434
37;Kagawa;2016;3;201603;2016-03-01;1;5;6;-1.29928298413026;;2.7;309661;29682;9105;0.15;0.0793080733689514;-0.675337602552583;-0.924831905124796;-0.895302690449873;0.129035585055673;3;2;12.6432334297139;10.2982960804558;9.11657899216171
38;Ehime;2016;3;201603;2016-03-01;5;10;15;-0.646627164925052;;2.8;388079;45658;12158;0.157;0.218004983074649;-0.407338453070892;-0.272062134896375;-0.429695398860156;0.466967584922867;3;2;12.8689642061275;10.7289341171096;9.40574266830867
39;Kochi;2016;3;201603;2016-03-01;1;7;8;-1.6094379124341;;3;191980;25216;8096;0.172;0.495398802486044;-1.24294693889311;-1.172004687195;-1.08442482919;1.19110758463828;3;2;12.1651464789175;10.1352339926576;8.99912539152725
40;Fukuoka;2016;3;201603;2016-03-01;4;27;31;-1.81010860789625;;3.5;1607656;121845;36579;0.124;1.18888335101453;1.28012975032826;1.21582272644222;1.34390336871893;-1.12614041445105;3;2;14.2902877754864;11.7105050241532;10.5072295842284
41;Saga;2016;3;201603;2016-03-01;0;5;5;-2.39789527279837;;2.3;229959;20638;6685;0.145;-0.47547956545384;-1.02863641252729;-1.47569116546383;-1.39278172353821;-0.112344414849466;3;2;12.3456563111454;9.93488931567566;8.80762148953604
42;Nagasaki;2016;3;201603;2016-03-01;0;7;7;-2.70805020110221;;2.8;355108;41975;11816;0.156;0.218004983074649;-0.512750881822939;-0.399549627170929;-0.475638583836178;0.41869158494184;3;2;12.7801772475425;10.6448294819457;9.37720982421122
43;Kumamoto;2016;3;201603;2016-03-01;0;13;13;-3.29583686600433;;3;463884;54636;15906;0.154;0.495398802486044;-0.195502441381256;4.90402271189002e-05;0.00297607198006715;0.322139584979784;3;2;13.0473897999532;10.9084482851228;9.67445167551708
44;Oita;2016;3;201603;2016-03-01;0;6;6;-2.56494935746154;;3.1;321358;33062;10036;0.157;0.634095712191742;-0.631317156410176;-0.761360133321649;-0.738543172618186;0.466967584922867;3;2;12.6803110454639;10.406139865613;9.21393390748631
45;Miyazaki;2016;3;201603;2016-03-01;1;9;10;-1.84582669049833;;2.4;284745;31654;9368;0.155;-0.336782655748142;-0.774929115541135;-0.827328718482863;-0.849451174941147;0.370415584960812;3;2;12.5593493218928;10.3626198018932;9.14505490527755
46;Kagoshima;2016;3;201603;2016-03-01;5;12;17;-0.82098055206983;;2.5;440644;52243;16504;0.161;-0.198085746042444;-0.256523864981838;-0.0678401372053542;0.0624022056718942;0.660071584846978;3;2;12.9959925721864;10.8636611895602;9.71135805475109
47;Okinawa;2016;3;201603;2016-03-01;6;16;22;-0.931558204004943;;4.3;387696;32754;8646;0.102;2.29845862866011;-0.408510744703956;-0.775547442898439;-0.978592661973889;-2.18821241403366;3;2;12.8679768063502;10.3967803710098;9.06485206522758
1;Hokkaido;2016;4;201604;2016-04-01;4;13;17;-1.09861228866811;;3.4;1446915;142876;42503;0.148;1.05018644130883;1.15506053045198;1.45718277555058;1.58559285529077;0.0324835850936174;4;2;14.1849442616629;11.8697324001977;10.6573299406566
2;Aomori;2016;4;201604;2016-04-01;1;10;11;-1.94591014905531;;3.7;346066;45489;11475;0.158;1.46627717042593;-0.543373012838533;-0.27768324984266;-0.522790930206146;0.515243584903895;4;2;12.7543847872942;10.725225817469;9.34792603492875
3;Iwate;2016;4;201604;2016-04-01;2;3;5;-0.336472236621213;;2.8;359028;43490;13227;0.166;0.218004983074649;-0.499716749118706;-0.345803462981074;-0.294000510250448;0.901451584752117;4;2;12.791155658858;10.6802863055917;9.49001547402605
4;Miyagi;2016;4;201604;2016-04-01;8;11;19;-0.302280871872934;;3.5;692234;56839;16601;0.132;1.18888335101453;0.27974180618993;0.0599689576477079;0.0718381510055746;-0.739932414602825;4;2;13.4476793277289;10.9479779888121;9.71721821349408
5;Akita;2016;4;201604;2016-04-01;1;6;7;-1.46633706879343;;3.1;279712;41716;12262;0.188;0.634095712191742;-0.796102009045258;-0.40893172671044;-0.4159803822902;1.96352358433473;4;2;12.5415157813802;10.6386400272411;9.41426032832263
6;Yamagata;2016;4;201604;2016-04-01;1;9;10;-1.84582669049833;;2.5;316491;38499;11696;0.172;-0.198085746042444;-0.649435752018737;-0.530580046966003;-0.492074786030281;1.19110758463828;4;2;12.6650500841431;10.5583875459126;9.36700218198956
7;Fukushima;2016;4;201604;2016-04-01;0;9;9;-2.94443897916644;;3;559102;61063;17951;0.153;0.495398802486044;0.0261542876646414;0.168628105153471;0.197727141501941;0.273863584998756;4;2;13.2340872041859;11.0196613970832;9.79540110267107
8;Ibaraki;2016;4;201604;2016-04-01;2;6;8;-0.955511445027436;;3.1;745703;70559;23421;0.13;0.634095712191742;0.368077276124539;0.387729466291435;0.626016048303135;-0.836484414564881;4;2;13.5220826765894;11.1642045182446;10.0613883347884
9;Tochigi;2016;4;201604;2016-04-01;2;6;8;-0.955511445027436;;3;540328;46051;12915;0.126;0.495398802486044;-0.0143969472257108;-0.259070587148584;-0.332436886546856;-1.02958841448899;4;2;13.1999316415507;10.7375047569743;9.46614470552994
10;Gunma;2016;4;201604;2016-04-01;4;7;11;-0.510825623765991;;2.6;575622;51854;15504;0.137;-0.0593888363367464;0.0607261778390846;-0.0791691235195782;-0.0382420179300733;-0.498552414697687;4;2;13.2632064742517;10.8561873562944;9.64885333413055
11;Saitama;2016;4;201604;2016-04-01;4;15;19;-1.23676262714893;;3.3;1403364;141283;42190;0.113;0.911489531603137;1.11877636025078;1.44018717353915;1.57369126955997;-1.65717641424235;4;2;14.1543827694833;11.8585202500404;10.6499385051184
12;Chiba;2016;4;201604;2016-04-01;5;19;24;-1.26566637333128;;3;1122463;132337;35555;0.12;0.495398802486044;0.853607549926591;1.34103242489345;1.29818453447376;-1.31924441437516;4;2;13.9310359359172;11.7931069784259;10.4788360723176
13;Tokyo;2016;4;201604;2016-04-01;55;112;167;-0.706570200892086;;3.5;9415410;293472;71159;0.112;1.18888335101453;3.37868004908968;2.54827779813228;2.41538954710231;-1.70545241422338;4;2;16.0578582666558;12.5895375133587;11.1726720888424
14;Kanagawa;2016;4;201604;2016-04-01;16;36;52;-0.793951879681911;;3;2066390;200219;51311;0.114;0.495398802486044;1.57816057428762;1.96867297789311;1.88883997017781;-1.60890041426132;4;2;14.541313681418;12.207167046455;10.8456604331244
15;Niigata;2016;4;201604;2016-04-01;5;15;20;-1.03609193168678;;2.9;704034;77167;25772;0.16;0.356701892780346;0.299809441412303;0.523429717187838;0.780039312959202;0.611795584865951;4;2;13.4645819294285;11.2537271834854;10.1570439102585
16;Toyama;2016;4;201604;2016-04-01;0;3;3;-1.94591014905531;;2.4;357334;34897;11483;0.155;-0.336782655748142;-0.505331807954943;-0.679481174593992;-0.521668751601337;0.370415584960812;4;2;12.7864261976147;10.4601561446104;9.34862295977619
17;Ishikawa;2016;4;201604;2016-04-01;1;5;6;-1.29928298413026;;2.1;363033;31455;10835;0.137;-0.752873384865235;-0.48654614421769;-0.836888343567132;-0.615198087052921;-0.498552414697687;4;2;12.8022490182059;10.3563132320041;9.29053691397046
18;Fukui;2016;4;201604;2016-04-01;0;7;7;-2.70805020110221;;1.6;248618;23835;7852;0.151;-1.44635793339372;-0.936011165256501;-1.25738116728386;-1.13369947609046;0.177311585036701;4;2;12.4236728609082;10.0789103676389;8.96852355539635
19;Yamanashi;2016;4;201604;2016-04-01;0;5;5;-2.39789527279837;;2.7;206993;25152;6528;0.149;0.0793080733689514;-1.15355430781671;-1.17585683679026;-1.43104874755367;0.0807595850746452;4;2;12.2404402552506;10.1326926952289;8.78385589664394
20;Nagano;2016;4;201604;2016-04-01;2;10;12;-1.43508452528932;;2.7;600977;60791;19503;0.161;0.0793080733689514;0.111903200347393;0.161860929051401;0.331247748483279;0.660071584846978;4;2;13.3063119432343;11.0151970306815;9.87832357887258
21;Gifu;2016;4;201604;2016-04-01;1;9;10;-1.84582669049833;;2.5;566770;54457;16356;0.141;-0.198085746042444;0.0423266117919313;-0.00492528502631319;0.0478976935864203;-0.305448414773577;4;2;13.2477088566752;10.9051666784086;9.70235008148453
22;Shizuoka;2016;4;201604;2016-04-01;3;23;26;-1.90423745265475;;2.6;1111030;86456;29910;0.14;-0.0593888363367464;0.841452631818796;0.695723446995311;1.01980283185;-0.353724414754603;4;2;13.9207980709575;11.367390892983;10.305948151624
23;Aichi;2016;4;201604;2016-04-01;8;20;28;-0.880358722648092;;2.3;2704408;145707;40082;0.113;-0.47547956545384;1.89762603847706;1.48692412710843;1.4911597866457;-1.65717641424235;4;2;14.8103935923366;11.8893530349551;10.5986826347134
24;Mie;2016;4;201604;2016-04-01;3;8;11;-0.887303195000903;;2.1;470657;51337;15498;0.142;-0.752873384865235;-0.178293151259006;-0.0943581520794079;-0.0388652755188129;-0.257172414792549;4;2;13.0618848699127;10.8461670187482;9.6484662623239
25;Shiga;2016;4;201604;2016-04-01;1;11;12;-2.03688192726104;;2.6;365364;32440;8573;0.117;-0.0593888363367464;-0.478947287708403;-0.790149129439428;-0.992245519786244;-1.46407241431824;4;2;12.8086493959049;10.3871475082293;9.05637300867876
26;Kyoto;2016;4;201604;2016-04-01;6;14;20;-0.802346472524937;;3.2;718432;77812;20811;0.135;0.77279262189744;0.323844641549568;0.53604703407876;0.435770382825032;-0.595104414659742;4;2;13.4848263384079;11.2620509399177;9.94323697205341
27;Osaka;2016;4;201604;2016-04-01;13;39;52;-1.07361098646269;;4.5;3409835;234354;50020;0.126;2.57585244807151;2.17280816761678;2.20729492423093;1.84780884329698;-1.02958841448899;4;2;15.0421744609922;12.3645880716925;10.8201782044316
28;Hyogo;2016;4;201604;2016-04-01;8;20;28;-0.880358722648092;;3.7;1325770;133961;37642;0.133;1.46627717042593;1.05124694639154;1.359520902308;1.39002898603281;-0.691656414621798;4;2;14.0975039806861;11.8053039917952;10.5358757272505
29;Nara;2016;4;201604;2016-04-01;1;4;5;-1.09861228866811;;2.9;230013;36936;10913;0.141;0.356701892780346;-1.02835764960904;-0.593404090727487;-0.603648055469965;-0.305448414773577;4;2;12.3458911080472;10.5169419641868;9.29771001811309
30;Wakayama;2016;4;201604;2016-04-01;1;6;7;-1.46633706879343;;1.8;230747;34149;9173;0.161;-1.16896411398233;-1.02457501585401;-0.712325300442328;-0.88332182268908;0.660071584846978;4;2;12.3490771511972;10.4384885819933;9.12401966550966
31;Tottori;2016;4;201604;2016-04-01;0;8;8;-2.83321334405622;;2.4;156680;19443;6218;0.161;-0.336782655748142;-1.48417940739801;-1.56610517572273;-1.50938800765664;0.660071584846978;4;2;11.9619607877798;9.87524238709583;8.7352035906187
32;Shimane;2016;4;201604;2016-04-01;3;3;6;0 ;;1.7;199048;25240;8109;0.18;-1.30766102368803;-1.20002210485731;-1.17056265120553;-1.08184137692519;1.5773155844865;4;2;12.2013012806513;10.1361853166551;9.00072983494456
33;Okayama;2016;4;201604;2016-04-01;3;11;14;-1.18958406687384;;3;570830;59366;16520;0.147;0.495398802486044;0.0508010502499127;0.125905556532832;0.0639624635075451;-0.0157924148874103;4;2;13.2548467210173;10.9914769509003;9.71232704707497
34;Hiroshima;2016;4;201604;2016-04-01;5;9;14;-0.54654370636807;;2.9;962614;74969;21465;0.137;0.356701892780346;0.671212327353121;0.479626747267305;0.485592770667806;-0.498552414697687;4;2;13.7774077796889;11.2248299737393;9.97417898065866
35;Yamaguchi;2016;4;201604;2016-04-01;3;7;10;-0.762140052046897;;2.5;389416;43121;12903;0.167;-0.198085746042444;-0.403255194647856;-0.358719627964564;-0.333933689778414;0.949727584733145;4;2;12.8724034599308;10.6717653964086;9.46521512145185
36;Tokushima;2016;4;201604;2016-04-01;1;4;5;-1.09861228866811;;3;195496;26222;8256;0.164;0.495398802486044;-1.22139984942338;-1.11270574711524;-1.05291333505458;0.804899584790062;4;2;12.1832951978402;10.1743540320593;9.01869548772134
37;Kagawa;2016;4;201604;2016-04-01;1;5;6;-1.29928298413026;;2.8;309899;29723;9142;0.153;0.218004983074649;-0.674425452592661;-0.9227395347211;-0.888772634858383;0.273863584998756;4;2;12.6440017169233;10.2996764358639;9.12063445889169
38;Ehime;2016;4;201604;2016-04-01;1;7;8;-1.6094379124341;;2.5;390551;45669;12138;0.161;-0.198085746042444;-0.399799840421052;-0.271696985036422;-0.432346347697993;0.660071584846978;4;2;12.8753138415268;10.7291750097274;9.4040963063958
39;Kochi;2016;4;201604;2016-04-01;0;2;2;-1.6094379124341;;3.8;191007;25313;8058;0.176;1.60497408013163;-1.24897950900467;-1.16618487182313;-1.09200031258198;1.38421158456239;4;2;12.1600653555719;10.1390733767402;8.99442066575129
40;Fukuoka;2016;4;201604;2016-04-01;4;24;28;-1.69459572077441;;3.5;1600576;122105;36835;0.129;1.18888335101453;1.2748896351556;1.21905382594796;1.35513308720984;-0.884760414545909;4;2;14.2858741224256;11.7126366093013;10.5142037591169
41;Saga;2016;4;201604;2016-04-01;1;7;8;-1.6094379124341;;2.4;228417;20706;6670;0.149;-0.336782655748142;-1.03662438901058;-1.47070491080333;-1.39639876577894;0.0807595850746452;4;2;12.3389281848173;9.93817879232606;8.80537513890967
42;Nagasaki;2016;4;201604;2016-04-01;2;10;12;-1.43508452528932;;3;354420;42096;11886;0.159;0.495398802486044;-0.515053339584191;-0.395186306818155;-0.46612771176364;0.563519584884923;4;2;12.7782379295293;10.6477080032801;9.38311651592661
43;Kumamoto;2016;4;201604;2016-04-01;0;7;7;-2.70805020110221;;3.7;457463;54535;15918;0.157;1.46627717042593;-0.212050959550955;-0.00275569488978479;0.00419039025813481;0.466967584922867;4;2;13.0334512861103;10.9065979763628;9.6752058233658
44;Oita;2016;4;201604;2016-04-01;0;1;1;-1.09861228866811;;3.2;318857;33154;10026;0.162;0.77279262189744;-0.640593198097783;-0.757147993224681;-0.740148382561119;0.708347584828006;4;2;12.6724980053993;10.4089186519848;9.21293699782345
45;Miyazaki;2016;4;201604;2016-04-01;1;9;10;-1.84582669049833;;2.5;284057;31732;9393;0.159;-0.198085746042444;-0.777801219603914;-0.823598114766743;-0.845159860742896;0.563519584884923;4;2;12.5569302012303;10.3650809144219;9.14772000999452
46;Kagoshima;2016;4;201604;2016-04-01;3;7;10;-0.762140052046897;;3.1;439210;52368;16498;0.164;0.634095712191742;-0.260393870276266;-0.0642176195653109;0.0618167189820664;0.804899584790062;4;2;12.9927329375886;10.866050996741;9.71099444042068
47;Okinawa;2016;4;201604;2016-04-01;4;11;15;-0.93826963859293;;5.3;381266;32924;8622;0.104;3.68542772571709;-0.42836661159758;-0.767700371307439;-0.983068511861859;-2.0916604140716;4;2;12.8512525732363;10.4019571540925;9.06207235530708
1;Hokkaido;2016;5;201605;2016-05-01;1;21;22;-2.66258782702545;;3.4;1477923;143095;42613;0.148;1.05018644130883;1.18023503003481;1.45950444212399;1.5897547180252;0.0324835850936174;5;2;14.2061482817042;11.8712640243331;10.6599146500236
2;Aomori;2016;5;201605;2016-05-01;1;10;11;-1.94591014905531;;3.7;351502;45490;11442;0.158;1.46627717042593;-0.524868641893585;-0.277649927426497;-0.527428201526118;0.515243584903895;5;2;12.7699706801171;10.7252478005641;9.34504607482847
3;Iwate;2016;5;201605;2016-05-01;3;6;9;-0.619039208406224;;2.8;362111;43533;13323;0.166;0.218004983074649;-0.48956525836529;-0.344305462051382;-0.282356176852201;0.901451584752117;5;2;12.7997060736408;10.6812745501592;9.49724714396021
4;Miyagi;2016;5;201605;2016-05-01;5;15;20;-1.03609193168678;;3.5;695903;56990;16664;0.132;1.18888335101453;0.286017894254984;0.0639905859112127;0.0779371641899363;-0.739932414602825;5;2;13.4529655617879;10.950631092829;9.72100598294081
5;Akita;2016;5;201605;2016-05-01;2;3;5;-0.336472236621213;;3.1;283259;41806;12329;0.188;0.634095712191742;-0.781141252788372;-0.405664950117515;-0.407206218873006;1.96352358433473;5;2;12.5541169524367;10.6407951488817;9.41970948986855
6;Yamagata;2016;5;201605;2016-05-01;4;4;8;0 ;;2.5;318868;38578;11731;0.172;-0.198085746042444;-0.640552240745012;-0.527472769156051;-0.487263538278187;1.19110758463828;5;2;12.6725325030275;10.5604374447842;9.36999018950572
7;Fukushima;2016;5;201605;2016-05-01;3;8;11;-0.887303195000903;;3;564167;61089;18013;0.153;0.495398802486044;0.0368613727984755;0.169273388438128;0.203278894835523;0.273863584998756;5;2;13.2431055859422;11.0200870962186;9.79884899842356
8;Ibaraki;2016;5;201605;2016-05-01;6;11;17;-0.570544858467613;;3.1;752767;70679;23665;0.13;0.634095712191742;0.379271100561385;0.390305238389063;0.642704188775364;-0.836484414564881;5;2;13.5315110299482;11.1659037780596;10.0717524423403
9;Tochigi;2016;5;201605;2016-05-01;5;5;10;0 ;;3;544202;46234;13001;0.126;0.495398802486044;-0.00591505929882419;-0.253058874893392;-0.321750322193491;-1.02958841448899;5;2;13.207075780444;10.7414707371415;9.47278155656217
10;Gunma;2016;5;201605;2016-05-01;2;4;6;-0.587786664902119;;2.6;579432;52095;15639;0.137;-0.0593888363367464;0.0685586146241824;-0.0721404212409667;-0.0242821254197538;-0.498552414697687;5;2;13.2698035923401;10.8608242538463;9.65752307343621
11;Saitama;2016;5;201605;2016-05-01;5;27;32;-1.6094379124341;;3.3;1417762;141900;42448;0.113;0.911489531603137;1.13089506186799;1.44679253085771;1.58350788300802;-1.65717641424235;5;2;14.1645901299561;11.8628778631481;10.6560350763775
12;Chiba;2016;5;201605;2016-05-01;8;17;25;-0.722134717433198;;3;1137109;132754;35744;0.12;0.495398802486044;0.868998717390943;1.3458013343034;1.30672114394452;-1.31924441437516;5;2;13.9439996344527;11.796253070477;10.4841377018689
13;Tokyo;2016;5;201605;2016-05-01;50;149;199;-1.08532305654943;;3.5;9527270;294209;71786;0.112;1.18888335101453;3.39270208504814;2.55207972455994;2.42951516285582;-1.70545241422338;5;2;16.0696687707933;12.592045678116;11.1814447499516
14;Kanagawa;2016;5;201605;2016-05-01;12;28;40;-0.824175442966349;;3;2091210;200847;51567;0.114;0.495398802486044;1.59233602475122;1.97342000591022;1.89685350964533;-1.60890041426132;5;2;14.553253403784;12.2102987031561;10.8506372119963
15;Niigata;2016;5;201605;2016-05-01;4;16;20;-1.29928298413026;;2.9;711665;77207;25832;0.16;0.356701892780346;0.312608775363548;0.524215248473606;0.783783642901043;0.611795584865951;5;2;13.4753625740536;11.2542454054774;10.1593693124381
16;Toyama;2016;5;201605;2016-05-01;1;10;11;-1.94591014905531;;2.4;359799;34882;11509;0.155;-0.336782655748142;-0.497169902450195;-0.680132869261426;-0.518027062943054;0.370415584960812;5;2;12.7933008211729;10.4597262158286;9.35088461696849
17;Ishikawa;2016;5;201605;2016-05-01;2;5;7;-0.78845736036427;;2.1;367780;31431;10873;0.137;-0.752873384865235;-0.471122332622742;-0.838045347764088;-0.609560798588455;-0.498552414697687;5;2;12.8152402122948;10.3555499460211;9.29403793099775
18;Fukui;2016;5;201605;2016-05-01;3;5;8;-0.451985123743057;;1.6;250084;23907;7865;0.151;-1.44635793339372;-0.929030983241399;-1.25280912898058;-1.13103580970898;0.177311585036701;5;2;12.429552140409;10.0819265820659;8.97017781549238
19;Yamanashi;2016;5;201605;2016-05-01;0;4;4;-2.19722457733622;;2.7;208809;25237;6559;0.149;0.0793080733689514;-1.14318368909363;-1.17074283069937;-1.42342043577366;0.0807595850746452;5;2;12.24917523751;10.1360664506368;8.78859343129374
20;Nagano;2016;5;201605;2016-05-01;4;15;19;-1.23676262714893;;2.7;607718;60833;19767;0.161;0.0793080733689514;0.125146150381322;0.162907835001351;0.352897633770913;0.660071584846978;5;2;13.317466237563;11.0158876838695;9.89176915958193
21;Gifu;2016;5;201605;2016-05-01;2;4;6;-0.587786664902119;;2.5;571145;54561;16296;0.141;-0.198085746042444;0.0514560280864705;-0.00203318770263392;0.0419800611985632;-0.305448414773577;5;2;13.2553983968561;10.9070746207951;9.69867495790664
22;Shizuoka;2016;5;201605;2016-05-01;6;19;25;-1.09861228866811;;2.6;1120499;86645;30045;0.14;-0.0593888363367464;0.851528368846192;0.699033538829374;1.0270541193832;-0.353724414754603;5;2;13.929284679764;11.3695745900743;10.310451536768
23;Aichi;2016;5;201605;2016-05-01;19;32;51;-0.510825623765991;;2.3;2733293;145854;40372;0.113;-0.47547956545384;1.91023948497084;1.48845262760213;1.50276780988554;-1.65717641424235;5;2;14.8210176673599;11.8903614003569;10.6058917543588
24;Mie;2016;5;201605;2016-05-01;2;8;10;-1.22377543162212;;2.1;474328;51417;15507;0.142;-0.752873384865235;-0.169068832751666;-0.0919978424370117;-0.0379304795794059;-0.257172414792549;5;2;13.0696543444896;10.8477241360607;9.64904681386415
25;Shiga;2016;5;201605;2016-05-01;3;6;9;-0.619039208406224;;2.6;368002;32555;8589;0.117;-0.0593888363367464;-0.470405898166694;-0.78478504027394;-0.989243191056428;-1.46407241431824;5;2;12.8158436519189;10.390686245671;9.05823759376623
26;Kyoto;2016;5;201605;2016-05-01;2;17;19;-1.94591014905531;;3.2;726143;77909;21048;0.135;0.77279262189744;0.336519624079638;0.537935469984794;0.454003888186258;-0.595104414659742;5;2;13.4955022441079;11.2632967579197;9.95456082272013
27;Osaka;2016;5;201605;2016-05-01;14;45;59;-1.14356367653038;;4.5;3444968;234868;50478;0.126;2.57585244807151;2.18497833906627;2.21061587600777;1.86248516074419;-1.02958841448899;5;2;15.0524251735624;12.3667789331849;10.8292928767789
28;Hyogo;2016;5;201605;2016-05-01;10;21;31;-0.71667767797014;;3.7;1340577;134381;37851;0.133;1.46627717042593;1.06443338474576;1.36426592873584;1.3989445073525;-0.691656414621798;5;2;14.1086106762617;11.80843432803;10.5414126785959
29;Nara;2016;5;201605;2016-05-01;1;6;7;-1.46633706879343;;2.9;232864;37090;10912;0.141;0.356701892780346;-1.01373218255565;-0.587097208700853;-0.603795609739063;-0.305448414773577;5;2;12.3582098711468;10.5211026704836;9.29761838008324
30;Wakayama;2016;5;201605;2016-05-01;1;5;6;-1.29928298413026;;1.8;232330;34160;9207;0.161;-1.16896411398233;-1.01645789463757;-0.711837106479788;-0.877364653472631;0.660071584846978;5;2;12.3559140537693;10.4388106479025;9.12771934328785
31;Tottori;2016;5;201605;2016-05-01;0;9;9;-2.94443897916644;;2.4;158345;19478;6246;0.161;-0.336782655748142;-1.47162934463814;-1.5633789499809;-1.50215352711521;0.660071584846978;5;2;11.9725314758446;9.87704090252114;8.73969653784302
32;Shimane;2016;5;201605;2016-05-01;1;4;5;-1.09861228866811;;1.7;200865;25295;8172;0.18;-1.30766102368803;-1.18923350638766;-1.16726315043717;-1.06937995295649;1.5773155844865;5;2;12.2103883195978;10.138362026726;9.00846895593751
33;Okayama;2016;5;201605;2016-05-01;2;8;10;-1.22377543162212;;3;574774;59305;16604;0.147;0.495398802486044;0.0589758427306474;0.124347214036511;0.0721291046507696;-0.0157924148874103;5;2;13.2617321990394;10.9904488984634;9.71739890917293
34;Hiroshima;2016;5;201605;2016-05-01;4;19;23;-1.46633706879343;;2.9;971808;75173;21463;0.137;0.356701892780346;0.682498045060236;0.483745880893835;0.485442734704188;-0.498552414697687;5;2;13.7869135330666;11.2275474029135;9.97408580138167
35;Yamaguchi;2016;5;201605;2016-05-01;2;7;9;-1.09861228866811;;2.5;393336;43148;12947;0.167;-0.198085746042444;-0.391363653366932;-0.357770801788652;-0.328452200364169;0.949727584733145;5;2;12.8824194874118;10.6723913454953;9.46861938005865
36;Tokushima;2016;5;201605;2016-05-01;0;2;2;-1.6094379124341;;3;197460;26223;8307;0.164;0.495398802486044;-1.20953195124904;-1.11264794103076;-1.04299728802061;0.804899584790062;5;2;12.1932913111654;10.1743921672486;9.02485381183907
37;Kagawa;2016;5;201605;2016-05-01;0;5;5;-2.39789527279837;;2.8;313129;29671;9144;0.153;0.218004983074649;-0.662115071877274;-0.925393764533428;-0.88842041218162;0.273863584998756;5;2;12.6543705251908;10.2979254167951;9.12085320547465
38;Ehime;2016;5;201605;2016-05-01;3;7;10;-0.762140052046897;;2.5;392318;45748;12156;0.161;-0.198085746042444;-0.394440382976973;-0.269077126284657;-0.429960297431189;0.660071584846978;5;2;12.8798280143977;10.7309033539011;9.40557815403668
39;Kochi;2016;5;201605;2016-05-01;1;7;8;-1.6094379124341;;3.8;193103;25368;8167;0.176;1.60497408013163;-1.23602226577873;-1.16289487614525;-1.07036543922289;1.38421158456239;5;2;12.1709790042876;10.1412438162182;9.00785692335828
40;Fukuoka;2016;5;201605;2016-05-01;6;26;32;-1.40534255609059;;3.5;1621045;122328;37066;0.129;1.18888335101453;1.2899765576267;1.22181963878763;1.36519936962189;-0.884760414545909;5;2;14.2985815609741;11.714461240688;10.5204553863573
41;Saga;2016;5;201605;2016-05-01;0;6;6;-2.56494935746154;;2.4;231155;20724;6687;0.149;-0.336782655748142;-1.02247760713337;-1.46938776078567;-1.39230006455753;0.0807595850746452;5;2;12.350843760158;9.93904772793468;8.80792062205398
42;Nagasaki;2016;5;201605;2016-05-01;2;11;13;-1.52605630349505;;3;357118;42186;11965;0.159;0.495398802486044;-0.506049690417876;-0.391948987904289;-0.455461059962316;0.563519584884923;5;2;12.7858215383609;10.6498436914272;9.38974100034247
43;Kumamoto;2016;5;201605;2016-05-01;1;10;11;-1.94591014905531;;3.7;461316;54552;15846;0.157;1.46627717042593;-0.202093165708814;-0.00228324737435847;-0.00310929414590431;0.466967584922867;5;2;13.0418385535315;10.9069096542005;9.67067238152519
44;Oita;2016;5;201605;2016-05-01;1;6;7;-1.46633706879343;;3.2;323020;33193;10127;0.162;0.77279262189744;-0.625192751246388;-0.755365938610101;-0.724008835735384;0.708347584828006;5;2;12.6854695197925;10.4100942893005;9.22296040333229
45;Miyazaki;2016;5;201605;2016-05-01;1;6;7;-1.46633706879343;;2.5;286250;31842;9502;0.159;-0.198085746042444;-0.76867050630925;-0.818352562437453;-0.826582224690144;0.563519584884923;5;2;12.5646208338506;10.368541452056;9.15925758174687
46;Kagoshima;2016;5;201605;2016-05-01;3;7;10;-0.762140052046897;;3.1;443168;52555;16479;0.164;0.634095712191742;-0.249742716196135;-0.0588144448663331;0.0599612720564589;0.804899584790062;5;2;13.0017042096424;10.8696155192575;9.70984212201073
47;Okinawa;2016;5;201605;2016-05-01;5;14;19;-0.969400557188104;;5.3;390847;33111;8611;0.104;3.68542772571709;-0.398900359258389;-0.759115254110408;-0.985124108446312;-2.0916604140716;5;2;12.8760714580402;10.407620832441;9.06079573469617
1;Hokkaido;2016;6;201606;2016-06-01;0;13;13;-3.29583686600433;;3.4;1497874;143820;42471;0.148;1.05018644130883;1.19615493644484;1.46716505153959;1.58438010896439;0.0324835850936174;6;2;14.2195573273721;11.8763177966565;10.6565767690626
2;Aomori;2016;6;201606;2016-06-01;1;3;4;-0.847297860387204;;3.7;353849;45557;11405;0.158;1.46627717042593;-0.516967642252422;-0.275418992597702;-0.532643497417796;0.515243584903895;6;2;12.7766255474437;10.7267195681587;9.34180713471849
3;Iwate;2016;6;201606;2016-06-01;1;5;6;-1.29928298413026;;2.8;363043;43764;13246;0.166;0.218004983074649;-0.486513440994792;-0.336283302096123;-0.291689209037843;0.901451584752117;6;2;12.8022765635318;10.6865668405967;9.49145089904492
4;Miyagi;2016;6;201606;2016-06-01;0;16;16;-3.49650756146648;;3.5;700942;57337;16757;0.132;1.18888335101453;0.29458374811512;0.0731921073804318;0.0868984568402249;-0.739932414602825;6;2;13.4601804236493;10.9567014185709;9.72657136040072
5;Akita;2016;6;201606;2016-06-01;1;4;5;-1.09861228866811;;3.1;284347;41926;12271;0.188;0.634095712191742;-0.776589747143283;-0.40132017080907;-0.414798979747201;1.96352358433473;6;2;12.5579506023012;10.6436614385238;9.41499403397655
6;Yamagata;2016;6;201606;2016-06-01;1;7;8;-1.6094379124341;;2.5;319796;38700;11763;0.172;-0.198085746042444;-0.637102007295773;-0.522686667038246;-0.482877228361088;1.19110758463828;6;2;12.6754385714864;10.5635948790179;9.37271429096044
7;Fukushima;2016;6;201606;2016-06-01;3;14;17;-1.42138568093116;;3;566973;61444;18019;0.153;0.495398802486044;0.0427517734185834;0.17805661619429;0.203815146825515;0.273863584998756;6;2;13.2480669625284;11.025881469869;9.79918203572681
8;Ibaraki;2016;6;201606;2016-06-01;3;12;15;-1.27296567581289;;3.1;757539;71049;23595;0.13;0.634095712191742;0.386773662138334;0.398219760468448;0.637934273428195;-0.836484414564881;6;2;13.5378303001889;11.1711250588308;10.0687901041605
9;Tochigi;2016;6;201606;2016-06-01;3;5;8;-0.451985123743057;;3;547517;46491;12962;0.126;0.495398802486044;0.00129512946663979;-0.244656248840348;-0.326587767765108;-1.02958841448899;6;2;13.2131487904191;10.7470140244554;9.46977727898766
10;Gunma;2016;6;201606;2016-06-01;1;9;10;-1.84582669049833;;2.6;582242;52405;15718;0.137;-0.0593888363367464;0.0743023646900308;-0.0631470127452435;-0.0161687880465493;-0.498552414697687;6;2;13.2746414478497;10.8667572856043;9.66256183142612
11;Saitama;2016;6;201606;2016-06-01;3;20;23;-1.76766191764899;;3.3;1426711;142626;42437;0.113;0.911489531603137;1.13836551183221;1.45452811737415;1.58309056438486;-1.65717641424235;6;2;14.1708823531734;11.8679810985333;10.6557759021992
12;Chiba;2016;6;201606;2016-06-01;7;26;33;-1.26224171244991;;3;1143271;133518;35899;0.12;0.495398802486044;0.875415069131691;1.3544998808737;1.31368844607506;-1.31924441437516;6;2;13.9494040100374;11.8019915791942;10.4884647189352
13;Tokyo;2016;6;201606;2016-06-01;70;146;216;-0.731412718638899;;3.5;9564973;295617;71364;0.112;1.18888335101453;3.39739121377667;2.55931670185278;2.4200216184104;-1.70545241422338;6;2;16.0736183380611;12.5968199765514;11.1755488194946
14;Kanagawa;2016;6;201606;2016-06-01;19;35;54;-0.599118230911669;;3;2098375;202144;51608;0.114;0.495398802486044;1.59639688691082;1.9831771736536;1.89813323104784;-1.60890041426132;6;2;14.5566737936247;12.2167355936984;10.8514319782121
15;Niigata;2016;6;201606;2016-06-01;6;19;25;-1.09861228866811;;2.9;714317;77486;25854;0.16;0.356701892780346;0.317024811443335;0.529683036317877;0.785154385201401;0.611795584865951;6;2;13.4790821203839;11.2578525538618;10.1602206068439
16;Toyama;2016;6;201606;2016-06-01;6;9;15;-0.379489621704904;;2.4;360771;35016;11491;0.155;-0.336782655748142;-0.493966857838397;-0.674320968047429;-0.520547354526046;0.370415584960812;6;2;12.7959986870001;10.4635603788707;9.34931939925763
17;Ishikawa;2016;6;201606;2016-06-01;3;2;5;0.336472236621213;;2.1;368771;31546;10795;0.137;-0.752873384865235;-0.467927532230157;-0.832509374329333;-0.621153474185369;-0.498552414697687;6;2;12.8179311341672;10.3592020770474;9.28683834294891
18;Fukui;2016;6;201606;2016-06-01;2;7;9;-1.09861228866811;;1.6;250585;24030;7810;0.151;-1.44635793339372;-0.926654910101305;-1.24503032449506;-1.14233540668003;0.177311585036701;6;2;12.4315534633079;10.0870583287305;8.96316024283373
19;Yamanashi;2016;6;201606;2016-06-01;1;6;7;-1.46633706879343;;2.7;209817;25506;6528;0.149;0.0793080733689514;-1.13746616755237;-1.15467127745205;-1.43104874755367;0.0807595850746452;6;2;12.2539910012136;10.1466689975868;8.78385589664394
20;Nagano;2016;6;201606;2016-06-01;0;18;18;-3.61091791264422;;2.7;608651;61148;19594;0.161;0.0793080733689514;0.126967481977205;0.170736666985406;0.338743320368523;0.660071584846978;6;2;13.3190003118168;11.0210524341209;9.88297867590459
21;Gifu;2016;6;201606;2016-06-01;0;5;5;-2.39789527279837;;2.5;572262;54913;16143;0.141;-0.198085746042444;0.0537756921834553;0.00771470670851224;0.0267909198083234;-0.305448414773577;6;2;13.2573522074508;10.9135053936375;9.68924179815753
22;Shizuoka;2016;6;201606;2016-06-01;7;12;19;-0.510825623765991;;2.6;1121929;87195;30142;0.14;-0.0593888363367464;0.853042593192997;0.708625161116725;1.0322442160282;-0.353724414754603;6;2;13.9305600832051;11.3759022688036;10.3136748269796
23;Aichi;2016;6;201606;2016-06-01;12;32;44;-0.955511445027436;;2.3;2740883;146892;40397;0.113;-0.47547956545384;1.91353175868054;1.49920206777008;1.50376459455034;-1.65717641424235;6;2;14.8237906892225;11.8974529018635;10.6065108037663
24;Mie;2016;6;201606;2016-06-01;5;3;8;0.451985123743057;;2.1;475188;51677;15604;0.142;-0.752873384865235;-0.166918186810557;-0.0843521201146157;-0.0278897515881199;-0.257172414792549;6;2;13.0714657941865;10.8527680872359;9.65528257062655
25;Shiga;2016;6;201606;2016-06-01;3;5;8;-0.451985123743057;;2.6;369071;32701;8573;0.117;-0.0593888363367464;-0.466962080551769;-0.778002212746573;-0.992245519786244;-1.46407241431824;6;2;12.818744316438;10.3951609374575;9.05637300867876
26;Kyoto;2016;6;201606;2016-06-01;4;10;14;-0.847297860387204;;3.2;728845;78327;20973;0.135;0.77279262189744;0.340929222786151;0.546046459675755;0.448256091833714;-0.595104414659742;6;2;13.4992163683565;11.2686476501257;9.95099117518009
27;Osaka;2016;6;201606;2016-06-01;19;53;72;-1.00926718833226;;4.5;3458994;236496;50506;0.126;2.57585244807151;2.18980235435788;2.22108661562222;1.86337807859349;-1.02958841448899;6;2;15.0564883533124;12.3736865734519;10.8298474200871
28;Hyogo;2016;6;201606;2016-06-01;5;21;26;-1.36330484289519;;3.7;1344033;135208;37937;0.133;1.46627717042593;1.06749017335407;1.37356591585366;1.40259880755914;-0.691656414621798;6;2;14.1111853533352;11.8145696124381;10.5436821681433
29;Nara;2016;6;201606;2016-06-01;3;5;8;-0.451985123743057;;2.9;233924;37356;11025;0.141;0.356701892780346;-1.00834006235373;-0.576264931636004;-0.587206958342261;-0.305448414773577;6;2;12.3627515552606;10.5282488202296;9.30792070031505
30;Wakayama;2016;6;201606;2016-06-01;1;3;4;-0.847297860387204;;1.8;232921;34229;9246;0.161;-1.16896411398233;-1.01344160504736;-0.708778380107541;-0.870558459796097;0.660071584846978;6;2;12.3584546192614;10.4408285169578;9.13194630454817
31;Tottori;2016;6;201606;2016-06-01;0;7;7;-2.70805020110221;;2.4;158750;19542;6155;0.161;-0.336782655748142;-1.46859658144016;-1.55840649635757;-1.52578542011429;0.660071584846978;6;2;11.9750859167549;9.88032127450429;8.72502003861855
32;Shimane;2016;6;201606;2016-06-01;2;5;7;-0.78845736036427;;1.7;201226;25424;8102;0.18;-1.30766102368803;-1.18710166150061;-1.15955238294978;-1.08323195152557;1.5773155844865;6;2;12.212183933511;10.1434488887765;8.99986622376264
33;Okayama;2016;6;201606;2016-06-01;4;5;9;-0.200670695462151;;3;576219;59526;16619;0.147;0.495398802486044;0.0619568842780978;0.129985416479753;0.073583084787852;-0.0157924148874103;6;2;13.2642430757505;10.994168470878;9.71830189812752
34;Hiroshima;2016;6;201606;2016-06-01;3;16;19;-1.55059741241117;;2.9;975067;75525;21413;0.137;0.356701892780346;0.686472882151945;0.490827190904029;0.481687284824753;-0.498552414697687;6;2;13.7902614655677;11.2322190062549;9.97175349320622
35;Yamaguchi;2016;6;201606;2016-06-01;2;9;11;-1.33500106673234;;2.5;393821;43400;12835;0.167;-0.198085746042444;-0.389900623918914;-0.348943613821981;-0.342441957714443;0.949727584733145;6;2;12.8836517703271;10.6782147200885;9.45993109330524
36;Tokushima;2016;6;201606;2016-06-01;2;7;9;-1.09861228866811;;3;198045;26347;8279;0.164;0.495398802486044;-1.20601977064153;-1.10549701712798;-1.04843383085445;0.804899584790062;6;2;12.1962495565814;10.1791096954955;9.02147746713881
37;Kagawa;2016;6;201606;2016-06-01;1;5;6;-1.29928298413026;;2.8;314021;29876;9153;0.153;0.218004983074649;-0.658737797410039;-0.914956821013879;-0.886836362904433;0.273863584998756;6;2;12.657215141635;10.304810761477;9.12183697338478
38;Ehime;2016;6;201606;2016-06-01;0;7;7;-2.70805020110221;;2.5;392797;45921;12061;0.161;-0.198085746042444;-0.392991694757486;-0.263355733448035;-0.442593443643475;0.660071584846978;6;2;12.8810482179587;10.7346778077598;9.39773238558324
39;Kochi;2016;6;201606;2016-06-01;1;8;9;-1.73460105538811;;3.8;193532;25526;8166;0.176;1.60497408013163;-1.2333875793121;-1.15348314441588;-1.07056260887481;1.38421158456239;6;2;12.1731981524561;10.1474528195426;9.00773447187952
40;Fukuoka;2016;6;201606;2016-06-01;9;29;38;-1.13309846473928;;3.5;1631216;123044;37004;0.129;1.18888335101453;1.29740251265796;1.2306660453559;1.36250376943665;-0.884760414545909;6;2;14.304836306924;11.720297293964;10.5187812938912
41;Saga;2016;6;201606;2016-06-01;0;6;6;-2.56494935746154;;2.4;231845;20876;6813;0.149;-0.336782655748142;-1.01893892904179;-1.45831056497097;-1.36224238715722;0.0807595850746452;6;2;12.3538243239196;9.9463554527633;8.82658783077367
42;Nagasaki;2016;6;201606;2016-06-01;4;8;12;-0.635988766719997;;3;357960;42391;11886;0.159;0.495398802486044;-0.503253726828508;-0.384600802965766;-0.46612771176364;0.563519584884923;6;2;12.7881765272968;10.6546913545379;9.38311651592661
43;Kumamoto;2016;6;201606;2016-06-01;2;18;20;-2.00148000021012;;3.7;463511;54782;15852;0.157;1.46627717042593;-0.196457470781074;0.00409425872197549;-0.00249972156228531;0.466967584922867;6;2;13.0465853961768;10.9111169518257;9.67105095431033
44;Oita;2016;6;201606;2016-06-01;2;11;13;-1.52605630349505;;3.2;325113;33322;10029;0.162;0.77279262189744;-0.617524801822208;-0.749486331555838;-0.739666651529729;0.708347584828006;6;2;12.6919280931886;10.413973118489;9.21323617508821
45;Miyazaki;2016;6;201606;2016-06-01;3;12;15;-1.27296567581289;;2.5;286993;32076;9473;0.159;-0.198085746042444;-0.76559283006139;-0.807253858587873;-0.831504009059938;0.563519584884923;6;2;12.5672131042004;10.3758633659269;9.15620092587553
46;Kagoshima;2016;6;201606;2016-06-01;0;12;12;-3.2188758248682;;3.1;444597;52718;16474;0.164;0.634095712191742;-0.245920570649368;-0.0541203853146837;0.0594726409840943;0.804899584790062;6;2;13.0049235328511;10.8727122321897;9.70953865950119
47;Okinawa;2016;6;201606;2016-06-01;3;17;20;-1.6094379124341;;5.3;394705;33232;8670;0.104;3.68542772571709;-0.387238617703465;-0.75358597658554;-0.974129219170124;-2.0916604140716;6;2;12.8858939294197;10.4112685461159;9.06762406977459
1;Hokkaido;2016;7;201607;2016-07-01;3;13;16;-1.34992671694902;;3.9;1505171;144308;42337;0.148;1.74367098983732;1.20192467317488;1.47229972010143;1.57929178950755;0.0324835850936174;7;2;14.2244170709732;11.8797051832807;10.6534166871951
2;Aomori;2016;7;201607;2016-07-01;1;10;11;-1.94591014905531;;3.2;354282;45682;11419;0.158;0.77279262189744;-0.515515707903789;-0.271265557667652;-0.530668155122597;0.515243584903895;7;2;12.7778484851599;10.7294596262086;9.34303391370165
3;Iwate;2016;7;201607;2016-07-01;1;7;8;-1.6094379124341;;2.3;363334;43819;13213;0.166;-0.47547956545384;-0.485562171513165;-0.334379505384296;-0.295705699777859;0.901451584752117;7;2;12.8030778003979;10.6878227922592;9.48895647241422
4;Miyagi;2016;7;201607;2016-07-01;5;16;21;-1.09861228866811;;3.1;705151;57524;16741;0.132;0.634095712191742;0.30169160725844;0.0781277878948164;0.0853602768100373;-0.739932414602825;7;2;13.4661672432574;10.9599575310063;9.72561607941578
5;Akita;2016;7;201607;2016-07-01;0;8;8;-2.83321334405622;;2.7;284653;41893;12284;0.188;0.0793080733689514;-0.775312773780825;-0.402513744204905;-0.413094038232974;1.96352358433473;7;2;12.5590261735824;10.6428740275143;9.41605288156071
6;Yamagata;2016;7;201607;2016-07-01;0;8;8;-2.83321334405622;;2.2;319582;38831;11763;0.172;-0.614176475159537;-0.637896754002264;-0.517564261406652;-0.482877228361088;1.19110758463828;7;2;12.6747691708877;10.5669741756776;9.37271429096044
7;Fukushima;2016;7;201607;2016-07-01;2;12;14;-1.6094379124341;;2.6;567556;61696;17920;0.153;-0.0593888363367464;0.0439719582661767;0.184260728356641;0.194944070096124;0.273863584998756;7;2;13.2490947018834;11.0299743779702;9.79367268652892
8;Ibaraki;2016;7;201607;2016-07-01;2;14;16;-1.75785791755237;;2.5;757778;71254;23591;0.13;-0.198085746042444;0.387148175265688;0.402587107962176;0.637661279580144;-0.836484414564881;7;2;13.5381457457385;11.174006236906;10.0686205623468
9;Tochigi;2016;7;201607;2016-07-01;1;7;8;-1.6094379124341;;2.6;548352;46646;12967;0.126;-0.0593888363367464;0.00310438768414059;-0.23961094300807;-0.32596676966246;-1.02958841448899;7;2;13.2146726954873;10.7503424576903;9.47016294754888
10;Gunma;2016;7;201607;2016-07-01;3;12;15;-1.27296567581289;;2.2;582936;52601;15746;0.137;-0.614176475159537;0.0757166592857469;-0.0574882680101368;-0.0133029592394876;-0.498552414697687;7;2;13.2758326822913;10.8704904099519;9.66434164374441
11;Saitama;2016;7;201607;2016-07-01;3;22;25;-1.86075234071501;;3.1;1427615;143331;42671;0.113;0.634095712191742;1.13911754588717;1.46200235511192;1.59194483106167;-1.65717641424235;7;2;14.1715157776878;11.8729119197994;10.6612748115765
12;Chiba;2016;7;201607;2016-07-01;5;13;18;-0.897941593205959;;2.9;1146819;134049;36076;0.12;0.356701892780346;0.879093851059721;1.36051632911438;1.32160795950392;-1.31924441437516;7;2;13.9525025806951;11.8059606837333;10.4933831032856
13;Tokyo;2016;7;201607;2016-07-01;53;129;182;-0.883999227237632;;2.7;9578922;296604;71639;0.112;0.0793080733689514;3.39912137065476;2.56436926086196;2.42621451904812;-1.70545241422338;7;2;16.0750756175195;12.6001531947717;11.1793948973949
14;Kanagawa;2016;7;201607;2016-07-01;13;19;32;-0.367724780125317;;3.4;2097280;203210;51423;0.114;1.05018644130883;1.59577717906406;1.99114979954741;1.89235080201559;-1.60890041426132;7;2;14.5561518250525;12.221995206074;10.8478408221752
15;Niigata;2016;7;201607;2016-07-01;0;16;16;-3.49650756146648;;2.6;714871;77518;25778;0.16;-0.0593888363367464;0.317945246309648;0.530308907163629;0.780414138014722;0.611795584865951;7;2;13.4798573858182;11.2582654464382;10.1572766939647
16;Toyama;2016;7;201607;2016-07-01;1;4;5;-1.09861228866811;;2.1;361119;35025;11454;0.155;-0.752873384865235;-0.492822186291035;-0.673931413914148;-0.525740375417276;0.370415584960812;7;2;12.7969628228849;10.4638173712052;9.3460942929538
17;Ishikawa;2016;7;201607;2016-07-01;0;4;4;-2.19722457733622;;2.1;369234;31557;10800;0.137;-0.752873384865235;-0.466437847452777;-0.831980904344759;-0.620407845109576;-0.498552414697687;7;2;12.8191858683783;10.3595507134074;9.28730141311231
18;Fukui;2016;7;201607;2016-07-01;0;9;9;-2.94443897916644;;2.1;250434;24119;7838;0.151;-0.752873384865235;-0.927370551409114;-1.23942654713347;-1.13657297633625;0.177311585036701;7;2;12.430950691738;10.0907551906118;8.96673897875958
19;Yamanashi;2016;7;201607;2016-07-01;0;1;1;-1.09861228866811;;2.1;210103;25572;6429;0.149;-0.752873384865235;-1.13584893610909;-1.1507539674957;-1.45565498545709;0.0807595850746452;7;2;12.255353165646;10.1492532818866;8.76857428414169
20;Nagano;2016;7;201607;2016-07-01;3;8;11;-0.887303195000903;;2;609172;61312;19414;0.161;-0.891570294570933;0.127983324092126;0.174796680652046;0.32388300812265;0.660071584846978;7;2;13.3198559370296;11.0237308613305;9.87374973427217
21;Gifu;2016;7;201607;2016-07-01;6;10;16;-0.479573080261886;;2.3;573041;54973;16232;0.141;-0.47547956545384;0.0553907562788092;0.0093700442771784;0.0356438564245835;-0.305448414773577;7;2;13.2587125463657;10.9145974345884;9.69473988150565
22;Shizuoka;2016;7;201607;2016-07-01;7;12;19;-0.510825623765991;;2.5;1121932;87438;30116;0.14;-0.198085746042444;0.853045767858266;0.712843659451764;1.03085469637709;-0.353724414754603;7;2;13.9305627571676;11.3786852497618;10.31281187097
23;Aichi;2016;7;201607;2016-07-01;11;34;45;-1.09861228866811;;2.1;2740412;147205;40321;0.113;-0.752873384865235;1.91332772100461;1.50242856688273;1.50073245378489;-1.65717641424235;7;2;14.8236188320241;11.8995814520913;10.604627704025
24;Mie;2016;7;201607;2016-07-01;2;8;10;-1.22377543162212;;2.1;474625;51723;15614;0.142;-0.752873384865235;-0.168325669208817;-0.0830034213351678;-0.0268581762050222;-0.257172414792549;7;2;13.0702802975341;10.853657835844;9.65592322668024
25;Shiga;2016;7;201607;2016-07-01;2;6;8;-0.955511445027436;;2.6;369184;32850;8576;0.117;-0.0593888363367464;-0.466598630541108;-0.771111163748929;-0.991682156566177;-1.46407241431824;7;2;12.819050443727;10.3997070239128;9.05672288331058
26;Kyoto;2016;7;201607;2016-07-01;10;22;32;-0.762140052046897;;3;729188;78735;21080;0.135;0.495398802486044;0.341487820830028;0.553921769699861;0.456450050389189;-0.595104414659742;7;2;13.4996868652607;11.2738430623545;9.9560800026553
27;Osaka;2016;7;201607;2016-07-01;11;54;65;-1.55585366629999;;4.1;3459835;237334;50531;0.126;2.02106480924872;2.19009098074752;2.22644827919877;1.86417490846436;-1.02958841448899;7;2;15.0567314580355;12.3772237107108;10.8303422883138
28;Hyogo;2016;7;201607;2016-07-01;8;18;26;-0.777704568588008;;3.4;1345007;135575;37854;0.133;1.05018644130883;1.06835024444346;1.37767478752551;1.39907212264564;-0.691656414621798;7;2;14.1119097754655;11.8172802717093;10.5414919335989
29;Nara;2016;7;201607;2016-07-01;2;7;9;-1.09861228866811;;3.2;234181;37480;10907;0.141;0.77279262189744;-1.00703640780893;-0.571241631133307;-0.604533583976464;-0.305448414773577;7;2;12.3638495996131;10.5315627363524;9.29716006392874
30;Wakayama;2016;7;201607;2016-07-01;2;8;10;-1.22377543162212;;2.4;233053;34280;9253;0.161;-0.336782655748142;-1.01276896163396;-0.706521542704351;-0.86933987476331;0.660071584846978;7;2;12.3590211744921;10.4423173727117;9.13270310224903
31;Tottori;2016;7;201607;2016-07-01;1;5;6;-1.29928298413026;;2.4;158736;19568;6185;0.161;-0.336782655748142;-1.46870128853085;-1.55639108714742;-1.5179562995341;0.660071584846978;7;2;11.9749977238897;9.88165085792695;8.72988228482659
32;Shimane;2016;7;201607;2016-07-01;0;1;1;-1.09861228866811;;1.4;201253;25482;8059;0.18;-1.72375175280512;-1.18694236979019;-1.15609826748443;-1.09180050046279;1.5773155844865;7;2;12.212318102002;10.1457275995413;8.99454475832451
33;Okayama;2016;7;201607;2016-07-01;1;14;15;-2.26868354131836;;2.8;576130;59662;16533;0.147;0.218004983074649;0.0617734930265745;0.133444684464157;0.0652290607038388;-0.0157924148874103;7;2;13.2640886086573;10.9964505808055;9.71311366255135
34;Hiroshima;2016;7;201607;2016-07-01;2;14;16;-1.75785791755237;;2.7;975140;75637;21330;0.137;0.0793080733689514;0.686561764349853;0.49307341517548;0.475433835011019;-0.498552414697687;7;2;13.7903363294156;11.2337008604311;9.9678698114654
35;Yamaguchi;2016;7;201607;2016-07-01;0;3;3;-1.94591014905531;;2.5;393602;43332;12836;0.167;-0.198085746042444;-0.390561026354161;-0.351320493970398;-0.34231650985801;0.949727584733145;7;2;12.8830955254481;10.6766466710655;9.46000900222975
36;Tokushima;2016;7;201607;2016-07-01;1;5;6;-1.29928298413026;;2.7;198112;26403;8300;0.164;0.0793080733689514;-1.20561818321329;-1.10227859230575;-1.04435470385614;0.804899584790062;7;2;12.196587806319;10.1812329190419;9.02401079378469
37;Kagawa;2016;7;201607;2016-07-01;0;5;5;-2.39789527279837;;2.6;313927;29861;9192;0.153;-0.0593888363367464;-0.659093246012764;-0.915718067853429;-0.879990099937881;0.273863584998756;7;2;12.6569157537853;10.3043085601506;9.12608881952859
38;Ehime;2016;7;201607;2016-07-01;0;8;8;-2.83321334405622;;2.8;393063;45899;12047;0.161;0.218004983074649;-0.392187966744555;-0.264082112052631;-0.444463578534771;0.660071584846978;7;2;12.8817251833474;10.7341986093189;9.39657094526685
39;Kochi;2016;7;201607;2016-07-01;0;5;5;-2.39789527279837;;3;193227;25556;8149;0.176;0.495398802486044;-1.2352601237669;-1.15170268919774;-1.07391819223166;1.38421158456239;7;2;12.171620942549;10.1486274017222;9.00565049932022
40;Fukuoka;2016;7;201607;2016-07-01;8;20;28;-0.880358722648092;;3.6;1632313;123332;36901;0.129;1.32758026072023;1.29820067604794;1.23420986758879;1.35801559512368;-0.884760414545909;7;2;14.3055085853327;11.7226351850831;10.5159939299324
41;Saga;2016;7;201607;2016-07-01;0;3;3;-1.94591014905531;;2.5;232062;20943;6757;0.149;-0.198085746042444;-1.01782821701138;-1.45345344116394;-1.37553213301677;0.0807595850746452;7;2;12.3547598563251;9.94955974063851;8.81833428355217
42;Nagasaki;2016;7;201607;2016-07-01;1;7;8;-1.6094379124341;;2.8;358647;42525;11843;0.159;0.218004983074649;-0.50097732744133;-0.379816779806543;-0.471963446272936;0.563519584884923;7;2;12.7900938968186;10.6578474172641;9.37949225472149
43;Kumamoto;2016;7;201607;2016-07-01;2;10;12;-1.43508452528932;;3;464743;54947;15912;0.157;0.495398802486044;-0.19330597471352;0.00865295326492316;0.00358334559103739;0.466967584922867;7;2;13.049239843609;10.914124363255;9.67482882053381
44;Oita;2016;7;201607;2016-07-01;2;8;10;-1.22377543162212;;2.5;325094;33387;10051;0.162;-0.198085746042444;-0.617594188260715;-0.746532357296657;-0.736138354188802;0.708347584828006;7;2;12.691869650262;10.4159218816415;9.21542741102474
45;Miyazaki;2016;7;201607;2016-07-01;1;6;7;-1.46633706879343;;2.9;287171;32199;9407;0.159;0.356701892780346;-0.764856696372574;-0.801452346530746;-0.842761710996874;0.563519584884923;7;2;12.5678331361275;10.3796906751496;9.14920937197195
46;Kagoshima;2016;7;201607;2016-07-01;3;5;8;-0.451985123743057;;3;445014;52686;16441;0.164;0.495398802486044;-0.244807536271215;-0.0550407724553723;0.0562439516633056;0.804899584790062;7;2;13.0058610213277;10.8721050445881;9.70753349401088
47;Okinawa;2016;7;201607;2016-07-01;5;16;21;-1.09861228866811;;4.1;395756;33346;8741;0.104;2.02106480924872;-0.384081468108168;-0.748394962900105;-0.960996850335152;-2.0916604140716;7;2;12.8885531387149;10.4146931041204;9.07577987858049
1;Hokkaido;2016;8;201608;2016-08-01;2;15;17;-1.82454929205105;;3.9;1507829;144773;42326;0.148;1.74367098983732;1.20401940578471;1.47717625595916;1.57887337660784;0.0324835850936174;8;2;14.2261814258949;11.8829222774588;10.6531568334204
2;Aomori;2016;8;201608;2016-08-01;0;5;5;-2.39789527279837;;3.2;354167;45571;11394;0.158;0.77279262189744;-0.515901152435401;-0.274953241547177;-0.534197253892973;0.515243584903895;8;2;12.7775238322886;10.7270268282787;9.34084218004034
3;Iwate;2016;8;201608;2016-08-01;2;3;5;-0.336472236621213;;2.3;363239;43833;13213;0.166;-0.47547956545384;-0.485872639616616;-0.333895284125689;-0.295705699777859;0.901451584752117;8;2;12.8028162987992;10.6881422373402;9.48895647241422
4;Miyagi;2016;8;201608;2016-08-01;3;12;15;-1.27296567581289;;3.1;707189;57568;16741;0.132;0.634095712191742;0.305118005652855;0.0792867926118567;0.0853602768100373;-0.739932414602825;8;2;13.469053235886;10.9607221367503;9.72561607941578
5;Akita;2016;8;201608;2016-08-01;2;4;6;-0.587786664902119;;2.7;284319;41949;12290;0.188;0.0793080733689514;-0.776706662996882;-0.400488841759351;-0.412307750615622;1.96352358433473;8;2;12.5578521262185;10.644209873709;9.41654120256008
6;Yamagata;2016;8;201608;2016-08-01;1;8;9;-1.73460105538811;;2.2;319814;38901;11750;0.172;-0.614176475159537;-0.637035183691557;-0.514834177729948;-0.484657725925678;1.19110758463828;8;2;12.6754948557846;10.568775236217;9.37160851957231
7;Fukushima;2016;8;201608;2016-08-01;2;10;12;-1.43508452528932;;2.6;567455;61706;17971;0.153;-0.0593888363367464;0.0437606609696423;0.184506400234449;0.199520121989419;0.273863584998756;8;2;13.2489167300395;11.0301364498981;9.79651462653202
8;Ibaraki;2016;8;201608;2016-08-01;3;8;11;-0.887303195000903;;2.5;757991;71487;23631;0.13;-0.198085746042444;0.387481846848582;0.407535740595052;0.640389137520109;-0.836484414564881;8;2;13.5384267912031;11.1772708939694;10.0703146883714
9;Tochigi;2016;8;201608;2016-08-01;4;6;10;-0.367724780125317;;2.6;549074;46707;12996;0.126;-0.0593888363367464;0.00466658055334219;-0.237629966795057;-0.322369695959791;-1.02958841448899;8;2;13.2159885019365;10.7516493253578;9.47239689678899
10;Gunma;2016;8;201608;2016-08-01;3;13;16;-1.34992671694902;;2.2;583135;52740;15791;0.137;-0.614176475159537;0.0761218884762632;-0.0534879431750178;-0.00870782226425734;-0.498552414697687;8;2;13.2761739994185;10.8731294599073;9.66719543646664
11;Saitama;2016;8;201608;2016-08-01;4;21;25;-1.56397553835734;;3.1;1428786;143749;42744;0.113;0.634095712191742;1.14009098855668;1.46641654787103;1.59469712524251;-1.65717641424235;8;2;14.1723356906241;11.8758240021137;10.6629841136376
12;Chiba;2016;8;201608;2016-08-01;5;24;29;-1.49392502531226;;2.9;1146848;134062;36198;0.12;0.356701892780346;0.879123873104454;1.36066332540073;1.32704401877146;-1.31924441437516;8;2;13.9525278677136;11.8060576584938;10.4967591476688
13;Tokyo;2016;8;201608;2016-08-01;56;126;182;-0.80600167001518;;2.7;9597670;296917;71617;0.112;0.0793080733689514;3.40144280438787;2.56596803064304;2.4257199625701;-1.70545241422338;8;2;16.0770309186463;12.6012079174488;11.1790877549343
14;Kanagawa;2016;8;201608;2016-08-01;10;37;47;-1.27296567581289;;3.4;2097439;203596;51732;0.114;1.05018644130883;1.59586718411611;1.99402638796977;1.90199742990434;-1.60890041426132;8;2;14.5562276346598;12.2238929171001;10.8538318245351
15;Niigata;2016;8;201608;2016-08-01;3;20;23;-1.76766191764899;;2.6;714535;77541;25848;0.16;-0.0593888363367464;0.317387089380344;0.530758592269354;0.784780662103425;0.611795584865951;8;2;13.4793872604567;11.2585621077113;10.1599885075043
16;Toyama;2016;8;201608;2016-08-01;1;3;4;-0.847297860387204;;2.1;360266;34928;11401;0.155;-0.752873384865235;-0.495629912538902;-0.678135226161895;-0.53320832631437;0.370415584960812;8;2;12.7945979264772;10.4610440787897;9.34145634983372
17;Ishikawa;2016;8;201608;2016-08-01;2;5;7;-0.78845736036427;;2.1;369077;31565;10801;0.137;-0.752873384865235;-0.466942779523845;-0.831596678228205;-0.620258760718897;-0.498552414697687;8;2;12.8187605733404;10.3598041908017;9.28739400141847
18;Fukui;2016;8;201608;2016-08-01;1;5;6;-1.29928298413026;;2.1;250375;24147;7826;0.151;-0.752873384865235;-0.927650290091382;-1.23766783639881;-1.13904006460296;0.177311585036701;8;2;12.4307150729681;10.0919154277618;8.96520680277036
19;Yamanashi;2016;8;201608;2016-08-01;;;;;;2.1;209916;25654;6530;0.149;-0.752873384865235;-1.13690610733669;-1.14590106661482;-1.43055550633052;0.0807595850746452;8;2;12.2544627296783;10.1524547838598;8.78416222227048
20;Nagano;2016;8;201608;2016-08-01;3;13;16;-1.34992671694902;;2;609178;61390;19253;0.161;-0.891570294570933;0.12799501778865;0.176723853474358;0.310474083831815;0.660071584846978;8;2;13.3198657864161;11.0250022344215;9.86542217172934
21;Gifu;2016;8;201608;2016-08-01;2;7;9;-1.09861228866811;;2.3;572776;54966;16266;0.141;-0.47547956545384;0.0548415907656304;0.00917701468142074;0.0390130694609694;-0.305448414773577;8;2;13.2582499943094;10.9144700912433;9.69683231872672
22;Shizuoka;2016;8;201608;2016-08-01;4;16;20;-1.29928298413026;;2.5;1119877;87561;30191;0.14;-0.198085746042444;0.850869131017542;0.714974481877554;1.03485967123206;-0.353724414754603;8;2;13.9287294158119;11.3800909723116;10.3152991457032
23;Aichi;2016;8;201608;2016-08-01;15;27;42;-0.573345980747325;;2.1;2738427;147395;40515;0.113;-0.752873384865235;1.91246743149403;1.50438380007636;1.5084611062675;-1.65717641424235;8;2;14.8228942259216;11.9008713368595;10.6094275548948
24;Mie;2016;8;201608;2016-08-01;3;8;11;-0.887303195000903;;2.1;474203;51839;15539;0.142;-0.752873384865235;-0.169381751167156;-0.0796076738731752;-0.0346111489745031;-0.257172414792549;8;2;13.069390779038;10.8558980407166;9.65110827178673
25;Shiga;2016;8;201608;2016-08-01;1;10;11;-1.94591014905531;;2.6;369237;32922;8520;0.117;-0.0593888363367464;-0.466428201159856;-0.767792454049012;-1.00223090905619;-1.46407241431824;8;2;12.8191939932742;10.401896406287;9.05017161982336
26;Kyoto;2016;8;201608;2016-08-01;3;17;20;-1.6094379124341;;3;725945;78883;21099;0.135;0.495398802486044;0.336195847901325;0.556768417079275;0.4579007028616;-0.595104414659742;8;2;13.4952295333614;11.2757210210077;9.95698092497613
27;Osaka;2016;8;201608;2016-08-01;18;56;74;-1.11646990606812;;4.1;3454027;237859;50649;0.126;2.02106480924872;2.18809627591836;2.22979767975817;1.86793063152165;-1.02958841448899;8;2;15.0550513546819;12.3794333401187;10.8326747661453
28;Hyogo;2016;8;201608;2016-08-01;5;23;28;-1.45225232891169;;3.4;1343691;135968;38016;0.133;1.05018644130883;1.06718802928402;1.38206243659446;1.40594837207255;-0.691656414621798;8;2;14.1109308629174;11.8201748429145;10.5457624027223
29;Nara;2016;8;201608;2016-08-01;1;6;7;-1.46633706879343;;3.2;234179;37592;10957;0.141;0.77279262189744;-1.00704654745589;-0.566718720552756;-0.597169017715188;-0.305448414773577;8;2;12.3638410591741;10.5345465407827;9.30173380040539
30;Wakayama;2016;8;201608;2016-08-01;0;3;3;-1.94591014905531;;2.4;233187;34279;9316;0.161;-0.336782655748142;-1.01208651622526;-0.706565762137251;-0.858413911627788;0.660071584846978;8;2;12.359595985764;10.4422882007576;9.13948863100423
31;Tottori;2016;8;201608;2016-08-01;0;4;4;-2.19722457733622;;2.4;158592;19595;6178;0.161;-0.336782655748142;-1.46977881206274;-1.55430099456857;-1.51977969238814;0.660071584846978;8;2;11.9740901455488;9.88302971063373;8.72874987347853
32;Shimane;2016;8;201608;2016-08-01;2;5;7;-0.78845736036427;;1.4;201098;25521;8068;0.18;-1.72375175280512;-1.18785711316067;-1.15378009037838;-1.09000330629797;1.5773155844865;8;2;12.2115476304104;10.147256921644;8.9956608990741
33;Okayama;2016;8;201608;2016-08-01;2;9;11;-1.33500106673234;;2.8;575375;59579;16589;0.147;0.218004983074649;0.0602166177506438;0.131334452505945;0.0706738103989591;-0.0157924148874103;8;2;13.2627772811195;10.9950584419707;9.71649510409227
34;Hiroshima;2016;8;201608;2016-08-01;3;24;27;-1.94591014905531;;2.7;973826;75781;21417;0.137;0.0793080733689514;0.684960865825751;0.49595653545176;0.48198804335197;-0.498552414697687;8;2;13.7889879219019;11.2356028805795;9.97194027817057
35;Yamaguchi;2016;8;201608;2016-08-01;1;7;8;-1.6094379124341;;2.5;393164;43477;12822;0.167;-0.198085746042444;-0.391882934283799;-0.346256638571725;-0.344073669861344;0.949727584733145;8;2;12.8819821066038;10.6799873416146;9.4589177245472
36;Tokushima;2016;8;201608;2016-08-01;0;12;12;-3.2188758248682;;2.7;197807;26360;8308;0.164;0.0793080733689514;-1.20744740437703;-1.1047492735247;-1.04280346485331;0.804899584790062;8;2;12.1950470868267;10.1796029886164;9.024974184996
37;Kagawa;2016;8;201608;2016-08-01;4;5;9;-0.200670695462151;;2.6;313476;29933;9194;0.153;-0.0593888363367464;-0.660800124723938;-0.912067564580711;-0.879639792972418;0.273863584998756;8;2;12.6554780811007;10.3067168297027;9.12630637636617
38;Ehime;2016;8;201608;2016-08-01;1;6;7;-1.46633706879343;;2.8;392392;45884;12076;0.161;0.218004983074649;-0.394216461799083;-0.264577569837875;-0.440592135070304;0.660071584846978;8;2;12.8800166191057;10.7338717514012;9.39897529082673
39;Kochi;2016;8;201608;2016-08-01;0;7;7;-2.70805020110221;;3;192807;25561;8144;0.176;0.495398802486044;-1.23784355282949;-1.15140614987524;-1.07490646081998;1.38421158456239;8;2;12.1694449675534;10.1488230313568;9.0050367387903
40;Fukuoka;2016;8;201608;2016-08-01;7;27;34;-1.29928298413026;;3.6;1633026;123526;37058;0.129;1.32758026072023;1.29871915830308;1.23659236400559;1.36485180371252;-0.884760414545909;8;2;14.3059452934425;11.7242069392084;10.5202395318424
41;Saga;2016;8;201608;2016-08-01;1;3;4;-0.847297860387204;;2.5;232156;20962;6813;0.149;-0.198085746042444;-1.01734740144506;-1.45207887569812;-1.36224238715722;0.0807595850746452;8;2;12.3551648384727;9.95046655373012;8.82658783077367
42;Nagasaki;2016;8;201608;2016-08-01;3;8;11;-0.887303195000903;;2.8;359416;42514;11917;0.159;0.218004983074649;-0.498434384633851;-0.380208929776376;-0.461933635975403;0.563519584884923;8;2;12.7922357709829;10.6575887124331;9.38572123109081
43;Kumamoto;2016;8;201608;2016-08-01;3;9;12;-0.998528830111127;;3;464833;55037;15939;0.157;0.495398802486044;-0.193076079333178;0.0111337474703615;0.00631324614954009;0.466967584922867;8;2;13.0494334802784;10.9157609653078;9.67652421511905
44;Oita;2016;8;201608;2016-08-01;0;7;7;-2.70805020110221;;2.5;324660;33452;10012;0.162;-0.198085746042444;-0.619180225822431;-0.743584128439048;-0.742398368299577;0.708347584828006;8;2;12.6905337598648;10.4178668545014;9.21153965255166
45;Miyazaki;2016;8;201608;2016-08-01;0;13;13;-3.29583686600433;;2.9;287031;32288;9425;0.159;0.356701892780346;-0.765435639602196;-0.797268307263917;-0.839683614553209;0.563519584884923;8;2;12.567345502846;10.3824509231533;9.15112101231621
46;Kagoshima;2016;8;201608;2016-08-01;1;14;15;-2.26868354131836;;3;445323;52645;16496;0.164;0.495398802486044;-0.243983442349215;-0.0562208357831012;0.0616215094333753;0.804899584790062;8;2;13.0065551405486;10.8713265462909;9.71087320625674
47;Okinawa;2016;8;201608;2016-08-01;6;16;22;-0.931558204004943;;4.1;397202;33529;8674;0.104;2.02106480924872;-0.379751434916495;-0.740099014891583;-0.973386513455664;-2.0916604140716;8;2;12.8922002463872;10.4201660149774;9.06808532439531
1;Hokkaido;2016;9;201609;2016-09-01;3;21;24;-1.81528996663825;;3.9;1508802;145051;42294;0.148;1.74367098983732;1.20478529032235;1.48008421460388;1.57765555686808;0.0324835850936174;9;2;14.2268265164172;11.8848406837002;10.6524005110019
2;Aomori;2016;9;201609;2016-09-01;0;8;8;-2.83321334405622;;3.2;354157;45696;11342;0.158;0.77279262189744;-0.515934675265729;-0.27080108085999;-0.541562649383461;0.515243584903895;9;2;12.7774955966225;10.7297660456993;9.33626792857397
3;Iwate;2016;9;201609;2016-09-01;1;13;14;-2.19722457733622;;2.3;363385;43906;13219;0.166;-0.47547956545384;-0.485395532648536;-0.331372919175567;-0.294974683136789;0.901451584752117;9;2;12.8032181572624;10.6898062639839;9.4894104675794
4;Miyagi;2016;9;201609;2016-09-01;2;17;19;-1.94591014905531;;3.1;707834;57692;16785;0.132;0.634095712191742;0.306200358544532;0.0825483188778488;0.0895867412218193;-0.739932414602825;9;2;13.4699648819082;10.9628737947034;9.72824090941413
5;Akita;2016;9;201609;2016-09-01;0;9;9;-2.94443897916644;;2.7;284505;42027;12233;0.188;0.0793080733689514;-0.775930223385122;-0.397672942028541;-0.419793030966959;1.96352358433473;9;2;12.5585061070865;10.6460675478642;9.41189249704692
6;Yamagata;2016;9;201609;2016-09-01;3;6;9;-0.619039208406224;;2.2;319627;38915;11748;0.172;-0.614176475159537;-0.637729590189049;-0.514288750544582;-0.484931823459817;1.19110758463828;9;2;12.6749099699067;10.5691350593935;9.37143829231851
7;Fukushima;2016;9;201609;2016-09-01;2;21;23;-2.15176220325946;;2.6;567414;61769;18070;0.153;-0.0593888363367464;0.0436748760872992;0.186053218156025;0.208366092468027;0.273863584998756;9;2;13.2488444750038;11.0311568994703;9.80200838358627
8;Ibaraki;2016;9;201609;2016-09-01;5;11;16;-0.737598943130779;;2.5;758179;71583;23751;0.13;-0.198085746042444;0.387776277207525;0.409569972043072;0.648545092455122;-0.836484414564881;9;2;13.5386747845033;11.1786128945901;10.0753799138395
9;Tochigi;2016;9;201609;2016-09-01;1;7;8;-1.6094379124341;;2.6;548403;46805;13028;0.126;-0.0593888363367464;0.00321480398400015;-0.234452825481034;-0.318409814565545;-1.02958841448899;9;2;13.2147656971149;10.7537453138058;9.47485616639612
10;Gunma;2016;9;201609;2016-09-01;1;12;13;-2.12026353620009;;2.2;583287;52822;15985;0.137;-0.614176475159537;0.0764313171273965;-0.0511329808003704;0.0109535547224179;-0.498552414697687;9;2;13.2764346255055;10.8746830495796;9.67940606149394
11;Saitama;2016;9;201609;2016-09-01;4;30;34;-1.91364928683709;;3.1;1428590;144200;43094;0.113;0.634095712191742;1.13992811097389;1.47116485678366;1.6078280977575;-1.65717641424235;9;2;14.1721985018185;11.878956503833;10.6711390552642
12;Chiba;2016;9;201609;2016-09-01;9;19;28;-0.719122666963206;;2.9;1146178;134372;36356;0.12;0.356701892780346;0.878430066432307;1.36416440517737;1.33405699624779;-1.31924441437516;9;2;13.9519434870576;11.8083673520335;10.5011145312387
13;Tokyo;2016;9;201609;2016-09-01;55;153;208;-1.01731754627486;;2.7;9603074;297691;71982;0.112;0.0793080733689514;3.40211110203267;2.56991431250037;2.43390552293265;-1.70545241422338;9;2;16.0775938135157;12.6038113147699;11.184171366743
14;Kanagawa;2016;9;201609;2016-09-01;21;38;59;-0.582605306160122;;3.4;2102458;203764;51687;0.114;1.05018644130883;1.59870478557515;1.99527667166394;1.90059617147425;-1.60890041426132;9;2;14.5586176944109;12.224717740399;10.8529615782005
15;Niigata;2016;9;201609;2016-09-01;1;13;14;-2.19722457733622;;2.6;714275;77755;25864;0.16;-0.0593888363367464;0.316955002074282;0.534936236201147;0.785777064338439;0.611795584865951;9;2;13.4790233212306;11.2613181366554;10.1606073194053
16;Toyama;2016;9;201609;2016-09-01;1;8;9;-1.73460105538811;;2.1;360040;34976;11430;0.155;-0.752873384865235;-0.496374925892476;-0.676053532014704;-0.529117798701505;0.370415584960812;9;2;12.793970415371;10.4624173909763;9.34399675678886
17;Ishikawa;2016;9;201609;2016-09-01;0;2;2;-1.6094379124341;;2.1;369026;31573;10800;0.137;-0.752873384865235;-0.467106848263651;-0.831212549479609;-0.620407845109576;-0.498552414697687;9;2;12.818622381245;10.3600576039616;9.28730141311231
18;Fukui;2016;9;201609;2016-09-01;0;8;8;-2.83321334405622;;2.1;250339;24203;7833;0.151;-0.752873384865235;-0.927821010484883;-1.23415652468197;-1.13760047044322;0.177311585036701;9;2;12.4305712783066;10.0942318714037;8.96610085736724
19;Yamanashi;2016;9;201609;2016-09-01;1;2;3;-0.510825623765991;;2.1;209978;25771;6503;0.149;-0.752873384865235;-1.13655549704521;-1.13900359449604;-1.43722704521277;0.0807595850746452;9;2;12.2547580423069;10.1570051077053;8.78001888786915
20;Nagano;2016;9;201609;2016-09-01;2;16;18;-1.88706964903238;;2;608761;61364;19377;0.161;-0.891570294570933;0.127182031594471;0.176081734734636;0.320811321463252;0.660071584846978;9;2;13.3191810230309;11.0245786229647;9.87184207470058
21;Gifu;2016;9;201609;2016-09-01;1;8;9;-1.73460105538811;;2.3;571915;55096;16283;0.141;-0.47547956545384;0.0530555654879788;0.0127578454519333;0.0406950359616823;-0.305448414773577;9;2;13.2567456579211;10.9168323972245;9.69787689776422
22;Shizuoka;2016;9;201609;2016-09-01;6;17;23;-0.990398704027877;;2.5;1119705;87690;30255;0.14;-0.198085746042444;0.85068676911456;0.717206033443698;1.03826939031932;-0.353724414754603;9;2;13.9285758157201;11.3815631467734;10.3174167390564
23;Aichi;2016;9;201609;2016-09-01;11;34;45;-1.09861228866811;;2.1;2735605;147819;40738;0.113;-0.752873384865235;1.91124331612091;1.50873798479053;1.51729948443754;-1.65717641424235;9;2;14.821863175957;11.9037438313316;10.6149165967741
24;Mie;2016;9;201609;2016-09-01;2;5;7;-0.78845736036427;;2.1;474129;51867;15646;0.142;-0.752873384865235;-0.169567037741202;-0.0787891491507918;-0.0235615691205109;-0.257172414792549;9;2;13.0692347155493;10.8564380287729;9.65797057224503
25;Shiga;2016;9;201609;2016-09-01;4;9;13;-0.747214401830221;;2.6;369126;32948;8646;0.117;-0.0593888363367464;-0.466785166206121;-0.766595814506115;-0.978592661973889;-1.46407241431824;9;2;12.8188933281519;10.4026858400611;9.06485206522758
26;Kyoto;2016;9;201609;2016-09-01;3;22;25;-1.86075234071501;;3;725987;79028;21245;0.135;0.495398802486044;0.336264535075483;0.559552187291813;0.469004428623239;-0.595104414659742;9;2;13.4952873873105;11.2775574990333;9.96387685254891
27;Osaka;2016;9;201609;2016-09-01;15;49;64;-1.16113264564944;;4.1;3449341;238609;50852;0.126;2.02106480924872;2.18648446548766;2.23456973570489;1.8743713204957;-1.02958841448899;9;2;15.0536937562692;12.3825815079681;10.83667473207
28;Hyogo;2016;9;201609;2016-09-01;3;24;27;-1.94591014905531;;3.4;1343104;136130;38232;0.133;1.05018644130883;1.06666925766006;1.3838673956688;1.41507126310781;-0.691656414621798;9;2;14.1104939110775;11.8213655905065;10.551428140258
29;Nara;2016;9;201609;2016-09-01;1;5;6;-1.29928298413026;;3.2;233899;37755;11025;0.141;0.77279262189744;-1.0084669534284;-0.560160289465056;-0.587206958342261;-0.305448414773577;9;2;12.3626446772318;10.5388731962375;9.30792070031505
30;Wakayama;2016;9;201609;2016-09-01;3;0;3;1.94591014905531;;2.4;233291;34300;9303;0.161;-0.336782655748142;-1.01155712734331;-0.70563742483155;-0.860662412716647;0.660071584846978;9;2;12.3600418803259;10.442900633154;9.13809220776856
31;Tottori;2016;9;201609;2016-09-01;1;8;9;-1.73460105538811;;2.4;158716;19573;6197;0.161;-0.336782655748142;-1.4688508861097;-1.55600381547368;-1.51483527908921;0.660071584846978;9;2;11.9748717205882;9.88190634450252;8.73182058296211
32;Shimane;2016;9;201609;2016-09-01;0;3;3;-1.94591014905531;;1.4;200890;25562;8112;0.18;-1.72375175280512;-1.1890857482683;-1.15134684897154;-1.08124578381302;1.5773155844865;9;2;12.2105127735562;10.1488621526917;9.00109972583097
33;Okayama;2016;9;201609;2016-09-01;0;5;5;-2.39789527279837;;2.8;575292;59681;16642;0.147;0.218004983074649;0.0600453399525811;0.133927336671532;0.0758099741172268;-0.0157924148874103;9;2;13.2626330169664;10.9967689907694;9.71968489946038
34;Hiroshima;2016;9;201609;2016-09-01;5;23;28;-1.45225232891169;;2.7;973660;75899;21509;0.137;0.0793080733689514;0.684758467749258;0.498315011216233;0.488890029801928;-0.498552414697687;9;2;13.7888174457081;11.2371587880664;9.97622673117643
35;Yamaguchi;2016;9;201609;2016-09-01;0;13;13;-3.29583686600433;;2.5;392800;43496;12875;0.167;-0.198085746042444;-0.392982627121561;-0.345594350702914;-0.337431651189085;0.949727584733145;9;2;12.8810558554624;10.6804242588258;9.46304272553194
36;Tokushima;2016;9;201609;2016-09-01;2;7;9;-1.09861228866811;;2.7;197763;26400;8278;0.164;0.0793080733689514;-1.20771152478963;-1.10245083479783;-1.04862833299402;0.804899584790062;9;2;12.1948246230393;10.1811192891344;9.02135667230868
37;Kagawa;2016;9;201609;2016-09-01;1;11;12;-2.03688192726104;;2.6;313050;30047;9209;0.153;-0.0593888363367464;-0.662414643885612;-0.906305520773677;-0.87701491716361;0.273863584998756;9;2;12.6541182011735;10.310518101369;9.12793654572137
38;Ehime;2016;9;201609;2016-09-01;2;10;12;-1.43508452528932;;2.8;392219;45901;12103;0.161;0.218004983074649;-0.394740019261046;-0.264016063248701;-0.436996036058658;0.660071584846978;9;2;12.8795756362421;10.7342421823037;9.4012086347386
39;Kochi;2016;9;201609;2016-09-01;2;7;9;-1.09861228866811;;3;192985;25541;8160;0.176;0.495398802486044;-1.23674798454462;-1.15259265539545;-1.07174613407356;1.38421158456239;9;2;12.1703677446594;10.1480402830878;9.00699944795815
40;Fukuoka;2016;9;201609;2016-09-01;7;22;29;-1.09861228866811;;3.6;1631229;123458;37060;0.129;1.32758026072023;1.29741197443673;1.23575768835048;1.36493870222359;-0.884760414545909;9;2;14.3048442764071;11.7236562962379;10.5202934998394
41;Saga;2016;9;201609;2016-09-01;2;3;5;-0.336472236621213;;2.5;232043;21015;6817;0.149;-0.198085746042444;-1.01792542679803;-1.44825113644388;-1.36129730366103;0.0807595850746452;9;2;12.3546779783018;9.95299174743922;8.82717477136279
42;Nagasaki;2016;9;201609;2016-09-01;1;11;12;-2.03688192726104;;2.8;359061;42594;11905;0.159;0.218004983074649;-0.499607628127521;-0.377359241387248;-0.463555853518778;0.563519584884923;9;2;12.7912475694708;10.6594686772674;9.38471375892096
43;Kumamoto;2016;9;201609;2016-09-01;3;18;21;-1.66500776358891;;3;465191;55085;15627;0.157;0.495398802486044;-0.192162047064581;0.0124551794640647;-0.0255181154711541;0.466967584922867;9;2;13.0502033529219;10.9166327257742;9.6567554664133
44;Oita;2016;9;201609;2016-09-01;5;7;12;-0.31015492830384;;2.5;324469;33503;10024;0.162;-0.198085746042444;-0.619878900501426;-0.741274910680907;-0.740469616668995;0.708347584828006;9;2;12.6899452789758;10.4193902660424;9.2127374965759
45;Miyazaki;2016;9;201609;2016-09-01;2;13;15;-1.68639895357023;;2.9;286935;32348;9439;0.159;0.356701892780346;-0.765832792473088;-0.79445410993982;-0.837293601026451;0.563519584884923;9;2;12.5670109882549;10.3843074742157;9.15260532132494
46;Kagoshima;2016;9;201609;2016-09-01;1;8;9;-1.73460105538811;;3;444905;52694;16553;0.164;0.495398802486044;-0.245098372602062;-0.0548106232729307;0.0671757283657167;0.804899584790062;9;2;13.0056160552115;10.8722568760554;9.71432263326017
47;Okinawa;2016;9;201609;2016-09-01;3;15;18;-1.48807705542983;;4.1;398140;33656;8794;0.104;2.02106480924872;-0.376951024020608;-0.734368290008424;-0.951263161623266;-2.0916604140716;9;2;12.8945589812079;10.4239466252704;9.08182494974075
1;Hokkaido;2016;10;201610;2016-10-01;7;19;26;-0.955511445027436;;3.3;1511541;145273;41733;0.148;0.911489531603137;1.20693861006241;1.48240239785207;1.55615466439814;0.0324835850936174;10;2;14.2286402182059;11.8863700098549;10.6390474617277
2;Aomori;2016;10;201610;2016-10-01;4;12;16;-1.02165124753198;;3.1;353311;45595;11035;0.158;0.634095712191742;-0.518774139517356;-0.27415514396608;-0.585747134162122;0.515243584903895;10;2;12.7751039678753;10.7275533403678;9.30882731869084
3;Iwate;2016;10;201610;2016-10-01;2;11;13;-1.52605630349505;;2.1;363115;43905;13069;0.166;-0.752873384865235;-0.486278004378399;-0.331407443780687;-0.31335040707103;0.901451584752117;10;2;12.8024748674828;10.6897834877941;9.47799829259704
4;Miyagi;2016;10;201610;2016-10-01;7;18;25;-0.902867711542014;;2.9;706786;57702;16535;0.132;0.356701892780346;0.304441243656217;0.0828110396525413;0.0654238334100638;-0.739932414602825;10;2;13.468483211648;10.9630471139405;9.71323462541589
5;Akita;2016;10;201610;2016-10-01;0;4;4;-2.19722457733622;;2.6;284125;42001;12121;0.188;-0.0593888363367464;-0.777517039231091;-0.398610994167265;-0.434603090829005;1.96352358433473;10;2;12.5571695611548;10.6454487065059;9.40269476447051
6;Yamagata;2016;10;201610;2016-10-01;1;12;13;-2.12026353620009;;1.7;319521;38823;11676;0.172;-1.30766102368803;-0.638123391421543;-0.517876584286157;-0.494830538817256;1.19110758463828;10;2;12.6745782783393;10.5667681334898;9.365290731974
7;Fukushima;2016;10;201610;2016-10-01;3;13;16;-1.34992671694902;;2.4;567146;61710;17791;0.153;-0.336782655748142;0.043113983151704;0.184604657838031;0.183310965877166;0.273863584998756;10;2;13.2483720451544;11.0302012713151;9.78644799043477
8;Ibaraki;2016;10;201610;2016-10-01;2;16;18;-1.88706964903238;;2.5;756740;71697;23608;0.13;-0.198085746042444;0.385520770369409;0.411982081509266;0.638821183921782;-0.836484414564881;10;2;13.536775012393;11.1802041847082;10.0693409166228
9;Tochigi;2016;10;201610;2016-10-01;4;9;13;-0.747214401830221;;2.2;548227;46780;12833;0.126;-0.614176475159537;0.002833716061637;-0.235262688218653;-0.342692882751633;-1.02958841448899;10;2;13.2144447137358;10.7532110401382;9.45977525724446
10;Gunma;2016;10;201610;2016-10-01;2;8;10;-1.22377543162212;;2.3;582717;52858;15706;0.137;-0.47547956545384;0.0752705436239851;-0.0501002494622037;-0.0173985635343348;-0.498552414697687;10;2;13.2754569272379;10.8753643516498;9.66179808393482
11;Saitama;2016;10;201610;2016-10-01;7;23;30;-1.14209740060785;;2.9;1427250;144421;42303;0.113;0.356701892780346;1.1388139611548;1.47348621452623;1.57799816177602;-1.65717641424235;10;2;14.1712600738265;11.8804879242299;10.6526132845053
12;Chiba;2016;10;201610;2016-10-01;3;23;26;-1.90423745265475;;2.8;1147001;134510;35853;0.12;0.218004983074649;0.879282252704479;1.36572035303003;1.31162387465333;-1.31924441437516;10;2;13.9526612679507;11.8093938247026;10.487182524535
13;Tokyo;2016;10;201610;2016-10-01;53;141;194;-0.972618063181331;;3.3;9573027;297964;71011;0.112;0.911489531603137;3.39839049502234;2.57130377083652;2.41203711539064;-1.70545241422338;10;2;16.074460014357;12.6047279528209;11.1705900736006
14;Kanagawa;2016;10;201610;2016-10-01;16;27;43;-0.510825623765991;;2.9;2097397;204378;51105;0.114;0.356701892780346;1.59584340985982;1.99983740892099;1.88236249097209;-1.60890041426132;10;2;14.5562076100391;12.227726499425;10.8416376187632
15;Niigata;2016;10;201610;2016-10-01;3;17;20;-1.6094379124341;;2.6;714078;77753;25607;0.16;-0.0593888363367464;0.316627508099935;0.534897246051444;0.769697282292285;0.611795584865951;10;2;13.4787474790525;11.2612924145061;10.1506210305904
16;Toyama;2016;10;201610;2016-10-01;1;8;9;-1.73460105538811;;2.1;359989;34966;11322;0.155;-0.752873384865235;-0.496543113047531;-0.67648698260527;-0.544404489091134;0.370415584960812;10;2;12.7938287544099;10.4621314397576;9.3345030145966
17;Ishikawa;2016;10;201610;2016-10-01;0;5;5;-2.39789527279837;;2;368567;31517;10683;0.137;-0.891570294570933;-0.468584488100899;-0.83390349717623;-0.637946700950244;-0.498552414697687;10;2;12.8173777922664;10.3582823617772;9.27640897194589
18;Fukui;2016;10;201610;2016-10-01;1;9;10;-1.84582669049833;;1.4;250467;24221;7717;0.151;-1.72375175280512;-0.927214116138479;-1.23302961397011;-1.16162426931663;0.177311585036701;10;2;12.4310824543021;10.0949753044463;8.9511809664576
19;Yamanashi;2016;10;201610;2016-10-01;3;5;8;-0.451985123743057;;2.4;209677;25857;6473;0.149;-0.336782655748142;-1.13825862314432;-1.13395359663175;-1.44467243129159;0.0807595850746452;10;2;12.2533235303787;10.1603366363155;8.77539495854551
20;Nagano;2016;10;201610;2016-10-01;2;9;11;-1.33500106673234;;2.3;608510;61429;19187;0.161;-0.47547956545384;0.126692411663769;0.177686521855224;0.304944823799799;0.660071584846978;10;2;13.3187686251284;11.0256373153343;9.8619882453581
21;Gifu;2016;10;201610;2016-10-01;2;10;12;-1.43508452528932;;2.1;571246;55179;16257;0.141;-0.752873384865235;0.0516659603739525;0.0150396516256476;0.03812190480743;-0.305448414773577;10;2;13.2555752189779;10.9183377250989;9.69627886423422
22;Shizuoka;2016;10;201610;2016-10-01;6;17;23;-0.990398704027877;;2.4;1119909;87869;30054;0.14;-0.336782655748142;0.850903055723233;0.720297095513589;1.02753637944583;-0.353724414754603;10;2;13.9287579899703;11.3836023479767;10.3107510425857
23;Aichi;2016;10;201610;2016-10-01;11;31;42;-1.00764051046238;;2.4;2731794;147878;40399;0.113;-0.336782655748142;1.90958819078708;1.50934288361691;1.50384431067295;-1.65717641424235;10;2;14.8204690941945;11.9041428884798;10.6065603111676
24;Mie;2016;10;201610;2016-10-01;0;11;11;-3.13549421592915;;2;474062;51968;15323;0.142;-0.891570294570933;-0.16973482215337;-0.0758402807860136;-0.0571505726386595;-0.257172414792549;10;2;13.0690933938112;10.8583834235214;9.63711024657818
25;Shiga;2016;10;201610;2016-10-01;1;13;14;-2.19722457733622;;2.4;369368;32970;8569;0.117;-0.336782655748142;-0.466007056117148;-0.765584010679026;-0.992996977487623;-1.46407241431824;10;2;12.8195487160323;10.4033533360658;9.05590631866912
26;Kyoto;2016;10;201610;2016-10-01;2;15;17;-1.82454929205105;;2.5;724771;79199;21096;0.135;-0.198085746042444;0.334274268091789;0.562828560217483;0.457671739340363;-0.595104414659742;10;2;13.4936110218729;11.2797189514602;9.95683872803312
27;Osaka;2016;10;201610;2016-10-01;20;51;71;-0.921156921525328;;3.5;3444670;239130;50077;0.126;1.18888335101453;2.18487563385107;2.23787590312728;1.84964267667188;-1.02958841448899;10;2;15.0523386668402;12.3847626160901;10.8213170998263
28;Hyogo;2016;10;201610;2016-10-01;4;25;29;-1.73460105538811;;3;1342281;136239;37769;0.133;0.495398802486044;1.06594153495337;1.38508063501884;1.39545243381363;-0.691656414621798;10;2;14.1098809635666;11.8221659753214;10.5392439393168
29;Nara;2016;10;201610;2016-10-01;0;14;14;-3.36729582998647;;2.8;234002;37818;10936;0.141;0.218004983074649;-1.00794424934312;-0.557633019533519;-0.600258033888302;-0.305448414773577;10;2;12.3630849413119;10.5405404587412;9.29981537840379
30;Wakayama;2016;10;201610;2016-10-01;0;3;3;-1.94591014905531;;2;232799;34292;9282;0.161;-0.891570294570933;-1.0140636296864;-0.70599101010256;-0.864301252593893;0.660071584846978;10;2;12.3579306992975;10.4426673697986;9.13583231980112
31;Tottori;2016;10;201610;2016-10-01;0;5;5;-2.39789527279837;;1.7;158719;19606;6147;0.161;-1.30766102368803;-1.46882844527116;-1.55345030091346;-1.52787963073029;0.660071584846978;10;2;11.9748906220956;9.88359092082167;8.72371943690701
32;Shimane;2016;10;201610;2016-10-01;0;8;8;-2.83321334405622;;0.6;200834;25529;8015;0.18;-2.8333270304507;-1.18941675199812;-1.15330500475649;-1.10061577472113;1.5773155844865;10;2;12.2102339751754;10.147570339864;8.98907006504365
33;Okayama;2016;10;201610;2016-10-01;2;8;10;-1.22377543162212;;2.2;574444;59534;16375;0.147;-0.614176475159537;0.0582940000729706;0.13018912150945;0.0497670857030048;-0.0157924148874103;10;2;13.2611578954537;10.994302856902;9.70351106050345
34;Hiroshima;2016;10;201610;2016-10-01;4;20;24;-1.51634748936809;;2.5;971561;75916;21366;0.137;-0.198085746042444;0.682196248475403;0.498654489409518;0.478149157678777;-0.498552414697687;10;2;13.7866593353292;11.2373827448568;9.96955615250583
35;Yamaguchi;2016;10;201610;2016-10-01;2;7;9;-1.09861228866811;;2.1;392323;43565;12818;0.167;-0.752873384865235;-0.394425251837212;-0.343191630648117;-0.34457606798099;0.949727584733145;10;2;12.8798407590796;10.6820093546654;9.45860571206417
36;Tokushima;2016;10;201610;2016-10-01;0;8;8;-2.83321334405622;;2.7;197739;26399;8073;0.164;0.0793080733689514;-1.2078556152385;-1.10250825331145;-1.08900573117134;0.804899584790062;10;2;12.1947032582926;10.1810814096291;8.99628043939502
37;Kagawa;2016;10;201610;2016-10-01;1;7;8;-1.6094379124341;;2.7;312653;30003;9134;0.153;0.0793080733689514;-0.663921233481037;-0.908526872784786;-0.890182296546492;0.273863584998756;10;2;12.6528492283436;10.3090526556446;9.11975899374495
38;Ehime;2016;10;201610;2016-10-01;1;5;6;-1.29928298413026;;2.6;392401;45941;11950;0.161;-0.0593888363367464;-0.394189231022635;-0.262695691178592;-0.45748094644137;0.660071584846978;10;2;12.8800395550901;10.735113243529;9.38848655735966
39;Kochi;2016;10;201610;2016-10-01;1;4;5;-1.09861228866811;;3;192833;25514;8073;0.176;0.495398802486044;-1.2376834629379;-1.15419591247757;-1.08900573117134;1.38421158456239;10;2;12.1695798083378;10.1469826000982;8.99628043939502
40;Fukuoka;2016;10;201610;2016-10-01;9;25;34;-0.987386653557885;;3.3;1628847;123941;36499;0.129;0.911489531603137;1.29567702530509;1.24167640276982;1.34037795947703;-0.884760414545909;10;2;14.3033829605212;11.7275609249038;10.505040141935
41;Saga;2016;10;201610;2016-10-01;0;5;5;-2.39789527279837;;1.6;231702;21037;6770;0.149;-1.44635793339372;-1.01967144132662;-1.44666509800855;-1.37243722299539;0.0807595850746452;10;2;12.3532073422347;9.95403807113403;8.82025636590632
42;Nagasaki;2016;10;201610;2016-10-01;1;6;7;-1.46633706879343;;2.5;358959;42591;11796;0.159;-0.198085746042444;-0.499944943605306;-0.377466008075086;-0.478366326247629;0.563519584884923;10;2;12.7909634548203;10.6593982423317;9.37551576993517
43;Kumamoto;2016;10;201610;2016-10-01;0;18;18;-3.61091791264422;;2.5;465886;55292;15766;0.157;-0.198085746042444;-0.190389605512907;0.0181406957980332;-0.0112590570097297;0.466967584922867;10;2;13.0516962479866;10.9203835115842;9.66561100161985
44;Oita;2016;10;201610;2016-10-01;2;3;5;-0.336472236621213;;2.9;324435;33466;9857;0.162;0.356701892780346;-0.62000331503113;-0.742949875143708;-0.767521312275577;0.708347584828006;10;2;12.6898404868955;10.4182852770545;9.19593714166544
45;Miyazaki;2016;10;201610;2016-10-01;3;1;4;0.847297860387204;;2;287141;32391;9274;0.159;-0.891570294570933;-0.764980731872212;-0.792440477608993;-0.86568964324719;0.563519584884923;10;2;12.5677286632973;10.3856358854153;9.13497006495141
46;Kagoshima;2016;10;201610;2016-10-01;2;14;16;-1.75785791755237;;2.9;444182;52785;16394;0.164;0.356701892780346;-0.247029303664238;-0.0521951328195128;0.0516343100111009;0.804899584790062;10;2;13.0039896673342;10.8739823384238;9.70467069321298
47;Okinawa;2016;10;201610;2016-10-01;4;17;21;-1.35812348415319;;3.5;398127;33748;8706;0.104;1.18888335101453;-0.376989790581134;-0.730230389254908;-0.96745716835125;-2.0916604140716;10;2;12.8945263288438;10.4266764352855;9.07176772211224
1;Hokkaido;2016;11;201611;2016-11-01;5;22;27;-1.40876721697195;;3.3;1504332;145329;42270;0.148;0.911489531603137;1.20126270085866;1.4829866052825;1.57674158723355;0.0324835850936174;11;2;14.2238595038123;11.8867554167048;10.6518328935608
2;Aomori;2016;11;201611;2016-11-01;1;8;9;-1.73460105538811;;3.1;353464;45554;11424;0.158;0.634095712191742;-0.51826011611207;-0.275518815015446;-0.529963262601425;0.515243584903895;11;2;12.7755369203775;10.7266537144198;9.34347168457936
3;Iwate;2016;11;201611;2016-11-01;2;7;9;-1.09861228866811;;2.1;363553;43807;13200;0.166;-0.752873384865235;-0.484846769987074;-0.334794675327304;-0.297290708612556;0.901451584752117;11;2;12.803680370004;10.6875489009467;9.48797210857446
4;Miyagi;2016;11;201611;2016-11-01;4;13;17;-1.09861228866811;;2.9;708224;57674;16742;0.132;0.356701892780346;0.30685432611426;0.0820753067057986;0.0854564561225777;-0.739932414602825;11;2;13.4705157068177;10.9625617443567;9.72567581122
5;Akita;2016;11;201611;2016-11-01;1;6;7;-1.46633706879343;;2.6;284226;41969;12231;0.188;-0.0593888363367464;-0.777095073302063;-0.399766317352839;-0.420056305323397;1.96352358433473;11;2;12.5575249753305;10.644686529501;9.41172899148736
6;Yamagata;2016;11;201611;2016-11-01;0;10;10;-3.04452243772342;;1.7;319523;38732;11746;0.172;-1.30766102368803;-0.638115960000461;-0.521433793694935;-0.485205967660767;1.19110758463828;11;2;12.6745845376892;10.5644214107314;9.37126803608247
7;Fukushima;2016;11;201611;2016-11-01;3;8;11;-0.887303195000903;;2.4;567565;61626;18109;0.153;-0.336782655748142;0.0439907849135044;0.182539909445306;0.211837569113576;0.273863584998756;11;2;13.2491105592237;11.0288391383939;9.80416433124134
8;Ibaraki;2016;11;201611;2016-11-01;4;17;21;-1.35812348415319;;2.5;759168;71746;23862;0.13;-0.198085746042444;0.389323967572045;0.413017687085507;0.656052746474085;-0.836484414564881;11;2;13.5399783757583;11.1808873829389;10.0800425144357
9;Tochigi;2016;11;201611;2016-11-01;0;7;7;-2.70805020110221;;2.2;549750;46656;13019;0.126;-0.614176475159537;0.00612738220183252;-0.239286015341835;-0.319522547258012;-1.02958841448899;11;2;13.217218908417;10.7505568153683;9.4741651078974
10;Gunma;2016;11;201611;2016-11-01;4;6;10;-0.367724780125317;;2.3;584003;52843;15978;0.137;-0.47547956545384;0.0778878052515023;-0.0505304686824918;0.0102482828829158;-0.498552414697687;11;2;13.2776613987835;10.8750805321949;9.67896805504199
11;Saitama;2016;11;201611;2016-11-01;7;21;28;-1.05314991459135;;2.9;1430062;144757;43216;0.113;0.356701892780346;1.14115080895474;1.47700872153562;1.61238012690825;-1.65717641424235;11;2;14.1732283579396;11.882811753506;10.6739660760324
12;Chiba;2016;11;201611;2016-11-01;9;24;33;-0.947381318944186;;2.8;1148604;134722;36414;0.12;0.218004983074649;0.880940346396153;1.36810754264349;1.33662373543919;-1.31924441437516;11;2;13.9540578499067;11.8109686749717;10.5027085950639
13;Tokyo;2016;11;201611;2016-11-01;78;167;245;-0.757884726476758;;3.3;9592406;298137;71983;0.112;0.911489531603137;3.40079145826426;2.57218361125284;2.43392789206348;-1.70545241422338;11;2;16.0764823017328;12.605308391387;11.1841852590085
14;Kanagawa;2016;11;201611;2016-11-01;17;49;66;-1.03977178864518;;2.9;2096670;204657;51797;0.114;0.356701892780346;1.5954318133464;2.0019052703975;1.90401931944598;-1.60890041426132;11;2;14.5558609298324;12.2290906860754;10.8550875115125
15;Niigata;2016;11;201611;2016-11-01;6;20;26;-1.14862270924277;;2.6;714116;77630;26125;0.16;-0.0593888363367464;0.316690686558912;0.532497422324439;0.801944409982997;0.611795584865951;11;2;13.4788006931117;11.2597092293997;10.1706479892671
16;Toyama;2016;11;201611;2016-11-01;1;3;4;-0.847297860387204;;2.1;360086;34906;11366;0.155;-0.752873384865235;-0.496223248107781;-0.679090292238648;-0.538159049115833;0.370415584960812;11;2;12.7940981707918;10.4604140131848;9.33838172185707
17;Ishikawa;2016;11;201611;2016-11-01;2;4;6;-0.587786664902119;;2;369208;31554;10795;0.137;-0.891570294570933;-0.466521451941311;-0.832125014251216;-0.621153474185369;-0.498552414697687;11;2;12.8191154498484;10.3594556428174;9.28683834294891
18;Fukui;2016;11;201611;2016-11-01;0;4;4;-2.19722457733622;;1.4;250735;24148;7862;0.151;-1.72375175280512;-0.925944434976346;-1.23760506302474;-1.13165011096667;0.177311585036701;11;2;12.4321518834965;10.0919568399163;8.96979630598181
19;Yamanashi;2016;11;201611;2016-11-01;0;2;2;-1.6094379124341;;2.4;209983;25923;6556;0.149;-0.336782655748142;-1.13652722653287;-1.130089395107;-1.42415708205128;0.0807595850746452;11;2;12.2547818540418;10.1628858845095;8.78813593986372
20;Nagano;2016;11;201611;2016-11-01;1;12;13;-2.12026353620009;;2.3;608241;61270;19373;0.161;-0.47547956545384;0.126167455292163;0.173757956457809;0.320478895973471;0.660071584846978;11;2;13.3183264639888;11.0230456057197;9.87163562308695
21;Gifu;2016;11;201611;2016-11-01;2;5;7;-0.78845736036427;;2.1;571758;55080;16400;0.141;-0.752873384865235;0.0527296008992856;0.0123175840343913;0.0522235102227385;-0.305448414773577;11;2;13.2564711039166;10.9165419528426;9.70503661381229
22;Shizuoka;2016;11;201611;2016-11-01;7;20;27;-1.0055218656021;;2.4;1122154;87933;30182;0.14;-0.336782655748142;0.853280669534341;0.721400751757342;1.03437959988391;-0.353724414754603;11;2;13.9307606105481;11.3843304398395;10.3150009991785
23;Aichi;2016;11;201611;2016-11-01;11;30;41;-0.975379648244162;;2.4;2735759;147861;40809;0.113;-0.336782655748142;1.91131015016617;1.50916861548943;1.52010334557471;-1.65717641424235;11;2;14.8219194690496;11.9040279222426;10.6166579243015
24;Mie;2016;11;201611;2016-11-01;3;9;12;-0.998528830111127;;2;475753;51986;15635;0.142;-0.891570294570933;-0.165507379951361;-0.0753153416557898;-0.0246940166953644;-0.257172414792549;11;2;13.0726540909714;10.8587297305452;9.65726726989194
25;Shiga;2016;11;201611;2016-11-01;5;9;14;-0.54654370636807;;2.4;369744;32960;8700;0.117;-0.336782655748142;-0.464799102482134;-0.766043837787041;-0.968567258681603;-1.46407241431824;11;2;12.8205661532609;10.4030499840234;9.07107830464268
26;Kyoto;2016;11;201611;2016-11-01;4;19;23;-1.46633706879343;;2.5;726496;79215;21244;0.135;-0.198085746042444;0.337096642463727;0.563134759428177;0.468928635549233;-0.595104414659742;11;2;13.4959882561274;11.2799209538091;9.96382978154229
27;Osaka;2016;11;201611;2016-11-01;24;48;72;-0.682890680392756;;3.5;3451590;239399;50565;0.126;1.18888335101453;2.18725831127336;2.23958010762225;1.86525796466278;-1.02958841448899;11;2;15.054345552405;12.3858868949878;10.8310149163363
28;Hyogo;2016;11;201611;2016-11-01;12;27;39;-0.78845736036427;;3;1344225;136168;38125;0.133;0.495398802486044;1.06765976439999;1.3842904701113;1.41055851350956;-0.691656414621798;11;2;14.1113281967679;11.8216446964878;10.5486255139097
29;Nara;2016;11;201611;2016-11-01;1;7;8;-1.6094379124341;;2.8;234598;37906;11052;0.141;0.218004983074649;-1.00492418048041;-0.554109903363103;-0.583268466463273;-0.305448414773577;11;2;12.365628690016;10.5428646898862;9.31036668604331
30;Wakayama;2016;11;201611;2016-11-01;1;7;8;-1.6094379124341;;2;232897;34165;9353;0.161;-0.891570294570933;-1.01356394480386;-0.7116152520996;-0.852031463875986;0.660071584846978;11;2;12.3583515747246;10.4389570072149;9.14345242643455
31;Tottori;2016;11;201611;2016-11-01;0;5;5;-2.39789527279837;;1.7;158904;19568;6157;0.161;-1.30766102368803;-1.46744541250235;-1.55639108714742;-1.52526229276713;0.660071584846978;11;2;11.9760555252728;9.88165085792695;8.72534492491121
32;Shimane;2016;11;201611;2016-11-01;0;5;5;-2.39789527279837;;0.6;201226;25534;8036;0.18;-2.8333270304507;-1.18710166150061;-1.15300815183856;-1.09640246409104;1.5773155844865;11;2;12.212183933511;10.1477661763803;8.99168672593483
33;Okayama;2016;11;201611;2016-11-01;4;14;18;-1.17007125265025;;2.2;575896;59417;16605;0.147;-0.614176475159537;0.0612911830796586;0.127207204534609;0.0722260775172132;-0.0157924148874103;11;2;13.2636823678204;10.9923356596909;9.71745913381085
34;Hiroshima;2016;11;201611;2016-11-01;3;22;25;-1.86075234071501;;2.5;972472;75848;21550;0.137;-0.198085746042444;0.683308972364467;0.497296120227179;0.491956410550579;-0.498552414697687;11;2;13.7875965622865;11.2364866165978;9.97813109553189
35;Yamaguchi;2016;11;201611;2016-11-01;2;8;10;-1.22377543162212;;2.1;392943;43495;12861;0.167;-0.752873384865235;-0.392550483449804;-0.345629200746019;-0.33918348563649;0.949727584733145;11;2;12.8814198421644;10.6804012679416;9.46195475526609
36;Tokushima;2016;11;201611;2016-11-01;2;4;6;-0.587786664902119;;2.7;197911;26378;8299;0.164;0.0793080733689514;-1.20682335323842;-1.10371454479178;-1.04454871385221;0.804899584790062;11;2;12.195572713674;10.1802856083858;9.02389030459845
37;Kagawa;2016;11;201611;2016-11-01;3;4;7;-0.251314428280906;;2.7;312924;30026;9262;0.153;0.0793080733689514;-0.662892598756602;-0.907365305447174;-0.867774476460852;0.273863584998756;11;2;12.6537156285372;10.3098189519723;9.1336752870407
38;Ehime;2016;11;201611;2016-11-01;0;11;11;-3.13549421592915;;2.6;392840;45908;12065;0.161;-0.0593888363367464;-0.392861731926365;-0.26378491509612;-0.442059518094223;0.660071584846978;11;2;12.8811576832717;10.7343946728006;9.39806397805913
39;Kochi;2016;11;201611;2016-11-01;0;9;9;-2.94443897916644;;3;193645;25504;8164;0.176;0.495398802486044;-1.23269456605681;-1.15479014199239;-1.07095702062458;1.38421158456239;11;2;12.1737818648316;10.1465905815899;9.00748952392973
40;Fukuoka;2016;11;201611;2016-11-01;8;35;43;-1.4294665329851;;3.3;1633884;124173;36968;0.129;0.911489531603137;1.29934278222134;1.24451115094267;1.36093650887453;-0.884760414545909;11;2;14.30647056045;11.7294310335443;10.5178079525501
41;Saga;2016;11;201611;2016-11-01;2;4;6;-0.587786664902119;;1.6;231927;21018;6758;0.149;-1.44635793339372;-1.01851909082554;-1.44803476073158;-1.37529385170514;0.0807595850746452;11;2;12.3541779459617;9.95313449242554;8.81848226727424
42;Nagasaki;2016;11;201611;2016-11-01;1;9;10;-1.84582669049833;;2.5;359642;42534;11828;0.159;-0.198085746042444;-0.497688078231976;-0.379496005273561;-0.474004153690359;0.563519584884923;11;2;12.7928643711999;10.6580590350831;9.37822488097237
43;Kumamoto;2016;11;201611;2016-11-01;3;9;12;-0.998528830111127;;2.5;468019;55680;15899;0.157;-0.198085746042444;-0.184966331522049;0.0287404971171302;0.00226729651050115;0.466967584922867;11;2;13.0562641723663;10.9273762950083;9.67401149314871
44;Oita;2016;11;201611;2016-11-01;0;4;4;-2.19722457733622;;2.9;324676;33329;10066;0.162;0.356701892780346;-0.619121716760194;-0.749167934520878;-0.733737122008841;0.708347584828006;11;2;12.6905830409766;10.4141831678514;9.2169186873363
45;Miyazaki;2016;11;201611;2016-11-01;1;5;6;-1.29928298413026;;2;287743;32352;9491;0.159;-0.891570294570933;-0.7624942284322;-0.794266682421815;-0.828447337894459;0.563519584884923;11;2;12.5698229996158;10.3844311218202;9.15809926013049
46;Kagoshima;2016;11;201611;2016-11-01;2;14;16;-1.75785791755237;;2.9;445106;52809;16558;0.164;0.356701892780346;-0.244562115167048;-0.0515060845435687;0.0676620277745646;0.804899584790062;11;2;13.0060677350299;10.8744369097141;9.71462464769875
47;Okinawa;2016;11;201611;2016-11-01;5;8;13;-0.435318071257846;;3.5;398814;33798;8762;0.104;1.18888335101453;-0.37494285907683;-0.727986258844802;-0.957133064539169;-2.0916604140716;11;2;12.8962504217696;10.4281569081228;9.07817946837384
1;Hokkaido;2016;12;201612;2016-12-01;3;19;22;-1.71765149707433;;3.3;1483946;145599;42251;0.148;0.911489531603137;1.18506361915608;1.4858001641767;1.5760176598365;0.0324835850936174;12;2;14.2102153139072;11.8886115465893;10.6513833011443
2;Aomori;2016;12;201612;2016-12-01;1;6;7;-1.46633706879343;;3.1;349793;45518;11367;0.158;0.634095712191742;-0.530655126684214;-0.276717197056912;-0.538017388449714;0.515243584903895;12;2;12.7650968299313;10.7258631311039;9.33846969968671
3;Iwate;2016;12;201612;2016-12-01;2;8;10;-1.22377543162212;;2.1;363302;43627;13255;0.166;-0.752873384865235;-0.48566674117515;-0.341035908587921;-0.290595539047976;0.901451584752117;12;2;12.8029897232864;10.6834315037261;9.49213011872313
4;Miyagi;2016;12;201612;2016-12-01;2;13;15;-1.68639895357023;;2.9;709820;57482;16690;0.132;0.356701892780346;0.309526815566568;0.0770206379212829;0.0804474983897395;-0.739932414602825;12;2;13.4727666957488;10.9592271342988;9.72256501665588
5;Akita;2016;12;201612;2016-12-01;1;6;7;-1.46633706879343;;2.6;283352;41882;12269;0.188;-0.0593888363367464;-0.780751516731409;-0.40291181094666;-0.415061438747032;1.96352358433473;12;2;12.5544452199812;10.6426114193361;9.41483103479118
6;Yamagata;2016;12;201612;2016-12-01;1;5;6;-1.29928298413026;;1.7;319331;38664;11770;0.172;-1.30766102368803;-0.638829588621188;-0.524097388452256;-0.48191931376837;1.19110758463828;12;2;12.6739834613688;10.5626642135249;9.37330920025432
7;Fukushima;2016;12;201612;2016-12-01;3;16;19;-1.55059741241117;;2.4;567248;61512;18028;0.153;-0.336782655748142;0.0433274885637413;0.17973324480786;0.204619190099282;0.273863584998756;12;2;13.2485518768536;11.026987556712;9.79968138381054
8;Ibaraki;2016;12;201612;2016-12-01;2;18;20;-2.00148000021012;;2.5;760455;71621;23852;0.13;-0.198085746042444;0.3913349831217;0.410374435092287;0.655377814175818;-0.836484414564881;12;2;13.5416722173331;11.1791436060352;10.079623350243
9;Tochigi;2016;12;201612;2016-12-01;1;8;9;-1.73460105538811;;2.2;550107;46446;13034;0.126;-0.614176475159537;0.00689811642621486;-0.246124165979445;-0.317668419742961;-1.02958841448899;12;2;13.2178680837417;10.7460456264328;9.47531660689233
10;Gunma;2016;12;201612;2016-12-01;2;9;11;-1.33500106673234;;2.3;583974;52786;15896;0.137;-0.47547956545384;0.0778288481202499;-0.0521664162202576;0.00196344006165475;-0.498552414697687;12;2;13.2776117402714;10.8740012830203;9.67382278423165
11;Saitama;2016;12;201612;2016-12-01;10;27;37;-0.962810747509048;;2.9;1432657;144554;43112;0.113;0.356701892780346;1.14330325065254;1.47488151917803;1.60850051841751;-1.65717641424235;12;2;14.1750413201694;11.8814084191474;10.6715566596133
12;Chiba;2016;12;201612;2016-12-01;9;21;30;-0.816761136527122;;2.8;1150981;134740;36386;0.12;0.218004983074649;0.883394786878386;1.36831005550942;1.33538513079319;-1.31924441437516;12;2;13.9561251801829;11.8111022745147;10.5019393642567
13;Tokyo;2016;12;201612;2016-12-01;67;157;224;-0.847297860387204;;3.3;9605678;298231;72350;0.112;0.911489531603137;3.40243299720928;2.57266146078827;2.44211644937246;-1.70545241422338;12;2;16.0778649399289;12.6056236329854;11.1892707320596
14;Kanagawa;2016;12;201612;2016-12-01;11;31;42;-1.00764051046238;;2.9;2097632;204651;52107;0.114;0.356701892780346;1.59597642636445;2.00186082992577;1.91362740246109;-1.60890041426132;12;2;14.5563196474053;12.2290613683;10.8610545757221
15;Niigata;2016;12;201612;2016-12-01;8;12;20;-0.385662480811985;;2.6;712132;77590;25956;0.16;-0.0593888363367464;0.313387603187856;0.531716172442464;0.791494442339131;0.611795584865951;12;2;13.4760185664693;11.259193831888;10.1641580757411
16;Toyama;2016;12;201612;2016-12-01;1;10;11;-1.94591014905531;;2.1;359004;34792;11354;0.155;-0.752873384865235;-0.499796116139483;-0.684048932078904;-0.53985994993639;0.370415584960812;12;2;12.7910888094696;10.4571427542775;9.33732538373067
17;Ishikawa;2016;12;201612;2016-12-01;0;5;5;-2.39789527279837;;2;369066;31506;10786;0.137;-0.891570294570933;-0.466978164981401;-0.834432637988909;-0.622496477242107;-0.498552414697687;12;2;12.8187307688174;10.3579332828659;9.28600427589717
18;Fukui;2016;12;201612;2016-12-01;2;9;11;-1.33500106673234;;1.4;250662;24156;7815;0.151;-1.72375175280512;-0.926290146429902;-1.2371029695952;-1.1413048876302;0.177311585036701;12;2;12.4318606970693;10.0922880754278;8.96380024285558
19;Yamanashi;2016;12;201612;2016-12-01;2;4;6;-0.587786664902119;;2.4;210120;25958;6529;0.149;-0.336782655748142;-1.13575287629566;-1.12804418742802;-1.43080210805554;0.0807595850746452;12;2;12.2554340750679;10.1642351262477;8.78400907118663
20;Nagano;2016;12;201612;2016-12-01;3;7;10;-0.762140052046897;;2.3;607767;61040;19433;0.161;-0.47547956545384;0.125241874001008;0.168057048560904;0.325458086542454;0.660071584846978;12;2;13.3175468638151;11.0192846659583;9.8747279308647
21;Gifu;2016;12;201612;2016-12-01;3;7;10;-0.762140052046897;;2.1;571747;54961;16426;0.141;-0.752873384865235;0.05270675926082;0.00903912134757459;0.0547742226899943;-0.305448414773577;12;2;13.2564518648227;10.9143791217817;9.70662072430014
22;Shizuoka;2016;12;201612;2016-12-01;8;15;23;-0.60077386042893;;2.4;1123001;87757;30352;0.14;-0.336782655748142;0.854176466811405;0.718363761398956;1.04342352009043;-0.353724414754603;12;2;13.9315151241921;11.3823269102263;10.3206176921748
23;Aichi;2016;12;201612;2016-12-01;14;30;44;-0.743578034186837;;2.4;2738950;147825;40797;0.113;-0.336782655748142;1.91269415768529;1.5087995109524;1.51962979628509;-1.65717641424235;12;2;14.8230851932411;11.903784420689;10.6163638282771
24;Mie;2016;12;201612;2016-12-01;4;12;16;-1.02165124753198;;2;476391;51866;15602;0.142;-0.891570294570933;-0.163916304611069;-0.0788183745670033;-0.0280961459946575;-0.257172414792549;12;2;13.0739942245972;10.8564187485053;9.65515439014826
25;Shiga;2016;12;201612;2016-12-01;3;8;11;-0.887303195000903;;2.4;370702;32928;8643;0.117;-0.336782655748142;-0.461726934234975;-0.767516222604065;-0.979151463284513;-1.46407241431824;12;2;12.8231537843225;10.4020786386338;9.06450502375264
26;Kyoto;2016;12;201612;2016-12-01;2;16;18;-1.88706964903238;;2.5;726577;79287;21285;0.135;-0.198085746042444;0.337229006567161;0.564511890960937;0.472033229818012;-0.595104414659742;12;2;13.496099743988;11.280829459758;9.96575787826225
27;Osaka;2016;12;201612;2016-12-01;19;59;78;-1.11556184698188;;3.5;3455735;239676;50624;0.126;1.18888335101453;2.1886832209388;2.24133299475109;1.86713565853127;-1.02958841448899;12;2;15.0555457277254;12.3870432902532;10.8321810511273
28;Hyogo;2016;12;201612;2016-12-01;5;21;26;-1.36330484289519;;3;1346159;135893;38144;0.133;0.495398802486044;1.06936669124679;1.38122607899532;1.41136076695147;-0.691656414621798;12;2;14.1127659099963;11.8196230903505;10.549123750425
29;Nara;2016;12;201612;2016-12-01;2;0;2;1.6094379124341;;2.8;234771;37949;11101;0.141;0.218004983074649;-1.0040489864311;-0.552391354312168;-0.576145346278181;-0.305448414773577;12;2;12.3663658499385;10.5439984320155;9.31479047333265
30;Wakayama;2016;12;201612;2016-12-01;0;4;4;-2.19722457733622;;2;233013;34145;9346;0.161;-0.891570294570933;-1.01297275273072;-0.712502864509646;-0.853237015215558;0.660071584846978;12;2;12.3588495249828;10.4383714413952;9.14270372326037
31;Tottori;2016;12;201612;2016-12-01;3;3;6;0 ;;1.7;158987;19556;6103;0.161;-1.30766102368803;-1.46682543988847;-1.55732094305018;-1.53944673063848;0.660071584846978;12;2;11.9765777168535;9.88103742369854;8.7165357325445
32;Shimane;2016;12;201612;2016-12-01;2;3;5;-0.336472236621213;;0.6;201381;25487;7991;0.18;-2.8333270304507;-1.18618749977507;-1.15580086709305;-1.10544452544102;1.5773155844865;12;2;12.2129539151937;10.1459237972307;8.98607118737446
33;Okayama;2016;12;201612;2016-12-01;5;9;14;-0.54654370636807;;2.2;576813;59351;16563;0.147;-0.614176475159537;0.0631801414172533;0.125522506070469;0.0681481803583154;-0.0157924148874103;12;2;13.2652734028404;10.9912242490955;9.71492657095216
34;Hiroshima;2016;12;201612;2016-12-01;5;21;26;-1.36330484289519;;2.5;973750;75681;21491;0.137;-0.198085746042444;0.684868205928461;0.493954950539115;0.487541967058666;-0.498552414697687;12;2;13.7889098761671;11.2342824171691;9.97538952182521
35;Yamaguchi;2016;12;201612;2016-12-01;0;7;7;-2.70805020110221;;2.1;393258;43388;12837;0.167;-0.752873384865235;-0.391599113080197;-0.34936279252676;-0.342191071774326;0.949727584733145;12;2;12.8822211640067;10.6779381841601;9.46008690508493
36;Tokushima;2016;12;201612;2016-12-01;0;13;13;-3.29583686600433;;2.7;198014;26285;8290;0.164;0.0793080733689514;-1.20620562572494;-1.10906826224759;-1.04629585654501;0.804899584790062;12;2;12.1960930142478;10.1767537132535;9.02280524812934
37;Kagawa;2016;12;201612;2016-12-01;6;8;14;-0.268263986594679;;2.7;313292;29965;9278;0.153;0.0793080733689514;-0.661497206383302;-0.910447936338935;-0.864995298277225;0.273863584998756;12;2;12.6548909419829;10.3077853128923;9.13540128531169
38;Ehime;2016;12;201612;2016-12-01;1;5;6;-1.29928298413026;;2.6;393469;45786;11996;0.161;-0.0593888363367464;-0.390962272034749;-0.267818552089124;-0.451294640144884;0.660071584846978;12;2;12.8827575635584;10.7317336465177;9.3923285398689
39;Kochi;2016;12;201612;2016-12-01;1;4;5;-1.09861228866811;;3;193823;25425;8146;0.176;0.495398802486044;-1.23160373667348;-1.15949276250296;-1.07451108059444;1.38421158456239;12;2;12.1747006504476;10.1434882209168;9.00528228820836
40;Fukuoka;2016;12;201612;2016-12-01;7;29;36;-1.36948724280351;;3.3;1638295;124102;37034;0.129;0.911489531603137;1.30254368809781;1.24364418305238;1.36380865561553;-0.884760414545909;12;2;14.3091666248596;11.7288590870983;10.5195916885978
41;Saga;2016;12;201612;2016-12-01;;;;;;1.6;232128;20930;6825;0.149;-1.44635793339372;-1.01749060274174;-1.45439465202928;-1.35940879916612;0.0807595850746452;12;2;12.3550442226426;9.94893881544005;8.82834762005316
42;Nagasaki;2016;12;201612;2016-12-01;0;6;6;-2.56494935746154;;2.5;359850;42527;11849;0.159;-0.198085746042444;-0.497001626486402;-0.379745490710448;-0.471147886930631;0.563519584884923;12;2;12.793442556936;10.6578944473163;9.37999875481674
43;Kumamoto;2016;12;201612;2016-12-01;2;6;8;-0.955511445027436;;2.5;467874;55521;15759;0.157;-0.198085746042444;-0.185334218523166;0.0244057240091644;-0.0119741277096842;0.466967584922867;12;2;13.0559543078814;10.9245166065459;9.66516690962207
44;Oita;2016;12;201612;2016-12-01;0;7;7;-2.70805020110221;;2.9;325247;33274;9967;0.162;0.356701892780346;-0.617035559951415;-0.751671429009045;-0.749651833512958;0.708347584828006;12;2;12.6923401726581;10.4125315902197;9.20703491496746
45;Miyazaki;2016;12;201612;2016-12-01;3;10;13;-1.09861228866811;;2;288076;32240;9414;0.159;-0.891570294570933;-0.761121037499699;-0.799523432971125;-0.841563974187721;0.563519584884923;12;2;12.5709796131944;10.3809631966206;9.14995322196109
46;Kagoshima;2016;12;201612;2016-12-01;3;21;24;-1.81528996663825;;2.9;445866;52711;16552;0.164;0.356701892780346;-0.242536661664546;-0.0543216722540495;0.0670784508571297;0.804899584790062;12;2;13.007773737428;10.8725794414014;9.71426221942538
47;Okinawa;2016;12;201612;2016-12-01;1;24;25;-2.79320800944252;;3.5;400860;33818;8741;0.104;1.18888335101453;-0.368867579937205;-0.727089536119915;-0.960996850335152;-2.0916604140716;12;2;12.9013675181476;10.4287484840984;9.07577987858049
1;Hokkaido;2017;1;201701;2017-01-01;2;18;20;-2.00148000021012;;3.7;1477607;144914;42320;0.148;1.46627717042593;1.17998115245572;1.47865185302717;1.57864510555478;0.0324835850936174;1;3;14.205934445268;11.883895741999;10.6530150665322
2;Aomori;2017;1;201701;2017-01-01;2;14;16;-1.75785791755237;;3.8;347587;45366;11364;0.158;1.60497408013163;-0.538166340148331;-0.281787503434615;-0.538442407842547;0.515243584903895;1;3;12.7587702723645;10.7225182047863;9.33820574297408
3;Iwate;2017;1;201701;2017-01-01;2;7;9;-1.09861228866811;;2.6;363042;43439;13205;0.166;-0.0593888363367464;-0.486516711276546;-0.347582083036908;-0.296680905173947;0.901451584752117;1;3;12.8022738090333;10.679112934085;9.48835082473123
4;Miyagi;2017;1;201701;2017-01-01;3;10;13;-1.09861228866811;;3.1;709632;57365;16679;0.132;0.634095712191742;0.309212323440282;0.0739321635650061;0.0793859115153343;-0.739932414602825;1;3;13.4725018047894;10.9571896402332;9.72190572207717
5;Akita;2017;1;201701;2017-01-01;0;5;5;-2.39789527279837;;3.5;282676;41770;12275;0.188;1.18888335101453;-0.783587356073732;-0.406970816040098;-0.414274190054493;1.96352358433473;1;3;12.5520566444287;10.6399336574912;9.41531995266272
6;Yamagata;2017;1;201701;2017-01-01;0;6;6;-2.56494935746154;;2.1;319541;38589;11787;0.172;-0.752873384865235;-0.638049079303859;-0.527040614979723;-0.479595319534923;1.19110758463828;1;3;12.6746408700753;10.5607225407468;9.37475250822657
7;Fukushima;2017;1;201701;2017-01-01;1;17;18;-2.4567357728213;;2.5;566897;61429;17951;0.153;-0.198085746042444;0.0425926174374695;0.177686521855224;0.197727141501941;0.273863584998756;1;3;13.2479329083598;11.0256373153343;9.79540110267107
8;Ibaraki;2017;1;201701;2017-01-01;4;9;13;-0.747214401830221;;2.5;761528;71338;23915;0.13;-0.198085746042444;0.393009010777288;0.404373027213247;0.659625172156208;-0.836484414564881;1;3;13.5430822201752;11.1751844237568;10.0822611561144
9;Tochigi;2017;1;201701;2017-01-01;5;6;11;-0.167054084663166;;2.2;549946;46225;12984;0.126;-0.614176475159537;0.006550592343702;-0.253353976084031;-0.32385716577495;-1.02958841448899;1;3;13.2175753705703;10.7412760562553;9.47147310919443
10;Gunma;2017;1;201701;2017-01-01;1;11;12;-2.03688192726104;;2.4;585283;52685;15898;0.137;-0.336782655748142;0.0804871389032565;-0.0550695435603248;0.00216601739857682;-0.498552414697687;1;3;13.2798507699233;10.8720860640336;9.67394859413306
11;Saitama;2017;1;201701;2017-01-01;12;28;40;-0.824175442966349;;3;1436088;144288;43172;0.113;0.495398802486044;1.14614314128549;1.47208962432014;1.61073989473748;-1.65717641424235;1;3;14.1774333080497;11.8795665812208;10.6729474159452
12;Chiba;2017;1;201701;2017-01-01;10;23;33;-0.805625163986636;;2.6;1154393;134479;36271;0.12;-0.0593888363367464;0.886909101057733;1.36537096757742;1.33028798832718;-1.31924441437516;1;3;13.9590852226674;11.8091633320049;10.4987738028922
13;Tokyo;2017;1;201701;2017-01-01;72;130;202;-0.587786664902119;;3;9605820;297291;72030;0.112;0.495398802486044;3.40245054812378;2.56787617315725;2.434978890832;-1.70545241422338;1;3;16.0778797227428;12.6024667360759;11.1848379778834
14;Kanagawa;2017;1;201701;2017-01-01;19;54;73;-1.0277862360995;;2.7;2101073;204608;52241;0.114;0.0793080733689514;1.59792242281427;2.0015423017449;1.91776289211683;-1.60890041426132;1;3;14.5579587245829;12.2288512324195;10.8636229061867
15;Niigata;2017;1;201701;2017-01-01;2;13;15;-1.68639895357023;;2.8;710717;77490;25962;0.16;0.218004983074649;0.311026198581303;0.529761284307259;0.791866610596979;0.611795584865951;1;3;13.4740295986077;11.257904174758;10.1643892094529
16;Toyama;2017;1;201701;2017-01-01;3;7;10;-0.762140052046897;;2.1;359082;34662;11355;0.155;-0.752873384865235;-0.499538192718311;-0.689723388168321;-0.539718139556238;0.370415584960812;1;3;12.7913060536446;10.4533992650093;9.33741345453966
17;Ishikawa;2017;1;201701;2017-01-01;2;5;7;-0.78845736036427;;2.1;369265;31327;10819;0.137;-0.752873384865235;-0.466338172871805;-0.84306926278693;-0.617577599388282;-0.498552414697687;1;3;12.8192698224528;10.3522356244939;9.28905912668757
18;Fukui;2017;1;201701;2017-01-01;3;8;11;-0.887303195000903;;1.7;250924;24055;7805;0.151;-1.30766102368803;-0.925049841240774;-1.24345413630069;-1.14336658568447;0.177311585036701;1;3;12.4329053834195;10.0880981541336;8.96251983294953
19;Yamanashi;2017;1;201701;2017-01-01;3;3;6;0 ;;2.1;210598;25917;6523;0.149;-0.752873384865235;-1.13305507706632;-1.13044027937939;-1.43228251204618;0.0807595850746452;1;3;12.2577063819608;10.162654403027;8.7830896717961
20;Nagano;2017;1;201701;2017-01-01;4;9;13;-0.747214401830221;;2.3;607671;60713;19431;0.161;-0.47547956545384;0.125054326595839;0.159914754766815;0.325292361350831;0.660071584846978;1;3;13.3173888960698;11.0139131221564;9.87462500785103
21;Gifu;2017;1;201701;2017-01-01;1;11;12;-2.03688192726104;;2.2;572692;54791;16314;0.141;-0.614176475159537;0.0546674626253367;0.00434326861456343;0.0437576355764075;-0.305448414773577;1;3;13.2581033293652;10.9112812258717;9.69977891386053
22;Shizuoka;2017;1;201701;2017-01-01;3;11;14;-1.18958406687384;;2.4;1124965;87073;30287;0.14;-0.336782655748142;0.856251019606757;0.706502796984417;1.03997154603044;-0.353724414754603;1;3;13.9332624820256;11.3745021262653;10.3184738565279
23;Aichi;2017;1;201701;2017-01-01;17;29;46;-0.522189382416306;;2.5;2742393;147084;40920;0.113;-0.198085746042444;1.91418565589565;1.50118207628078;1.52447708687823;-1.65717641424235;1;3;14.8243414548736;11.8987591311292;10.6193742200656
24;Mie;2017;1;201701;2017-01-01;2;13;15;-1.68639895357023;;2;477134;51741;15547;0.142;-0.891570294570933;-0.162066058697789;-0.0824759961210994;-0.0337823843880293;-0.257172414792549;1;3;13.075552652851;10.8540057829595;9.65162297294974
25;Shiga;2017;1;201701;2017-01-01;4;11;15;-0.93826963859293;;2.2;370450;32792;8628;0.117;-0.614176475159537;-0.462534291780801;-0.773789862928609;-0.981948382452929;-1.46407241431824;1;3;12.8224737618448;10.3979398621842;9.06276800750905
26;Kyoto;2017;1;201701;2017-01-01;2;11;13;-1.52605630349505;;3;726851;78852;21241;0.135;0.495398802486044;0.337676647385998;0.556172602299381;0.468701234918929;-0.595104414659742;1;3;13.4964767836532;11.2753279566859;9.96368855522688
27;Osaka;2017;1;201701;2017-01-01;24;56;80;-0.835567520601714;;3.5;3455374;238876;50539;0.126;1.18888335101453;2.1885591894103;2.23626496799708;1.86442981076395;-1.02958841448899;1;3;15.05544125824;12.3836998678237;10.8305005944386
28;Hyogo;2017;1;201701;2017-01-01;5;27;32;-1.6094379124341;;2.9;1347738;135265;38094;0.133;0.356701892780346;1.07075848162301;1.37420480952605;1.40924871496786;-0.691656414621798;1;3;14.1139381895458;11.8149910962893;10.5478120683985
29;Nara;2017;1;201701;2017-01-01;1;3;4;-0.847297860387204;;2.6;235273;37955;11018;0.141;-0.0593888363367464;-1.00151305208956;-0.552151711597197;-0.588229623324493;-0.305448414773577;1;3;12.3685018210002;10.5441565264509;9.30728557803266
30;Wakayama;2017;1;201701;2017-01-01;1;3;4;-0.847297860387204;;1.8;233392;33954;9330;0.161;-1.16896411398233;-1.01104323513179;-0.721005849538012;-0.855995955210142;0.660071584846978;1;3;12.360474722326;10.4327619463706;9.14099029384139
31;Tottori;2017;1;201701;2017-01-01;0;2;2;-1.6094379124341;;2.4;159025;19466;6217;0.161;-0.336782655748142;-1.46654170500913;-1.56431310369777;-1.50964698408831;0.660071584846978;1;3;11.976816701547;9.87642463298644;8.73504275426934
32;Shimane;2017;1;201701;2017-01-01;1;3;4;-0.847297860387204;;1.5;201662;25336;7966;0.18;-1.58505484309942;-1.18453200565129;-1.16480818665481;-1.11048992018266;1.5773155844865;1;3;12.2143483075813;10.1399815882185;8.98293776374159
33;Okayama;2017;1;201701;2017-01-01;4;7;11;-0.510825623765991;;2.5;578853;59093;16585;0.147;-0.198085746042444;0.0673716553891818;0.118918842036574;0.0702855096891994;-0.0157924148874103;1;3;13.2688038383103;10.9868677530628;9.71625395138115
34;Hiroshima;2017;1;201701;2017-01-01;10;15;25;-0.389464766761723;;2.4;974254;75417;21456;0.137;-0.336782655748142;0.685482552357007;0.488658031977677;0.484917498709744;-0.498552414697687;1;3;13.7894273289149;11.2307879927738;9.97375960552146
35;Yamaguchi;2017;1;201701;2017-01-01;0;12;12;-3.2188758248682;;1.7;394526;43212;12816;0.167;-1.30766102368803;-0.387777162134156;-0.355524101905458;-0.344827325835972;0.949727584733145;1;3;12.8854403233067;10.6738735134369;9.45844966930814
36;Tokushima;2017;1;201701;2017-01-01;1;6;7;-1.46633706879343;;3;198023;26155;8272;0.164;0.495398802486044;-1.20615166480022;-1.11658378513731;-1.04979583948171;0.804899584790062;1;3;12.1961384645466;10.1717956558047;9.02063159674821
37;Kagawa;2017;1;201701;2017-01-01;2;5;7;-0.78845736036427;;2.5;313847;29709;9319;0.153;-0.198085746042444;-0.659395839307756;-0.923453677980346;-0.857895472355137;0.273863584998756;1;3;12.6566608849936;10.2992053091894;9.13981060578566
38;Ehime;2017;1;201701;2017-01-01;3;6;9;-0.619039208406224;;2.9;393882;45528;12132;0.161;0.356701892780346;-0.389716741599788;-0.276384218110876;-0.433142484159403;0.660071584846978;1;3;12.8838066510375;10.726082800283;9.40360186880847
39;Kochi;2017;1;201701;2017-01-01;1;3;4;-0.847297860387204;;3.1;193605;25322;8131;0.176;0.634095712191742;-1.23293983423346;-1.16564602001734;-1.07747880145741;1.38421158456239;1;3;12.1735752799374;10.1394288620802;9.00343919620784
40;Fukuoka;2017;1;201701;2017-01-01;7;32;39;-1.46633706879343;;3.4;1639044;123720;37047;0.129;1.05018644130883;1.30308635470127;1.23897112159955;1.36437377805448;-0.884760414545909;1;3;14.3096237030032;11.725776226799;10.5199426557859
41;Saga;2017;1;201701;2017-01-01;0;4;4;-2.19722457733622;;1.4;232293;20781;6791;0.149;-1.72375175280512;-1.01664698685572;-1.46522432037292;-1.36745028512983;0.0807595850746452;1;3;12.3557547848564;9.94179438669071;8.82335348511379
42;Nagasaki;2017;1;201701;2017-01-01;1;9;10;-1.84582669049833;;2.5;359737;42262;11852;0.159;-0.198085746042444;-0.497374505356824;-0.389220625956161;-0.470740262112521;0.563519584884923;1;3;12.793128487891;10.6516436161269;9.38025190869346
43;Kumamoto;2017;1;201701;2017-01-01;1;9;10;-1.84582669049833;;3;467684;55401;15754;0.157;0.495398802486044;-0.185816449968238;0.0211259692813948;-0.0124850869880507;0.466967584922867;1;3;13.0555481331652;10.922352923114;9.66484958026327
44;Oita;2017;1;201701;2017-01-01;1;7;8;-1.6094379124341;;3;325706;33161;9987;0.162;0.495398802486044;-0.615361250376966;-0.756827982958856;-0.746424036580799;0.708347584828006;1;3;12.6937504129553;10.40912976561;9.20903952624314
45;Miyazaki;2017;1;201701;2017-01-01;1;12;13;-2.12026353620009;;2;288312;32212;9356;0.159;-0.891570294570933;-0.7601488058994;-0.800840473996029;-0.851515075194327;0.563519584884923;1;3;12.5717985060693;10.3800943329154;9.14377312770407
46;Kagoshima;2017;1;201701;2017-01-01;3;10;13;-1.09861228866811;;2.7;445403;52439;16506;0.164;0.0793080733689514;-0.243770177885563;-0.0621638781165624;0.0625973206022034;0.804899584790062;1;3;13.0067347693014;10.8674058682832;9.71147923015263
47;Okinawa;2017;1;201701;2017-01-01;2;16;18;-1.88706964903238;;3.8;400761;33800;8778;0.104;1.60497408013163;-0.369160830427581;-0.727896562696965;-0.954195438254985;-2.0916604140716;1;3;12.9011205186291;10.4282160814711;9.08000387024818
1;Hokkaido;2017;2;201702;2017-02-01;3;31;34;-2.19722457733622;;3.7;1479948;145508;42297;0.148;1.46627717042593;1.18186064804449;1.48485247395257;1.57776976660395;0.0324835850936174;2;3;14.2075175099879;11.8879863469001;10.6524714405335
2;Aomori;2017;2;201702;2017-02-01;0;6;6;-2.56494935746154;;3.8;348178;45437;11417;0.158;1.60497408013163;-0.536149378486229;-0.279417025686541;-0.530950198556563;0.515243584903895;2;3;12.7604691222409;10.7240820300888;9.34285875167633
3;Iwate;2017;2;201702;2017-02-01;2;9;11;-1.33500106673234;;2.6;363513;43605;13264;0.166;-0.0593888363367464;-0.484977404759111;-0.341800491351261;-0.289502611396104;0.901451584752117;2;3;12.8035703387275;10.6829271016611;9.49280887737508
4;Miyagi;2017;2;201702;2017-02-01;2;9;11;-1.33500106673234;;3.1;712331;57476;16703;0.132;0.634095712191742;0.313719325391872;0.0768624076057264;0.0817011993775317;-0.739932414602825;2;3;13.4762979700078;10.9591227483491;9.72334362298995
5;Akita;2017;2;201702;2017-02-01;1;2;3;-0.510825623765991;;3.5;283054;41900;12262;0.188;1.18888335101453;-0.782000800492997;-0.4022604834224;-0.4159803822902;1.96352358433473;2;3;12.5533929711438;10.6430411059102;9.41426032832263
6;Yamagata;2017;2;201702;2017-02-01;3;14;17;-1.42138568093116;;2.1;320264;38594;11832;0.172;-0.752873384865235;-0.635365814781688;-0.526844221984883;-0.473459712109383;1.19110758463828;2;3;12.6769009346505;10.5608521029563;9.37856300439064
7;Fukushima;2017;2;201702;2017-02-01;4;16;20;-1.29928298413026;;2.5;568365;61531;18156;0.153;-0.198085746042444;0.0456630731139041;0.180201383282668;0.216011223188322;0.273863584998756;2;3;13.2505190969545;11.0272963918372;9.80675636357636
8;Ibaraki;2017;2;201702;2017-02-01;4;12;16;-1.02165124753198;;2.5;764404;71567;23891;0.13;-0.198085746042444;0.397484359189448;0.409231122991028;0.658008451815825;-0.836484414564881;2;3;13.5468517241969;11.1783893528498;10.081257097962
9;Tochigi;2017;2;201702;2017-02-01;5;5;10;0 ;;2.2;552352;46306;13013;0.126;-0.614176475159537;0.0117334577323782;-0.250700131309679;-0.320264796484617;-1.02958841448899;2;3;13.2219408031864;10.7430268213111;9.47370413677676
10;Gunma;2017;2;201702;2017-02-01;2;10;12;-1.43508452528932;;2.4;587695;52756;16054;0.137;-0.336782655748142;0.0853698461381773;-0.0530281509367317;0.0178890397897957;-0.498552414697687;2;3;13.2839633848225;10.8734327889458;9.68371331869152
11;Saitama;2017;2;201702;2017-02-01;7;25;32;-1.22377543162212;;3;1443022;144800;43254;0.113;0.495398802486044;1.15186186420832;1.47745892831789;1.6137953476885;-1.65717641424235;2;3;14.182250083655;11.8831087589338;10.6748449936326
12;Chiba;2017;2;201702;2017-02-01;10;28;38;-0.998528830111127;;2.6;1159880;134793;36387;0.12;-0.0593888363367464;0.892538912137841;1.36890618632592;1.33542938308348;-1.31924441437516;2;3;13.9638271094555;11.8114955473286;10.501966846977
13;Tokyo;2017;2;201702;2017-02-01;72;180;252;-0.912144215912306;;3;9634180;298281;72250;0.112;0.495398802486044;3.40595059700268;2.5729155747128;2.43988935916901;-1.70545241422338;2;3;16.0808277498259;12.6057912742068;11.1878876059747
14;Kanagawa;2017;2;201702;2017-02-01;15;42;57;-1.00866405200517;;2.7;2109745;205059;52021;0.114;0.0793080733689514;1.60281261636443;2.00487981791636;1.91096767550811;-1.60890041426132;2;3;14.5620776450684;12.2310530215907;10.8594027621935
15;Niigata;2017;2;201702;2017-02-01;2;24;26;-2.28238238567653;;2.8;712067;77715;26136;0.16;0.218004983074649;0.313279231629984;0.534156242590345;0.802622240327844;0.611795584865951;2;3;13.4759272870905;11.260803567917;10.1710689532809
16;Toyama;2017;2;201702;2017-02-01;3;7;10;-0.762140052046897;;2.1;360219;34677;11377;0.155;-0.752873384865235;-0.495784810446445;-0.689067558084129;-0.536601466831565;0.370415584960812;2;3;12.7944674588059;10.4538319219624;9.33934905253972
17;Ishikawa;2017;2;201702;2017-02-01;2;3;5;-0.336472236621213;;2.1;370905;31371;11055;0.137;-0.752873384865235;-0.461076961911394;-0.840941727836959;-0.582831450322609;-0.498552414697687;2;3;12.8237012441094;10.3536391782667;9.31063809329155
18;Fukui;2017;2;201702;2017-02-01;1;8;9;-1.73460105538811;;1.7;252290;24084;7858;0.151;-1.30766102368803;-0.91860411751556;-1.24162780892513;-1.13246954404308;0.177311585036701;2;3;12.4383344984889;10.0893029985843;8.96928740011841
19;Yamanashi;2017;2;201702;2017-02-01;0;4;4;-2.19722457733622;;2.1;211458;25997;6556;0.149;-0.752873384865235;-1.12821667884606;-1.1257684875704;-1.42415708205128;0.0807595850746452;2;3;12.2617816761883;10.1657364257309;8.78813593986372
20;Nagano;2017;2;201702;2017-02-01;3;16;19;-1.55059741241117;;2.3;609694;60720;19629;0.161;-0.47547956545384;0.129000245061907;0.160089513528622;0.341616967135582;0.660071584846978;2;3;13.3207124709421;11.0140284120695;9.88476334353785
21;Gifu;2017;2;201702;2017-02-01;6;7;13;-0.143100843640673;;2.2;575357;54892;16304;0.141;-0.614176475159537;0.0601794752661341;0.00713491122676118;0.0427703365324146;-0.305448414773577;2;3;13.2627459966849;10.9131228973895;9.69916575546251
22;Shizuoka;2017;2;201702;2017-02-01;10;15;25;-0.389464766761723;;2.4;1130351;87186;30392;0.14;-0.336782655748142;0.861921663951981;0.708468694753284;1.04554413933597;-0.353724414754603;2;3;13.9380387619253;11.3757990465488;10.3219346948675
23;Aichi;2017;2;201702;2017-02-01;17;45;62;-0.955511445027436;;2.5;2752867;147621;40907;0.113;-0.198085746042444;1.91871147807376;1.50670621918787;1.52396546069955;-1.65717641424235;2;3;14.8281534720242;11.9024034574509;10.6190564765308
24;Mie;2017;2;201702;2017-02-01;6;8;14;-0.268263986594679;;2;479188;51804;15614;0.142;-0.891570294570933;-0.156966065505421;-0.0806314517214577;-0.0268581762050222;-0.257172414792549;2;3;13.0798482837336;10.8552226453435;9.65592322668024
25;Shiga;2017;2;201702;2017-02-01;2;7;9;-1.09861228866811;;2.2;371983;32765;8678;0.117;-0.614176475159537;-0.457631334144493;-0.775038460139056;-0.972644150159712;-1.46407241431824;2;3;12.8266034332863;10.3971161514736;9.0685463663583
26;Kyoto;2017;2;201702;2017-02-01;5;17;22;-1.15745278869104;;3;730223;79081;21300;0.135;0.495398802486044;0.343171795068418;0.56056842881704;0.473167563052951;-0.595104414659742;2;3;13.5011052459273;11.278227922627;9.96646235169752
27;Osaka;2017;2;201702;2017-02-01;9;63;72;-1.89974810729215;;3.5;3468596;239707;50646;0.126;1.18888335101453;2.1930935404504;2.24152904017454;1.86783525548369;-1.02958841448899;2;3;15.0592604590949;12.3871726231667;10.8326155332118
28;Hyogo;2017;2;201702;2017-02-01;7;29;36;-1.36948724280351;;2.9;1353059;135509;38288;0.133;0.356701892780346;1.07543663562434;1.37693668328274;1.41742804381561;-0.691656414621798;2;3;14.1178785130019;11.8167933377603;10.5528918101482
29;Nara;2017;2;201702;2017-02-01;2;4;6;-0.587786664902119;;2.6;236458;38108;11048;0.141;-0.0593888363367464;-0.995548230161761;-0.546053588188105;-0.583851339215484;-0.305448414773577;2;3;12.3735258812912;10.5481795128267;9.31000469508913
30;Wakayama;2017;2;201702;2017-02-01;1;2;3;-0.510825623765991;;1.8;234528;34038;9308;0.161;-1.16896411398233;-1.00527848865798;-0.717260439814029;-0.859797232984693;0.660071584846978;2;3;12.3653302627256;10.4352328265546;9.13862952442218
31;Tottori;2017;2;201702;2017-02-01;1;4;5;-1.09861228866811;;2.4;159399;19490;6229;0.161;-0.336782655748142;-1.46375276839197;-1.56244537159995;-1.50654201260956;0.660071584846978;2;3;11.9791657717929;9.87765679250161;8.73697108525415
32;Shimane;2017;2;201702;2017-02-01;0;3;3;-1.94591014905531;;1.5;202289;25391;8044;0.18;-1.58505484309942;-1.18084637477053;-1.16152117439641;-1.09480028887387;1.5773155844865;2;3;12.2174526469864;10.142150059508;8.99268175089254
33;Okayama;2017;2;201702;2017-02-01;5;14;19;-0.969400557188104;;2.5;581479;59148;16560;0.147;-0.198085746042444;0.0727455089767315;0.120329014629156;0.0678565064221124;-0.0157924148874103;2;3;13.2733301367892;10.9877980564934;9.71474542793925
34;Hiroshima;2017;2;201702;2017-02-01;2;14;16;-1.75785791755237;;2.4;979174;75441;21555;0.137;-0.336782655748142;0.691463104051218;0.489140335620911;0.492329960247276;-0.498552414697687;2;3;13.7944646381001;11.2311061727868;9.97836308718123
35;Yamaguchi;2017;2;201702;2017-02-01;1;11;12;-2.03688192726104;;1.7;396383;43320;12848;0.167;-1.30766102368803;-0.382201983074346;-0.351740330574644;-0.340811897419857;0.949727584733145;2;3;12.8901361945446;10.6763697011149;9.46094343618654
36;Tokushima;2017;2;201702;2017-02-01;2;6;8;-0.955511445027436;;3;198675;26186;8270;0.164;0.495398802486044;-1.202249005746;-1.11478823568114;-1.05018519650462;0.804899584790062;2;3;12.1994256028084;10.1729801957877;9.02038978801774
37;Kagawa;2017;2;201702;2017-02-01;2;7;9;-1.09861228866811;;2.5;314636;29790;9289;0.153;-0.198085746042444;-0.656414878044128;-0.919326499375774;-0.863087392031014;0.273863584998756;2;3;12.6591716940831;10.3019280457073;9.13658618338752
38;Ehime;2017;2;201702;2017-02-01;3;8;11;-0.887303195000903;;2.9;395646;45688;12005;0.161;0.356701892780346;-0.384411509325686;-0.271066478750877;-0.450087050934196;0.660071584846978;2;3;12.8882751510406;10.7295909603447;9.39307850865535
39;Kochi;2017;2;201702;2017-02-01;1;4;5;-1.09861228866811;;3.1;194318;25402;8048;0.176;0.634095712191742;-1.22857550881822;-1.16086462641499;-1.09399979869562;1.38421158456239;2;3;12.1772512713217;10.1425831900643;8.99317889233952
40;Fukuoka;2017;2;201702;2017-02-01;5;32;37;-1.77649199709727;;3.4;1646438;123771;37037;0.129;1.05018644130883;1.30843019810809;1.23959584592198;1.36393908609125;-0.884760414545909;2;3;14.3141247244564;11.7261883630037;10.5196726919594
41;Saga;2017;2;201702;2017-02-01;2;1;3;0.510825623765991;;1.4;232961;20780;6756;0.149;-1.72375175280512;-1.01323773346334;-1.4652972647222;-1.37577044959538;0.0807595850746452;2;3;12.3586263365637;9.94174626465322;8.81818627792769
42;Nagasaki;2017;2;201702;2017-02-01;2;7;9;-1.09861228866811;;2.5;361265;42376;11895;0.159;-0.198085746042444;-0.492342278965253;-0.385137268830703;-0.46490895104412;0.563519584884923;2;3;12.7973670400381;10.6543374432244;9.38387342273706
43;Kumamoto;2017;2;201702;2017-02-01;2;15;17;-1.82454929205105;;3;470119;55447;15723;0.157;0.495398802486044;-0.179651054201536;0.02238404748398;-0.0156566586696316;0.466967584922867;2;3;13.060741133128;10.9231828885196;9.66287988747028
44;Oita;2017;2;201702;2017-02-01;1;7;8;-1.6094379124341;;3;327250;33169;10027;0.162;0.495398802486044;-0.609746417624721;-0.756462339646378;-0.73998778953646;0.708347584828006;2;3;12.6984796837721;10.4093709837628;9.21303673352392
45;Miyazaki;2017;2;201702;2017-02-01;0;11;11;-3.13549421592915;;2;290048;32260;9431;0.159;-0.891570294570933;-0.753021499781994;-0.798583389499171;-0.838658888621042;0.563519584884923;2;3;12.5778017055076;10.3815833516792;9.15175741454389
46;Kagoshima;2017;2;201702;2017-02-01;2;14;16;-1.75785791755237;;2.7;446667;52520;16612;0.164;0.0793080733689514;-0.24040567375198;-0.0598242702997883;0.0729047241071908;0.804899584790062;2;3;13.0095686295274;10.8689493284167;9.71788060475064
47;Okinawa;2017;2;201702;2017-02-01;3;17;20;-1.6094379124341;;3.8;402523;33814;8698;0.104;1.60497408013163;-0.363952360991721;-0.727268838231544;-0.968937458927031;-2.0916604140716;2;3;12.9055075170653;10.4286301968969;9.07084839315758
1;Hokkaido;2017;3;201703;2017-03-01;8;20;28;-0.880358722648092;;3.7;1476737;146147;42076;0.148;1.46627717042593;1.17928190509048;1.49149464063424;1.56933455839599;0.0324835850936174;3;3;14.2053454820158;11.8923682434727;10.6472327858592
2;Aomori;2017;3;201703;2017-03-01;2;14;16;-1.75785791755237;;3.8;348634;45537;11439;0.158;1.60497408013163;-0.534595482590675;-0.27608459958578;-0.527850434637334;0.515243584903895;3;3;12.7617779403011;10.726280461295;9.34478384852567
3;Iwate;2017;3;201703;2017-03-01;2;11;13;-1.52605630349505;;2.6;364639;43668;13210;0.166;-0.0593888363367464;-0.481305517603221;-0.339612032612951;-0.296071332590328;0.901451584752117;3;3;12.8066631020449;10.6843708474002;9.48872939751637
4;Miyagi;2017;3;201703;2017-03-01;6;17;23;-0.990398704027877;;3.1;713488;57699;16632;0.132;0.634095712191742;0.315646147819179;0.0827322282011532;0.0748421397667562;-0.739932414602825;3;3;13.4779208972572;10.9629951213235;9.71908382953785
5;Akita;2017;3;201703;2017-03-01;4;6;10;-0.367724780125317;;3.5;283524;41977;12160;0.188;1.18888335101453;-0.780031051502439;-0.399477403993387;-0.429430543861549;1.96352358433473;3;3;12.5550520546515;10.6448771282198;9.40590715552016
6;Yamagata;2017;3;201703;2017-03-01;4;9;13;-0.747214401830221;;2.1;320726;38670;11761;0.172;-0.752873384865235;-0.6336543678678;-0.523862177023444;-0.48315102294777;1.19110758463828;3;3;12.6783424550486;10.5628193846013;9.37254425185104
7;Fukushima;2017;3;201703;2017-03-01;2;22;24;-2.19722457733622;;2.5;569172;61654;18073;0.153;-0.198085746042444;0.0473476107250521;0.183228471452579;0.208633395010278;0.273863584998756;3;3;13.2519379521397;11.0292933888884;9.80217439083564
8;Ibaraki;2017;3;201703;2017-03-01;5;21;26;-1.36330484289519;;2.5;766410;71652;23906;0.13;-0.198085746042444;0.400595942174162;0.411030391515083;0.659019092240912;-0.836484414564881;3;3;13.5494725535704;11.179576346335;10.0818847524379
9;Tochigi;2017;3;201703;2017-03-01;5;7;12;-0.31015492830384;;2.2;554120;46546;13079;0.126;-0.614176475159537;0.0155276107160982;-0.242864056218943;-0.312118813037909;-1.02958841448899;3;3;13.2251365487718;10.7481963499046;9.47876316948915
10;Gunma;2017;3;201703;2017-03-01;2;9;11;-1.33500106673234;;2.4;590142;52911;16044;0.137;-0.336782655748142;0.090302970197425;-0.0485811187268986;0.0168857461188527;-0.498552414697687;3;3;13.2881184648897;10.8763665357385;9.68309022688994
11;Saitama;2017;3;201703;2017-03-01;12;22;34;-0.587786664902119;;3;1451922;145580;43218;0.113;0.495398802486044;1.15916188074343;1.48560234372269;1.61245464323103;-1.65717641424235;3;3;14.1883987539157;11.8884810426722;10.6740123541174
12;Chiba;2017;3;201703;2017-03-01;15;40;55;-0.960461950187293;;2.6;1167750;135562;36459;0.12;-0.0593888363367464;0.900567424443171;1.37752943177794;1.33861235611977;-1.31924441437516;3;3;13.9705893783644;11.8171843792268;10.5039436205389
13;Tokyo;2017;3;201703;2017-03-01;89;207;296;-0.840892714389943;;3;9680535;299787;71865;0.112;0.495398802486044;3.4116493751602;2.58054958897294;2.43128618712569;-1.70545241422338;3;3;16.0856277263206;12.610827501469;11.1825446379853
14;Kanagawa;2017;3;201703;2017-03-01;14;51;65;-1.26743315824316;;2.7;2119716;205898;52188;0.114;0.0793080733689514;1.60841054209479;2.01106915056594;1.91612848283917;-1.60890041426132;3;3;14.5667926754103;12.2351361795156;10.8626078623856
15;Niigata;2017;3;201703;2017-03-01;5;13;18;-0.897941593205959;;2.8;713456;77989;26018;0.16;0.218004983074649;0.315592898300719;0.539491174543412;0.795336039172125;0.611795584865951;3;3;13.4778760461629;11.2643230700857;10.1665438851615
16;Toyama;2017;3;201703;2017-03-01;1;6;7;-1.46633706879343;;2.1;362104;34698;11339;0.155;-0.752873384865235;-0.489588209447066;-0.688149872404243;-0.541988605726599;0.370415584960812;3;3;12.7996867423649;10.4544373273863;9.33600338997184
17;Ishikawa;2017;3;201703;2017-03-01;3;5;8;-0.451985123743057;;2.1;372796;31424;10816;0.137;-0.752873384865235;-0.455039328568289;-0.838382973741131;-0.618024149692158;-0.498552414697687;3;3;12.8287866321223;10.3553272111542;9.28878179828274
18;Fukui;2017;3;201703;2017-03-01;3;4;7;-0.251314428280906;;1.7;253450;24230;7805;0.151;-1.30766102368803;-0.913157785880076;-1.23246647262705;-1.14336658568447;0.177311585036701;3;3;12.4429218439005;10.0953468138106;8.96251983294953
19;Yamanashi;2017;3;201703;2017-03-01;1;8;9;-1.73460105538811;;2.1;212205;26076;6603;0.149;-0.752873384865235;-1.12402996623341;-1.12116917983635;-1.41265483082344;0.0807595850746452;3;3;12.2653080675611;10.1687706300444;8.79527937019457
20;Nagano;2017;3;201703;2017-03-01;3;16;19;-1.55059741241117;;2.3;611230;60904;19572;0.161;-0.47547956545384;0.131987521751779;0.164675961959446;0.336934399628367;0.660071584846978;3;3;13.3232285993995;11.017054132986;9.88185525240901
21;Gifu;2017;3;201703;2017-03-01;3;18;21;-1.66500776358891;;2.2;578284;55340;16468;0.141;-0.614176475159537;0.0662040390683586;0.0194560361509644;0.0588860878987188;-0.305448414773577;3;3;13.2678203764629;10.9212512533409;9.7091743828898
22;Shizuoka;2017;3;201703;2017-03-01;7;13;20;-0.587786664902119;;2.4;1135459;87475;30373;0.14;-0.336782655748142;0.867274707434975;0.713484953611541;1.04453719342156;-0.353724414754603;3;3;13.9425475324342;11.3791083172359;10.3213093348537
23;Aichi;2017;3;201703;2017-03-01;17;37;54;-0.762140052046897;;2.5;2765476;148714;40882;0.113;-0.198085746042444;1.92413704775378;1.5178881506356;1.52298110705142;-1.65717641424235;3;3;14.8327233300209;11.9097802773104;10.6184451473599
24;Mie;2017;3;201703;2017-03-01;4;11;15;-0.93826963859293;;2;481790;51934;15525;0.142;-0.891570294570933;-0.150536708461187;-0.0768323287453904;-0.0360625142186347;-0.257172414792549;3;3;13.0852636134473;10.8577289606388;9.65020690680168
25;Shiga;2017;3;201703;2017-03-01;0;12;12;-3.2188758248682;;2.2;373671;32905;8656;0.117;-0.614176475159537;-0.452255962843452;-0.768575383285401;-0.976731390283107;-1.46407241431824;3;3;12.8311310101075;10.4013799008902;9.06600800108626
26;Kyoto;2017;3;201703;2017-03-01;7;30;37;-1.4028236630711;;3;734090;79375;21184;0.135;0.495398802486044;0.349442464397032;0.566193354425074;0.464374509876248;-0.595104414659742;3;3;13.5063869158838;11.281938736195;9.96100145873674
27;Osaka;2017;3;201703;2017-03-01;25;64;89;-0.927986771637346;;3.5;3483018;240741;50501;0.126;1.18888335101453;2.19801975248868;2.24805361869931;1.86321866528929;-1.02958841448899;3;3;15.0634097172934;12.391476945784;10.8297484170476
28;Hyogo;2017;3;201703;2017-03-01;10;40;50;-1.34992671694902;;2.9;1360873;136352;38180;0.133;0.356701892780346;1.08227336330051;1.38633737258872;1.41287973081272;-0.691656414621798;3;3;14.1236369635397;11.8229950562996;10.5500670972797
29;Nara;2017;3;201703;2017-03-01;3;4;7;-0.251314428280906;;2.6;237214;38229;11104;0.141;-0.0593888363367464;-0.991758423218333;-0.541248202080424;-0.575710258873488;-0.305448414773577;3;3;12.3767179662864;10.5513496688804;9.31506068274659
30;Wakayama;2017;3;201703;2017-03-01;1;2;3;-0.510825623765991;;1.8;235430;34084;9302;0.161;-1.16896411398233;-1.00072105180376;-0.715213296955762;-0.860835504462086;0.660071584846978;3;3;12.369168908339;10.4365833449478;9.13798470978404
31;Tottori;2017;3;201703;2017-03-01;2;6;8;-0.955511445027436;;2.4;159988;19591;6185;0.161;-0.336782655748142;-1.45937380627468;-1.55461045612223;-1.5179562995341;0.660071584846978;3;3;11.9828540914033;9.88282555608803;8.72988228482659
32;Shimane;2017;3;201703;2017-03-01;1;6;7;-1.46633706879343;;1.5;202676;25353;8007;0.18;-1.58505484309942;-1.17857720889793;-1.16379143975449;-1.10222374984955;1.5773155844865;3;3;12.2193639238514;10.1406523452126;8.98807143807263
33;Okayama;2017;3;201703;2017-03-01;4;9;13;-0.747214401830221;;2.5;583877;59392;16602;0.147;-0.198085746042444;0.0776316254046584;0.126569281451207;0.071935141395651;-0.0157924148874103;3;3;13.2774456231893;10.9919148161459;9.71727844901498
34;Hiroshima;2017;3;201703;2017-03-01;7;23;30;-1.14209740060785;;2.4;982700;75707;21484;0.137;-0.336782655748142;0.695730709883295;0.494475616928605;0.487017415490429;-0.498552414697687;3;3;13.7980591643505;11.2346259054278;9.97506375102535
35;Yamaguchi;2017;3;201703;2017-03-01;0;10;10;-3.04452243772342;;1.7;398116;43422;12803;0.167;-1.30766102368803;-0.377022594044142;-0.34817542046517;-0.346461458259709;0.949727584733145;3;3;12.8944986990876;10.6787215040942;9.45743479744618
36;Tokushima;2017;3;201703;2017-03-01;2;9;11;-1.33500106673234;;3;198569;26218;8268;0.164;0.495398802486044;-1.2028826144948;-1.11293699350011;-1.05057464770023;0.804899584790062;3;3;12.1988919257609;10.1742014767578;9.02014792080166
37;Kagawa;2017;3;201703;2017-03-01;5;8;13;-0.435318071257846;;2.5;315799;29940;9250;0.153;-0.198085746042444;-0.652034490579483;-0.911713122999434;-0.869862012570532;0.273863584998756;3;3;12.6628612142376;10.3069506579736;9.13237883050647
38;Ehime;2017;3;201703;2017-03-01;1;12;13;-2.12026353620009;;2.9;396705;45783;12073;0.161;0.356701892780346;-0.38123791621716;-0.267917875225806;-0.44099219783945;0.660071584846978;3;3;12.8909482104059;10.731668122159;9.39872683333239
39;Kochi;2017;3;201703;2017-03-01;3;7;10;-0.762140052046897;;3.1;194978;25504;8111;0.176;0.634095712191742;-1.22454984924514;-1.15479014199239;-1.08144429037314;1.38421158456239;3;3;12.1806420106684;10.1465905815899;9.00097644407035
40;Fukuoka;2017;3;201703;2017-03-01;11;45;56;-1.3753652905877;;3.4;1656808;124222;36916;0.129;1.05018644130883;1.31588458451924;1.24510919183247;1.35866999152934;-0.884760414545909;3;3;14.3204034176371;11.7298255664506;10.5164003403855
41;Saga;2017;3;201703;2017-03-01;0;8;8;-2.83321334405622;;1.4;233664;20908;6796;0.149;-1.72375175280512;-1.00966039290239;-1.45598880300077;-1.36626519200178;0.0807595850746452;3;3;12.3616394650153;9.94788713983281;8.82408948279182
42;Nagasaki;2017;3;201703;2017-03-01;3;16;19;-1.55059741241117;;2.5;363034;42549;11729;0.159;-0.198085746042444;-0.486542873854865;-0.378961531853847;-0.487538079789579;0.563519584884923;3;3;12.8022517727726;10.6584116319627;9.3698196865215
43;Kumamoto;2017;3;201703;2017-03-01;2;17;19;-1.94591014905531;;3;471672;55643;15679;0.157;0.495398802486044;-0.175735529667468;0.0277328824478693;-0.020168997286504;0.466967584922867;3;3;13.0640391077479;10.9267115626284;9.66007751636045
44;Oita;2017;3;201703;2017-03-01;0;5;5;-2.39789527279837;;3;328759;33296;9931;0.162;0.495398802486044;-0.604284403181845;-0.750669534993336;-0.755478223886068;0.708347584828006;3;3;12.7030802385252;10.4131925486334;9.20341645690336
45;Miyazaki;2017;3;201703;2017-03-01;2;10;12;-1.43508452528932;;2;291245;32434;9423;0.159;-0.891570294570933;-0.748131911326706;-0.790429516661599;-0.840025334834713;0.563519584884923;3;3;12.5819201163327;10.3869625342793;9.15090878820676
46;Kagoshima;2017;3;201703;2017-03-01;3;14;17;-1.42138568093116;;2.7;448277;52620;16507;0.164;0.0793080733689514;-0.236133950390204;-0.0569408377203282;0.0626948692018984;0.804899584790062;3;3;13.0131666238977;10.8708515545943;9.71153981234754
47;Okinawa;2017;3;201703;2017-03-01;6;13;19;-0.730887508542792;;3.8;404364;33928;8764;0.104;1.60497408013163;-0.358534667141953;-0.722167021077619;-0.956765568027155;-2.0916604140716;3;3;12.9100707413944;10.4319959111544;9.07840770071536
1;Hokkaido;2017;4;201704;2017-04-01;9;20;29;-0.769133087537867;;3.4;1487559;146385;42051;0.153;1.05018644130883;1.18795073590564;1.49396114174513;1.5683775612323;0.273863584998756;4;3;14.2126470794809;11.8939954162437;10.6466384463312
2;Aomori;2017;4;201704;2017-04-01;2;4;6;-0.587786664902119;;3.2;351975;45602;11375;0.163;0.77279262189744;-0.523272086690765;-0.273922444636707;-0.536884551565137;0.756623584809034;4;3;12.7713154293307;10.7277068541898;9.33917324381915
3;Iwate;2017;4;201704;2017-04-01;2;14;16;-1.75785791755237;;2.5;364680;43886;13235;0.171;-0.198085746042444;-0.481172030605488;-0.332063560726581;-0.293026926388634;1.14283158465726;4;3;12.8067755356988;10.6893506415958;9.4906201146612
4;Miyagi;2017;4;201704;2017-04-01;3;12;15;-1.27296567581289;;3.1;708670;57923;16619;0.136;0.634095712191742;0.307601755464596;0.0886055761106046;0.073583084787852;-0.546828414678714;4;3;13.4711452528737;10.9668698212984;9.71830189812752
5;Akita;2017;4;201704;2017-04-01;0;8;8;-2.83321334405622;;2.7;283621;42029;12297;0.193;0.0793080733689514;-0.779624935346354;-0.397600808210601;-0.411390900082631;2.20490358423987;4;3;12.5553941188536;10.646115135187;9.41711060917245
6;Yamagata;2017;4;201704;2017-04-01;1;1;2;0 ;;2.2;321125;38743;11732;0.174;-0.614176475159537;-0.632178282872654;-0.521003357537171;-0.487126285074305;1.28765958460034;4;3;12.6795857344122;10.5647053733019;9.37007543009734
7;Fukushima;2017;4;201704;2017-04-01;2;16;18;-1.88706964903238;;2.6;569217;61866;18141;0.156;-0.0593888363367464;0.047441473731247;0.188431744867933;0.214680380926925;0.41869158494184;4;3;13.2520170112311;11.032726034746;9.80592984894132
8;Ibaraki;2017;4;201704;2017-04-01;5;10;15;-0.646627164925052;;2.6;767542;71856;23813;0.135;-0.0593888363367464;0.402348237779398;0.415339942180928;0.652742871703595;-0.595104414659742;4;3;13.5509484800733;11.1824193953275;10.0779869290239
9;Tochigi;2017;4;201704;2017-04-01;2;9;11;-1.33500106673234;;2.4;555517;46655;12989;0.13;-0.336782655748142;0.0185170403966888;-0.239318504974355;-0.323237219684668;-0.836484414564881;4;3;13.2276544906539;10.7505353816681;9.47185812440728
10;Gunma;2017;4;201704;2017-04-01;2;13;15;-1.68639895357023;;1.9;594593;53071;15986;0.142;-1.03026720427663;0.0992239191631113;-0.0440042775227799;0.0110542826296409;-0.257172414792549;4;3;13.2956324168566;10.8793859186819;9.67946861818596
11;Saitama;2017;4;201704;2017-04-01;14;23;37;-0.482851771723585;;3;1459622;146329;43216;0.119;0.495398802486044;1.16544161138892;1.49338114950812;1.61238012690825;-1.36752041435619;4;3;14.1936880560535;11.8936127901945;10.6739660760324
12;Chiba;2017;4;201704;2017-04-01;11;25;36;-0.796331416795176;;2.8;1169734;136095;36599;0.127;0.218004983074649;0.902582845359169;1.38347761734543;1.34478351630454;-0.981312414507964;4;3;13.9722869304986;11.8211084502718;10.5077761966118
13;Tokyo;2017;4;201704;2017-04-01;71;190;261;-0.979954744866794;;2.9;9711437;300987;72481;0.116;0.356701892780346;3.41543325743855;2.58660506567135;2.44502928458504;-1.51234841429927;4;3;16.0888148210789;12.6148223534296;11.1910797375312
14;Kanagawa;2017;4;201704;2017-04-01;18;34;52;-0.623188591953035;;3.2;2125849;206594;52181;0.12;0.77279262189744;1.61184067074115;2.0161844582857;1.91591249338368;-1.31924441437516;4;3;14.5696818099618;12.2385107936196;10.8624737229379
15;Niigata;2017;4;201704;2017-04-01;7;15;22;-0.725937003382936;;2.7;715482;78146;25930;0.164;0.0793080733689514;0.318959556156308;0.542539611191834;0.789880718464695;0.804899584790062;4;3;13.4807117204295;11.2663341509185;10.1631558785327
16;Toyama;2017;4;201704;2017-04-01;4;6;10;-0.367724780125317;;2.4;364697;34778;11281;0.16;-0.336782655748142;-0.481116686739472;-0.68465900771454;-0.550245987722511;0.611795584865951;4;3;12.8068221508238;10.456740281942;9.33087517360492
17;Ishikawa;2017;4;201704;2017-04-01;3;7;10;-0.762140052046897;;1.9;375027;31482;10800;0.142;-1.03026720427663;-0.447955391789557;-0.835587768583917;-0.620407845109576;-0.257172414792549;4;3;12.8347533023607;10.3571712329148;9.28730141311231
18;Fukui;2017;4;201704;2017-04-01;0;5;5;-2.39789527279837;;2.1;255227;24379;7752;0.154;-0.752873384865235;-0.904862722107533;-1.22317362995083;-1.15433787655909;0.322139584979784;4;3;12.4499086242295;10.1014773849668;8.9557061535706
19;Yamanashi;2017;4;201704;2017-04-01;3;2;5;0.336472236621213;;2;213592;26186;6522;0.154;-0.891570294570933;-1.11629518498002;-1.11478823568114;-1.43252937842619;0.322139584979784;4;3;12.2718229321833;10.1729801957877;8.78293635634926
20;Nagano;2017;4;201704;2017-04-01;6;14;20;-0.802346472524937;;2.1;611951;60998;19608;0.165;-0.752873384865235;0.133387164584753;0.167013694120301;0.339893394569023;0.853175584771089;4;3;13.3244074929296;11.0185963557327;9.88369292520795
21;Gifu;2017;4;201704;2017-04-01;4;12;16;-1.02165124753198;;2.3;582752;55492;16352;0.146;-0.47547956545384;0.075341851902851;0.0236137666267269;0.0475038606480763;-0.0640684148684381;4;3;13.2755169888955;10.9239941452006;9.70210549300343
22;Shizuoka;2017;4;201704;2017-04-01;8;24;32;-1.05860695405441;;2.5;1144724;87517;30270;0.145;-0.198085746042444;0.876923006271066;0.714212580512429;1.03906749985755;-0.112344414849466;4;3;13.9506741178788;11.379588339189;10.3179124020158
23;Aichi;2017;4;201704;2017-04-01;13;41;54;-1.12300374179227;;2.7;2785034;149260;40730;0.118;0.0793080733689514;1.93250397486903;1.52344325727956;1.51698325014371;-1.41579641433721;4;3;14.8397706395275;11.9134450306854;10.6147202006425
24;Mie;2017;4;201704;2017-04-01;3;8;11;-0.887303195000903;;2;485145;51987;15459;0.147;-0.891570294570933;-0.142297801040385;-0.0752861837003588;-0.042922340846723;-0.0157924148874103;4;3;13.0922030943094;10.8587489663084;9.64594663699633
25;Shiga;2017;4;201704;2017-04-01;1;5;6;-1.29928298413026;;1.7;375866;33006;8598;0.122;-1.30766102368803;-0.445302272837843;-0.763929787106401;-0.987556838002587;-1.2226924144131;4;3;12.8369879758738;10.4044446421035;9.05928489705623
26;Kyoto;2017;4;201704;2017-04-01;6;20;26;-1.14862270924277;;2.7;736930;79840;21198;0.141;0.0793080733689514;0.354026763423964;0.57504752428752;0.465438291871697;-0.305448414773577;4;3;13.5102481870134;11.2877799109853;9.9616621165872
27;Osaka;2017;4;201704;2017-04-01;21;56;77;-0.966187703018778;;3.3;3494543;241968;50456;0.132;0.911489531603137;2.20194177717721;2.2557597737828;1.8617832348978;-0.739932414602825;4;3;15.0667131668744;12.3965607649905;10.8288569483435
28;Hyogo;2017;4;201704;2017-04-01;10;22;32;-0.762140052046897;;2.9;1366752;136819;38007;0.139;0.356701892780346;1.08739126696094;1.39152012370755;1.40556712761465;-0.402000414735631;4;3;14.1279476800816;11.8264141634153;10.5455256322702
29;Nara;2017;4;201704;2017-04-01;2;11;13;-1.52605630349505;;2.4;237022;38385;11093;0.148;-0.336782655748142;-0.992719768434742;-0.535075224436823;-0.577306154446253;0.0324835850936174;4;3;12.3759082428133;10.555422037262;9.31406955773866
30;Wakayama;2017;4;201704;2017-04-01;3;2;5;0.336472236621213;;1.8;237579;34170;9361;0.166;-1.16896411398233;-0.989933009631769;-0.711393430185111;-0.850654795235624;0.901451584752117;4;3;12.3782554787262;10.4391033451093;9.14430740137174
31;Tottori;2017;4;201704;2017-04-01;4;9;13;-0.747214401830221;;2;160202;19607;6183;0.163;-0.891570294570933;-1.45778679975858;-1.55337298879501;-1.51847705825804;0.756623584809034;4;3;11.984190797933;9.88364192431542;8.72955886955857
32;Shimane;2017;4;201704;2017-04-01;4;3;7;0.251314428280906;;1.4;202691;25383;7950;0.181;-1.72375175280512;-1.17848934398066;-1.16199884251394;-1.11372728937655;1.62559158446753;4;3;12.2194379308624;10.1418349375926;8.98092720764838
33;Okayama;2017;4;201704;2017-04-01;3;13;16;-1.34992671694902;;2.6;586091;59580;16529;0.152;-0.0593888363367464;0.0821250430618964;0.131359894479273;0.064839444596342;0.225587585017729;4;3;13.2812303466053;10.9950752262673;9.71287169291735
34;Hiroshima;2017;4;201704;2017-04-01;2;13;15;-1.68639895357023;;2.5;984388;75793;21511;0.142;-0.198085746042444;0.697768321443643;0.496196548127251;0.489039744907605;-0.257172414792549;4;3;13.7997754072581;11.2357612190811;9.9763197111858
35;Yamaguchi;2017;4;201704;2017-04-01;3;8;11;-0.887303195000903;;2.1;398740;43488;12792;0.172;-0.752873384865235;-0.375163174174598;-0.345873173484889;-0.347845482221803;1.19110758463828;4;3;12.8960648543968;10.6802403169509;9.45657525451379
36;Tokushima;2017;4;201704;2017-04-01;2;8;10;-1.22377543162212;;2.2;199060;26261;8271;0.168;-0.614176475159537;-1.19995053123827;-1.11045294171809;-1.04999050622443;0.998003584714173;4;3;12.2013615658001;10.1758402278629;9.02051069969191
37;Kagawa;2017;4;201704;2017-04-01;1;5;6;-1.29928298413026;;2.6;317790;30021;9191;0.157;-0.0593888363367464;-0.644572792077248;-0.90761774437892;-0.880165282004136;0.466967584922867;4;3;12.6691460662587;10.3096524157586;9.12598002335811
38;Ehime;2017;4;201704;2017-04-01;5;7;12;-0.31015492830384;;2.3;398734;45848;11944;0.165;-0.47547956545384;-0.37518103935285;-0.265767329673038;-0.458289611040474;0.853175584771089;4;3;12.8960498068843;10.7330868562316;9.38798433921903
39;Kochi;2017;4;201704;2017-04-01;1;9;10;-1.84582669049833;;3.3;194599;25666;8132;0.181;0.911489531603137;-1.22685988485185;-1.14519218738914;-1.07728078313822;1.62559158446753;4;3;12.1786963099747;10.1529224378044;9.00356217474824
40;Fukuoka;2017;4;201704;2017-04-01;6;28;34;-1.47810191037301;;3.4;1650736;124718;36941;0.133;1.05018644130883;1.31152546018421;1.25114958501701;1.3597600615443;-0.691656414621798;4;3;14.3167318070274;11.7338104676826;10.5170773243126
41;Saga;2017;4;201704;2017-04-01;1;7;8;-1.6094379124341;;2.7;231975;20910;6811;0.152;0.0793080733689514;-1.0182734007408;-1.45584381088722;-1.36271513700219;0.225587585017729;4;3;12.3543848862214;9.94798279242268;8.82629423124132
42;Nagasaki;2017;4;201704;2017-04-01;0;7;7;-2.70805020110221;;3;363518;42622;11915;0.164;0.495398802486044;-0.484961074626512;-0.376363114769573;-0.462203892095606;0.804899584790062;4;3;12.8035840932992;10.6601258308773;9.38555338953284
43;Kumamoto;2017;4;201704;2017-04-01;3;11;14;-1.18958406687384;;3.1;467299;55543;15647;0.16;0.634095712191742;-0.186794204135398;0.0250062433770054;-0.0234586588235783;0.611795584865951;4;3;13.0547245887333;10.9249127745263;9.65803448430206
44;Oita;2017;4;201704;2017-04-01;1;8;9;-1.73460105538811;;3;328824;33479;9938;0.166;0.495398802486044;-0.60404969111547;-0.742361163189209;-0.754343662288691;0.901451584752117;4;3;12.7032779322011;10.4186736555791;9.20412107216227
45;Miyazaki;2017;4;201704;2017-04-01;1;8;9;-1.73460105538811;;2.3;290942;32633;9377;0.163;-0.47547956545384;-0.749367724442719;-0.781157562200643;-0.847904983982794;0.756623584809034;4;3;12.5808792135734;10.3930793252937;9.14601516141962
46;Kagoshima;2017;4;201704;2017-04-01;5;11;16;-0.737598943130779;;3;446864;52927;16460;0.166;0.495398802486044;-0.239882158613332;-0.0481228122399319;0.0581036845983862;0.901451584752117;4;3;13.0100095767428;10.8766688846136;9.70868847423106
47;Okinawa;2017;4;201704;2017-04-01;2;14;16;-1.75785791755237;;4;398350;33962;8765;0.106;1.88236789954302;-0.376324970282109;-0.720648744865897;-0.956581851219334;-1.99510841410955;4;3;12.8950862948085;10.4329975315062;9.07852179735533